id,last slot date range,current slot date range,number of nodes in last slot,number of nodes in current slot,active nodes,number of edges in last slot,number of edges in current slot,active edges
1->2,2008-01-01 - 2008-01-08,2008-01-04 - 2008-01-11,896,974,801,3765,4579,2789
2->3,2008-01-04 - 2008-01-11,2008-01-07 - 2008-01-14,974,995,843,4579,4847,3103
3->4,2008-01-07 - 2008-01-14,2008-01-10 - 2008-01-17,995,982,848,4847,4543,3020
4->5,2008-01-10 - 2008-01-17,2008-01-13 - 2008-01-20,982,945,807,4543,4244,2760
5->6,2008-01-13 - 2008-01-20,2008-01-16 - 2008-01-23,945,941,807,4244,4203,2775
6->7,2008-01-16 - 2008-01-23,2008-01-19 - 2008-01-26,941,980,787,4203,4178,2529
7->8,2008-01-19 - 2008-01-26,2008-01-22 - 2008-01-29,980,1032,864,4178,4385,2876
8->9,2008-01-22 - 2008-01-29,2008-01-25 - 2008-02-01,1032,1055,878,4385,4979,2862
9->10,2008-01-25 - 2008-02-01,2008-01-28 - 2008-02-04,1055,1067,893,4979,5396,3528
10->11,2008-01-28 - 2008-02-04,2008-01-31 - 2008-02-07,1067,1022,885,5396,5119,3381
11->12,2008-01-31 - 2008-02-07,2008-02-03 - 2008-02-10,1022,1008,857,5119,4787,3171
12->13,2008-02-03 - 2008-02-10,2008-02-06 - 2008-02-13,1008,1003,865,4787,4708,3077
13->14,2008-02-06 - 2008-02-13,2008-02-09 - 2008-02-16,1003,989,835,4708,4494,2928
14->15,2008-02-09 - 2008-02-16,2008-02-12 - 2008-02-19,989,986,843,4494,4432,2979
15->16,2008-02-12 - 2008-02-19,2008-02-15 - 2008-02-22,986,987,824,4432,4383,2723
16->17,2008-02-15 - 2008-02-22,2008-02-18 - 2008-02-25,987,986,836,4383,4359,2927
17->18,2008-02-18 - 2008-02-25,2008-02-21 - 2008-02-28,986,984,837,4359,4338,2779
18->19,2008-02-21 - 2008-02-28,2008-02-24 - 2008-03-02,984,1016,815,4338,4255,2771
19->20,2008-02-24 - 2008-03-02,2008-02-27 - 2008-03-05,1016,1013,872,4255,4179,2710
20->21,2008-02-27 - 2008-03-05,2008-03-01 - 2008-03-08,1013,957,811,4179,4046,2540
21->22,2008-03-01 - 2008-03-08,2008-03-04 - 2008-03-11,957,928,811,4046,3892,2610
22->23,2008-03-04 - 2008-03-11,2008-03-07 - 2008-03-14,928,954,783,3892,4181,2445
23->24,2008-03-07 - 2008-03-14,2008-03-10 - 2008-03-17,954,977,829,4181,4508,2844
24->25,2008-03-10 - 2008-03-17,2008-03-13 - 2008-03-20,977,1055,845,4508,5054,3024
25->26,2008-03-13 - 2008-03-20,2008-03-16 - 2008-03-23,1055,1099,920,5054,5017,3399
26->27,2008-03-16 - 2008-03-23,2008-03-19 - 2008-03-26,1099,1020,897,5017,4274,3032
27->28,2008-03-19 - 2008-03-26,2008-03-22 - 2008-03-29,1020,943,777,4274,3976,2298
28->29,2008-03-22 - 2008-03-29,2008-03-25 - 2008-04-01,943,991,834,3976,4519,2919
29->30,2008-03-25 - 2008-04-01,2008-03-28 - 2008-04-04,991,994,823,4519,4478,2783
30->31,2008-03-28 - 2008-04-04,2008-03-31 - 2008-04-07,994,970,842,4478,4190,2874
31->32,2008-03-31 - 2008-04-07,2008-04-03 - 2008-04-10,970,960,803,4190,4116,2517
32->33,2008-04-03 - 2008-04-10,2008-04-06 - 2008-04-13,960,954,812,4116,4186,2626
33->34,2008-04-06 - 2008-04-13,2008-04-09 - 2008-04-16,954,993,815,4186,4519,2753
34->35,2008-04-09 - 2008-04-16,2008-04-12 - 2008-04-19,993,1065,853,4519,4952,2995
35->36,2008-04-12 - 2008-04-19,2008-04-15 - 2008-04-22,1065,1063,928,4952,4609,3280
36->37,2008-04-15 - 2008-04-22,2008-04-18 - 2008-04-25,1063,1015,863,4609,4340,2715
37->38,2008-04-18 - 2008-04-25,2008-04-21 - 2008-04-28,1015,965,833,4340,3862,2642
38->39,2008-04-21 - 2008-04-28,2008-04-24 - 2008-05-01,965,962,795,3862,3975,2337
39->40,2008-04-24 - 2008-05-01,2008-04-27 - 2008-05-04,962,959,806,3975,4097,2568
40->41,2008-04-27 - 2008-05-04,2008-04-30 - 2008-05-07,959,1014,813,4097,4393,2702
41->42,2008-04-30 - 2008-05-07,2008-05-03 - 2008-05-10,1014,1056,854,4393,4629,2739
42->43,2008-05-03 - 2008-05-10,2008-05-06 - 2008-05-13,1056,1086,917,4629,4829,3205
43->44,2008-05-06 - 2008-05-13,2008-05-09 - 2008-05-16,1086,1093,899,4829,5015,3007
44->45,2008-05-09 - 2008-05-16,2008-05-12 - 2008-05-19,1093,1080,939,5015,4954,3464
45->46,2008-05-12 - 2008-05-19,2008-05-15 - 2008-05-22,1080,1062,895,4954,4681,2939
46->47,2008-05-15 - 2008-05-22,2008-05-18 - 2008-05-25,1062,1065,902,4681,4583,3029
47->48,2008-05-18 - 2008-05-25,2008-05-21 - 2008-05-28,1065,1070,900,4583,4598,2963
48->49,2008-05-21 - 2008-05-28,2008-05-24 - 2008-05-31,1070,1050,892,4598,4431,2774
49->50,2008-05-24 - 2008-05-31,2008-05-27 - 2008-06-03,1050,1031,880,4431,4304,2957
50->51,2008-05-27 - 2008-06-03,2008-05-30 - 2008-06-06,1031,1087,861,4304,4532,2562
51->52,2008-05-30 - 2008-06-06,2008-06-02 - 2008-06-09,1087,1068,941,4532,4678,3150
52->53,2008-06-02 - 2008-06-09,2008-06-05 - 2008-06-12,1068,1118,909,4678,4786,2911
53->54,2008-06-05 - 2008-06-12,2008-06-08 - 2008-06-15,1118,1084,954,4786,4645,3051
54->55,2008-06-08 - 2008-06-15,2008-06-11 - 2008-06-18,1084,1062,901,4645,4615,2987
55->56,2008-06-11 - 2008-06-18,2008-06-14 - 2008-06-21,1062,1073,878,4615,4771,2767
56->57,2008-06-14 - 2008-06-21,2008-06-17 - 2008-06-24,1073,1069,919,4771,4989,3256
57->58,2008-06-17 - 2008-06-24,2008-06-20 - 2008-06-27,1069,1136,905,4989,5298,3012
58->59,2008-06-20 - 2008-06-27,2008-06-23 - 2008-06-30,1136,1144,979,5298,5248,3721
59->60,2008-06-23 - 2008-06-30,2008-06-26 - 2008-07-03,1144,1095,934,5248,4779,2974
60->61,2008-06-26 - 2008-07-03,2008-06-29 - 2008-07-06,1095,1088,905,4779,4686,3048
61->62,2008-06-29 - 2008-07-06,2008-07-02 - 2008-07-09,1088,1084,916,4686,4698,2898
62->63,2008-07-02 - 2008-07-09,2008-07-05 - 2008-07-12,1084,1087,882,4698,4616,2729
63->64,2008-07-05 - 2008-07-12,2008-07-08 - 2008-07-15,1087,1153,948,4616,4721,3190
64->65,2008-07-08 - 2008-07-15,2008-07-11 - 2008-07-18,1153,1121,947,4721,4704,2728
65->66,2008-07-11 - 2008-07-18,2008-07-14 - 2008-07-21,1121,1111,946,4704,5105,3261
66->67,2008-07-14 - 2008-07-21,2008-07-17 - 2008-07-24,1111,1119,919,5105,5428,3275
67->68,2008-07-17 - 2008-07-24,2008-07-20 - 2008-07-27,1119,1092,935,5428,5103,3372
68->69,2008-07-20 - 2008-07-27,2008-07-23 - 2008-07-30,1092,1080,926,5103,4669,3299
69->70,2008-07-23 - 2008-07-30,2008-07-26 - 2008-08-02,1080,1060,840,4669,4527,2441
70->71,2008-07-26 - 2008-08-02,2008-07-29 - 2008-08-05,1060,1099,925,4527,4853,3290
71->72,2008-07-29 - 2008-08-05,2008-08-01 - 2008-08-08,1099,1041,893,4853,4581,2812
72->73,2008-08-01 - 2008-08-08,2008-08-04 - 2008-08-11,1041,1049,874,4581,4764,2988
73->74,2008-08-04 - 2008-08-11,2008-08-07 - 2008-08-14,1049,1090,877,4764,5426,2998
74->75,2008-08-07 - 2008-08-14,2008-08-10 - 2008-08-17,1090,1054,896,5426,5381,3662
75->76,2008-08-10 - 2008-08-17,2008-08-13 - 2008-08-20,1054,1018,867,5381,4679,3311
76->77,2008-08-13 - 2008-08-20,2008-08-16 - 2008-08-23,1018,1030,842,4679,4237,2525
77->78,2008-08-16 - 2008-08-23,2008-08-19 - 2008-08-26,1030,1041,873,4237,4198,2770
78->79,2008-08-19 - 2008-08-26,2008-08-22 - 2008-08-29,1041,1085,869,4198,4346,2658
79->80,2008-08-22 - 2008-08-29,2008-08-25 - 2008-09-01,1085,1062,916,4346,4315,2911
80->81,2008-08-25 - 2008-09-01,2008-08-28 - 2008-09-04,1062,1022,863,4315,4129,2546
81->82,2008-08-28 - 2008-09-04,2008-08-31 - 2008-09-07,1022,1012,837,4129,4245,2639
82->83,2008-08-31 - 2008-09-07,2008-09-03 - 2008-09-10,1012,1087,869,4245,4714,2743
83->84,2008-09-03 - 2008-09-10,2008-09-06 - 2008-09-13,1087,1060,913,4714,4294,3042
84->85,2008-09-06 - 2008-09-13,2008-09-09 - 2008-09-16,1060,1027,884,4294,4065,2670
85->86,2008-09-09 - 2008-09-16,2008-09-12 - 2008-09-19,1027,1028,834,4065,4209,2434
86->87,2008-09-12 - 2008-09-19,2008-09-15 - 2008-09-22,1028,1082,902,4209,4754,3056
87->88,2008-09-15 - 2008-09-22,2008-09-18 - 2008-09-25,1082,1080,892,4754,4714,3020
88->89,2008-09-18 - 2008-09-25,2008-09-21 - 2008-09-28,1080,1040,894,4714,4333,2863
89->90,2008-09-21 - 2008-09-28,2008-09-24 - 2008-10-01,1040,1045,869,4333,4300,2760
90->91,2008-09-24 - 2008-10-01,2008-09-27 - 2008-10-04,1045,992,842,4300,4219,2604
91->92,2008-09-27 - 2008-10-04,2008-09-30 - 2008-10-07,992,1017,858,4219,4089,2854
92->93,2008-09-30 - 2008-10-07,2008-10-03 - 2008-10-10,1017,1011,848,4089,4036,2478
93->94,2008-10-03 - 2008-10-10,2008-10-06 - 2008-10-13,1011,978,858,4036,4005,2652
94->95,2008-10-06 - 2008-10-13,2008-10-09 - 2008-10-16,978,1034,816,4005,4352,2428
95->96,2008-10-09 - 2008-10-16,2008-10-12 - 2008-10-19,1034,1083,899,4352,4592,2997
96->97,2008-10-12 - 2008-10-19,2008-10-15 - 2008-10-22,1083,1108,943,4592,4845,3129
97->98,2008-10-15 - 2008-10-22,2008-10-18 - 2008-10-25,1108,1119,919,4845,4787,2915
98->99,2008-10-18 - 2008-10-25,2008-10-21 - 2008-10-28,1119,1084,955,4787,4709,3262
99->100,2008-10-21 - 2008-10-28,2008-10-24 - 2008-10-31,1084,1082,901,4709,4496,2891
100->101,2008-10-24 - 2008-10-31,2008-10-27 - 2008-11-03,1082,1051,918,4496,4007,2867
101->102,2008-10-27 - 2008-11-03,2008-10-30 - 2008-11-06,1051,1052,869,4007,4131,2382
102->103,2008-10-30 - 2008-11-06,2008-11-02 - 2008-11-09,1052,1052,897,4131,4221,2838
103->104,2008-11-02 - 2008-11-09,2008-11-05 - 2008-11-12,1052,1058,887,4221,4539,2776
104->105,2008-11-05 - 2008-11-12,2008-11-08 - 2008-11-15,1058,1047,868,4539,4716,2970
105->106,2008-11-08 - 2008-11-15,2008-11-11 - 2008-11-18,1047,1048,898,4716,4591,3094
106->107,2008-11-11 - 2008-11-18,2008-11-14 - 2008-11-21,1048,1110,883,4591,4690,2877
107->108,2008-11-14 - 2008-11-21,2008-11-17 - 2008-11-24,1110,1094,973,4690,4694,3155
108->109,2008-11-17 - 2008-11-24,2008-11-20 - 2008-11-27,1094,1100,917,4694,4827,2957
109->110,2008-11-20 - 2008-11-27,2008-11-23 - 2008-11-30,1100,1132,962,4827,4903,3205
110->111,2008-11-23 - 2008-11-30,2008-11-26 - 2008-12-03,1132,1093,928,4903,4628,2993
111->112,2008-11-26 - 2008-12-03,2008-11-29 - 2008-12-06,1093,1108,921,4628,4835,2957
112->113,2008-11-29 - 2008-12-06,2008-12-02 - 2008-12-09,1108,1110,959,4835,5214,3335
113->114,2008-12-02 - 2008-12-09,2008-12-05 - 2008-12-12,1110,1137,957,5214,5330,3364
114->115,2008-12-05 - 2008-12-12,2008-12-08 - 2008-12-15,1137,1125,992,5330,5181,3583
115->116,2008-12-08 - 2008-12-15,2008-12-11 - 2008-12-18,1125,1107,945,5181,4803,3171
116->117,2008-12-11 - 2008-12-18,2008-12-14 - 2008-12-21,1107,1075,921,4803,4394,3038
117->118,2008-12-14 - 2008-12-21,2008-12-17 - 2008-12-24,1075,978,849,4394,3492,2590
118->119,2008-12-17 - 2008-12-24,2008-12-20 - 2008-12-27,978,823,717,3492,2687,1905
119->120,2008-12-20 - 2008-12-27,2008-12-23 - 2008-12-30,823,776,635,2687,2484,1541
120->121,2008-12-23 - 2008-12-30,2008-12-26 - 2009-01-02,776,704,602,2484,2335,1504
121->122,2008-12-26 - 2009-01-02,2008-12-29 - 2009-01-05,704,673,548,2335,2307,1446
122->123,2008-12-29 - 2009-01-05,2009-01-01 - 2009-01-08,673,746,565,2307,2457,1428
123->124,2009-01-01 - 2009-01-08,2009-01-04 - 2009-01-11,746,761,616,2457,2683,1654
124->125,2009-01-04 - 2009-01-11,2009-01-07 - 2009-01-14,761,848,663,2683,3039,1816
125->126,2009-01-07 - 2009-01-14,2009-01-10 - 2009-01-17,848,879,733,3039,3382,2076
126->127,2009-01-10 - 2009-01-17,2009-01-13 - 2009-01-20,879,873,737,3382,3282,2288
127->128,2009-01-13 - 2009-01-20,2009-01-16 - 2009-01-23,873,870,716,3282,3288,1911
128->129,2009-01-16 - 2009-01-23,2009-01-19 - 2009-01-26,870,881,747,3288,3383,2370
129->130,2009-01-19 - 2009-01-26,2009-01-22 - 2009-01-29,881,918,737,3383,3432,2109
130->131,2009-01-22 - 2009-01-29,2009-01-25 - 2009-02-01,918,929,786,3432,3669,2258
131->132,2009-01-25 - 2009-02-01,2009-01-28 - 2009-02-04,929,925,778,3669,4036,2510
132->133,2009-01-28 - 2009-02-04,2009-01-31 - 2009-02-07,925,916,761,4036,4155,2676
133->134,2009-01-31 - 2009-02-07,2009-02-03 - 2009-02-10,916,949,788,4155,4301,2709
134->135,2009-02-03 - 2009-02-10,2009-02-06 - 2009-02-13,949,992,814,4301,4623,2882
135->136,2009-02-06 - 2009-02-13,2009-02-09 - 2009-02-16,992,999,881,4623,4579,3163
136->137,2009-02-09 - 2009-02-16,2009-02-12 - 2009-02-19,999,990,833,4579,4639,2843
137->138,2009-02-12 - 2009-02-19,2009-02-15 - 2009-02-22,990,1016,843,4639,4581,3108
138->139,2009-02-15 - 2009-02-22,2009-02-18 - 2009-02-25,1016,1020,886,4581,4410,2921
139->140,2009-02-18 - 2009-02-25,2009-02-21 - 2009-02-28,1020,1005,842,4410,4190,2710
140->141,2009-02-21 - 2009-02-28,2009-02-24 - 2009-03-03,1005,977,840,4190,4094,2756
141->142,2009-02-24 - 2009-03-03,2009-02-27 - 2009-03-06,977,980,817,4094,4092,2570
142->143,2009-02-27 - 2009-03-06,2009-03-02 - 2009-03-09,980,1005,843,4092,4076,2812
143->144,2009-03-02 - 2009-03-09,2009-03-05 - 2009-03-12,1005,977,851,4076,4008,2544
144->145,2009-03-05 - 2009-03-12,2009-03-08 - 2009-03-15,977,933,798,4008,3930,2654
145->146,2009-03-08 - 2009-03-15,2009-03-11 - 2009-03-18,933,901,764,3930,3738,2592
146->147,2009-03-11 - 2009-03-18,2009-03-14 - 2009-03-21,901,928,759,3738,3731,2208
147->148,2009-03-14 - 2009-03-21,2009-03-17 - 2009-03-24,928,962,828,3731,4000,2804
148->149,2009-03-17 - 2009-03-24,2009-03-20 - 2009-03-27,962,923,773,4000,3779,2421
149->150,2009-03-20 - 2009-03-27,2009-03-23 - 2009-03-30,923,911,777,3779,3657,2509
150->151,2009-03-23 - 2009-03-30,2009-03-26 - 2009-04-02,911,859,742,3657,3131,2234
151->152,2009-03-26 - 2009-04-02,2009-03-29 - 2009-04-05,859,839,678,3131,3360,1826
152->153,2009-03-29 - 2009-04-05,2009-04-01 - 2009-04-08,839,865,730,3360,3759,2527
153->154,2009-04-01 - 2009-04-08,2009-04-04 - 2009-04-11,865,884,739,3759,3680,2393
154->155,2009-04-04 - 2009-04-11,2009-04-07 - 2009-04-14,884,797,722,3680,2819,2328
155->156,2009-04-07 - 2009-04-14,2009-04-10 - 2009-04-17,797,770,625,2819,2594,1359
156->157,2009-04-10 - 2009-04-17,2009-04-13 - 2009-04-20,770,794,649,2594,2987,1801
157->158,2009-04-13 - 2009-04-20,2009-04-16 - 2009-04-23,794,818,697,2987,3152,2186
158->159,2009-04-16 - 2009-04-23,2009-04-19 - 2009-04-26,818,767,659,3152,2856,1856
159->160,2009-04-19 - 2009-04-26,2009-04-22 - 2009-04-29,767,782,621,2856,3085,1749
160->161,2009-04-22 - 2009-04-29,2009-04-25 - 2009-05-02,782,791,658,3085,3665,2127
161->162,2009-04-25 - 2009-05-02,2009-04-28 - 2009-05-05,791,799,684,3665,3829,2692
162->163,2009-04-28 - 2009-05-05,2009-05-01 - 2009-05-08,799,789,645,3829,3793,2225
163->164,2009-05-01 - 2009-05-08,2009-05-04 - 2009-05-11,789,820,675,3793,4070,2673
164->165,2009-05-04 - 2009-05-11,2009-05-07 - 2009-05-14,820,813,690,4070,4252,2705
165->166,2009-05-07 - 2009-05-14,2009-05-10 - 2009-05-17,813,907,696,4252,4525,2726
166->167,2009-05-10 - 2009-05-17,2009-05-13 - 2009-05-20,907,932,782,4525,4806,3127
167->168,2009-05-13 - 2009-05-20,2009-05-16 - 2009-05-23,932,1012,768,4806,5179,2966
168->169,2009-05-16 - 2009-05-23,2009-05-19 - 2009-05-26,1012,1161,887,5179,6343,3705
169->170,2009-05-19 - 2009-05-26,2009-05-22 - 2009-05-29,1161,1250,1032,6343,7221,4659
170->171,2009-05-22 - 2009-05-29,2009-05-25 - 2009-06-01,1250,1193,1039,7221,6972,4902
171->172,2009-05-25 - 2009-06-01,2009-05-28 - 2009-06-04,1193,1135,937,6972,6803,4030
172->173,2009-05-28 - 2009-06-04,2009-05-31 - 2009-06-07,1135,1129,950,6803,6857,4548
173->174,2009-05-31 - 2009-06-07,2009-06-03 - 2009-06-10,1129,1139,941,6857,7254,4390
174->175,2009-06-03 - 2009-06-10,2009-06-06 - 2009-06-13,1139,1119,934,7254,7070,4666
175->176,2009-06-06 - 2009-06-13,2009-06-09 - 2009-06-16,1119,1091,943,7070,6786,4699
176->177,2009-06-09 - 2009-06-16,2009-06-12 - 2009-06-19,1091,1092,873,6786,6481,3968
177->178,2009-06-12 - 2009-06-19,2009-06-15 - 2009-06-22,1092,1111,935,6481,6421,4243
178->179,2009-06-15 - 2009-06-22,2009-06-18 - 2009-06-25,1111,1122,918,6421,6427,4047
179->180,2009-06-18 - 2009-06-25,2009-06-21 - 2009-06-28,1122,1127,963,6427,6446,4310
180->181,2009-06-21 - 2009-06-28,2009-06-24 - 2009-07-01,1127,1047,930,6446,5861,4015
181->182,2009-06-24 - 2009-07-01,2009-06-27 - 2009-07-04,1047,988,839,5861,5484,3506
182->183,2009-06-27 - 2009-07-04,2009-06-30 - 2009-07-07,988,975,829,5484,5446,3657
183->184,2009-06-30 - 2009-07-07,2009-07-03 - 2009-07-10,975,1005,795,5446,5761,3405
184->185,2009-07-03 - 2009-07-10,2009-07-06 - 2009-07-13,1005,1036,870,5761,6196,4042
185->186,2009-07-06 - 2009-07-13,2009-07-09 - 2009-07-16,1036,1069,854,6196,6546,3891
186->187,2009-07-09 - 2009-07-16,2009-07-12 - 2009-07-19,1069,1071,925,6546,6426,4322
187->188,2009-07-12 - 2009-07-19,2009-07-15 - 2009-07-22,1071,1032,874,6426,6674,3981
188->189,2009-07-15 - 2009-07-22,2009-07-18 - 2009-07-25,1032,1034,849,6674,6905,4339
189->190,2009-07-18 - 2009-07-25,2009-07-21 - 2009-07-28,1034,1087,926,6905,6668,4843
190->191,2009-07-21 - 2009-07-28,2009-07-24 - 2009-07-31,1087,1042,886,6668,6153,3672
191->192,2009-07-24 - 2009-07-31,2009-07-27 - 2009-08-03,1042,1036,883,6153,6458,4318
192->193,2009-07-27 - 2009-08-03,2009-07-30 - 2009-08-06,1036,1008,843,6458,6248,3864
193->194,2009-07-30 - 2009-08-06,2009-08-02 - 2009-08-09,1008,1000,840,6248,6307,3996
194->195,2009-08-02 - 2009-08-09,2009-08-05 - 2009-08-12,1000,998,838,6307,5993,4012
195->196,2009-08-05 - 2009-08-12,2009-08-08 - 2009-08-15,998,980,808,5993,5814,3549
196->197,2009-08-08 - 2009-08-15,2009-08-11 - 2009-08-18,980,984,840,5814,5904,3978
197->198,2009-08-11 - 2009-08-18,2009-08-14 - 2009-08-21,984,989,818,5904,6004,3774
198->199,2009-08-14 - 2009-08-21,2009-08-17 - 2009-08-24,989,951,817,6004,5842,3819
199->200,2009-08-17 - 2009-08-24,2009-08-20 - 2009-08-27,951,981,784,5842,6475,3773
200->201,2009-08-20 - 2009-08-27,2009-08-23 - 2009-08-30,981,1038,854,6475,6845,4489
201->202,2009-08-23 - 2009-08-30,2009-08-26 - 2009-09-02,1038,1033,885,6845,6934,4530
202->203,2009-08-26 - 2009-09-02,2009-08-29 - 2009-09-05,1033,1007,843,6934,6693,4342
203->204,2009-08-29 - 2009-09-05,2009-09-01 - 2009-09-08,1007,967,838,6693,6366,4404
204->205,2009-09-01 - 2009-09-08,2009-09-04 - 2009-09-11,967,1005,817,6366,6727,3946
205->206,2009-09-04 - 2009-09-11,2009-09-07 - 2009-09-14,1005,993,854,6727,6677,4600
206->207,2009-09-07 - 2009-09-14,2009-09-10 - 2009-09-17,993,1044,847,6677,7056,4330
207->208,2009-09-10 - 2009-09-17,2009-09-13 - 2009-09-20,1044,1035,893,7056,6999,4808
208->209,2009-09-13 - 2009-09-20,2009-09-16 - 2009-09-23,1035,1019,871,6999,6585,4454
209->210,2009-09-16 - 2009-09-23,2009-09-19 - 2009-09-26,1019,1030,826,6585,6502,3961
210->211,2009-09-19 - 2009-09-26,2009-09-22 - 2009-09-29,1030,1083,923,6502,6864,4481
211->212,2009-09-22 - 2009-09-29,2009-09-25 - 2009-10-02,1083,1253,918,6864,7902,4397
212->213,2009-09-25 - 2009-10-02,2009-09-28 - 2009-10-05,1253,1293,1120,7902,8929,5906
213->214,2009-09-28 - 2009-10-05,2009-10-01 - 2009-10-08,1293,1246,1034,8929,9496,5782
214->215,2009-10-01 - 2009-10-08,2009-10-04 - 2009-10-11,1246,1318,1075,9496,9651,6295
215->216,2009-10-04 - 2009-10-11,2009-10-07 - 2009-10-14,1318,1395,1155,9651,10149,6459
216->217,2009-10-07 - 2009-10-14,2009-10-10 - 2009-10-17,1395,1370,1144,10149,9407,6468
217->218,2009-10-10 - 2009-10-17,2009-10-13 - 2009-10-20,1370,1337,1166,9407,8532,5886
218->219,2009-10-13 - 2009-10-20,2009-10-16 - 2009-10-23,1337,1334,1093,8532,8489,5133
219->220,2009-10-16 - 2009-10-23,2009-10-19 - 2009-10-26,1334,1339,1148,8489,8783,5817
220->221,2009-10-19 - 2009-10-26,2009-10-22 - 2009-10-29,1339,1330,1121,8783,9123,5666
221->222,2009-10-22 - 2009-10-29,2009-10-25 - 2009-11-01,1330,1313,1123,9123,9173,6106
222->223,2009-10-25 - 2009-11-01,2009-10-28 - 2009-11-04,1313,1258,1110,9173,8453,5931
223->224,2009-10-28 - 2009-11-04,2009-10-31 - 2009-11-07,1258,1201,1018,8453,7888,4843
224->225,2009-10-31 - 2009-11-07,2009-11-03 - 2009-11-10,1201,1234,1047,7888,8242,5466
225->226,2009-11-03 - 2009-11-10,2009-11-06 - 2009-11-13,1234,1266,1061,8242,8263,5230
226->227,2009-11-06 - 2009-11-13,2009-11-09 - 2009-11-16,1266,1284,1098,8263,8537,5567
227->228,2009-11-09 - 2009-11-16,2009-11-12 - 2009-11-19,1284,1284,1075,8537,8590,5456
228->229,2009-11-12 - 2009-11-19,2009-11-15 - 2009-11-22,1284,1252,1100,8590,8268,5532
229->230,2009-11-15 - 2009-11-22,2009-11-18 - 2009-11-25,1252,1242,1049,8268,8216,5194
230->231,2009-11-18 - 2009-11-25,2009-11-21 - 2009-11-28,1242,1220,1030,8216,8561,5266
231->232,2009-11-21 - 2009-11-28,2009-11-24 - 2009-12-01,1220,1198,1034,8561,8394,5854
232->233,2009-11-24 - 2009-12-01,2009-11-27 - 2009-12-04,1198,1143,968,8394,7918,5063
233->234,2009-11-27 - 2009-12-04,2009-11-30 - 2009-12-07,1143,1178,979,7918,8005,5317
234->235,2009-11-30 - 2009-12-07,2009-12-03 - 2009-12-10,1178,1198,978,8005,7882,4903
235->236,2009-12-03 - 2009-12-10,2009-12-06 - 2009-12-13,1198,1201,1027,7882,8106,5294
236->237,2009-12-06 - 2009-12-13,2009-12-09 - 2009-12-16,1201,1205,1027,8106,7976,5363
237->238,2009-12-09 - 2009-12-16,2009-12-12 - 2009-12-19,1205,1213,1025,7976,7786,5171
238->239,2009-12-12 - 2009-12-19,2009-12-15 - 2009-12-22,1213,1208,1044,7786,7682,5118
239->240,2009-12-15 - 2009-12-22,2009-12-18 - 2009-12-25,1208,1187,1012,7682,7205,4922
240->241,2009-12-18 - 2009-12-25,2009-12-21 - 2009-12-28,1187,1036,934,7205,5862,4502
241->242,2009-12-21 - 2009-12-28,2009-12-24 - 2009-12-31,1036,1026,797,5862,6028,2982
242->243,2009-12-24 - 2009-12-31,2009-12-27 - 2010-01-03,1026,1058,906,6028,6878,4655
243->244,2009-12-27 - 2010-01-03,2009-12-30 - 2010-01-06,1058,1100,908,6878,7219,4554
244->245,2009-12-30 - 2010-01-06,2010-01-02 - 2010-01-09,1100,1185,951,7219,7989,4860
245->246,2010-01-02 - 2010-01-09,2010-01-05 - 2010-01-12,1185,1276,1060,7989,8725,5637
246->247,2010-01-05 - 2010-01-12,2010-01-08 - 2010-01-15,1276,1283,1105,8725,8565,5732
247->248,2010-01-08 - 2010-01-15,2010-01-11 - 2010-01-18,1283,1298,1103,8565,8737,5658
248->249,2010-01-11 - 2010-01-18,2010-01-14 - 2010-01-21,1298,1357,1111,8737,9325,5726
249->250,2010-01-14 - 2010-01-21,2010-01-17 - 2010-01-24,1357,1384,1182,9325,10026,6512
250->251,2010-01-17 - 2010-01-24,2010-01-20 - 2010-01-27,1384,1354,1176,10026,10068,6739
251->252,2010-01-20 - 2010-01-27,2010-01-23 - 2010-01-30,1354,1388,1158,10068,10223,6427
252->253,2010-01-23 - 2010-01-30,2010-01-26 - 2010-02-02,1388,1384,1213,10223,9896,6834
253->254,2010-01-26 - 2010-02-02,2010-01-29 - 2010-02-05,1384,1366,1169,9896,9746,6208
254->255,2010-01-29 - 2010-02-05,2010-02-01 - 2010-02-08,1366,1354,1167,9746,9854,6590
255->256,2010-02-01 - 2010-02-08,2010-02-04 - 2010-02-11,1354,1322,1117,9854,9602,6357
256->257,2010-02-04 - 2010-02-11,2010-02-07 - 2010-02-14,1322,1341,1134,9602,9763,6358
257->258,2010-02-07 - 2010-02-14,2010-02-10 - 2010-02-17,1341,1330,1137,9763,9986,6366
258->259,2010-02-10 - 2010-02-17,2010-02-13 - 2010-02-20,1330,1275,1096,9986,9933,6641
259->260,2010-02-13 - 2010-02-20,2010-02-16 - 2010-02-23,1275,1261,1083,9933,9337,6400
260->261,2010-02-16 - 2010-02-23,2010-02-19 - 2010-02-26,1261,1273,1077,9337,9177,5764
261->262,2010-02-19 - 2010-02-26,2010-02-22 - 2010-03-01,1273,1285,1105,9177,9227,6273
262->263,2010-02-22 - 2010-03-01,2010-02-25 - 2010-03-04,1285,1315,1092,9227,9444,5851
263->264,2010-02-25 - 2010-03-04,2010-02-28 - 2010-03-07,1315,1339,1140,9444,9629,6358
264->265,2010-02-28 - 2010-03-07,2010-03-03 - 2010-03-10,1339,1367,1163,9629,10049,6297
265->266,2010-03-03 - 2010-03-10,2010-03-06 - 2010-03-13,1367,1305,1156,10049,9454,6626
266->267,2010-03-06 - 2010-03-13,2010-03-09 - 2010-03-16,1305,1278,1099,9454,8877,5964
267->268,2010-03-09 - 2010-03-16,2010-03-12 - 2010-03-19,1278,1246,1049,8877,8197,5293
268->269,2010-03-12 - 2010-03-19,2010-03-15 - 2010-03-22,1246,1279,1070,8197,8466,5494
269->270,2010-03-15 - 2010-03-22,2010-03-18 - 2010-03-25,1279,1281,1088,8466,8593,5409
270->271,2010-03-18 - 2010-03-25,2010-03-21 - 2010-03-28,1281,1241,1071,8593,9057,5809
271->272,2010-03-21 - 2010-03-28,2010-03-24 - 2010-03-31,1241,1224,1052,9057,8908,5916
272->273,2010-03-24 - 2010-03-31,2010-03-27 - 2010-04-03,1224,1213,1033,8908,8378,5693
273->274,2010-03-27 - 2010-04-03,2010-03-30 - 2010-04-06,1213,1154,1029,8378,6982,5217
274->275,2010-03-30 - 2010-04-06,2010-04-02 - 2010-04-09,1154,1117,934,6982,6475,3853
275->276,2010-04-02 - 2010-04-09,2010-04-05 - 2010-04-12,1117,1534,999,6475,10087,4466
276->277,2010-04-05 - 2010-04-12,2010-04-08 - 2010-04-15,1534,2067,1427,10087,16632,7878
277->278,2010-04-08 - 2010-04-15,2010-04-11 - 2010-04-18,2067,2295,1892,16632,20649,13126
278->279,2010-04-11 - 2010-04-18,2010-04-14 - 2010-04-21,2295,2300,1924,20649,19903,13266
279->280,2010-04-14 - 2010-04-21,2010-04-17 - 2010-04-24,2300,2151,1826,19903,17483,11322
280->281,2010-04-17 - 2010-04-24,2010-04-20 - 2010-04-27,2151,2104,1790,17483,17164,10988
281->282,2010-04-20 - 2010-04-27,2010-04-23 - 2010-04-30,2104,2150,1779,17164,18674,11147
282->283,2010-04-23 - 2010-04-30,2010-04-26 - 2010-05-03,2150,2202,1904,18674,18809,12746
283->284,2010-04-26 - 2010-05-03,2010-04-29 - 2010-05-06,2202,2160,1830,18809,18583,11492
284->285,2010-04-29 - 2010-05-06,2010-05-02 - 2010-05-09,2160,2177,1833,18583,19060,11733
285->286,2010-05-02 - 2010-05-09,2010-05-05 - 2010-05-12,2177,2255,1916,19060,19831,12946
286->287,2010-05-05 - 2010-05-12,2010-05-08 - 2010-05-15,2255,2367,1893,19831,19800,11877
287->288,2010-05-08 - 2010-05-15,2010-05-11 - 2010-05-18,2367,2523,2087,19800,20848,13186
288->289,2010-05-11 - 2010-05-18,2010-05-14 - 2010-05-21,2523,2464,2162,20848,20320,13388
289->290,2010-05-14 - 2010-05-21,2010-05-17 - 2010-05-24,2464,2252,1983,20320,18389,12580
290->291,2010-05-17 - 2010-05-24,2010-05-20 - 2010-05-27,2252,2158,1837,18389,16689,10587
291->292,2010-05-20 - 2010-05-27,2010-05-23 - 2010-05-30,2158,2229,1881,16689,17220,10613
292->293,2010-05-23 - 2010-05-30,2010-05-26 - 2010-06-02,2229,2242,1908,17220,18157,11326
293->294,2010-05-26 - 2010-06-02,2010-05-29 - 2010-06-05,2242,2280,1887,18157,18238,11331
294->295,2010-05-29 - 2010-06-05,2010-06-01 - 2010-06-08,2280,2265,1967,18238,17929,12292
295->296,2010-06-01 - 2010-06-08,2010-06-04 - 2010-06-11,2265,2221,1906,17929,16700,10205
296->297,2010-06-04 - 2010-06-11,2010-06-07 - 2010-06-14,2221,2202,1887,16700,16753,10962
297->298,2010-06-07 - 2010-06-14,2010-06-10 - 2010-06-17,2202,2209,1874,16753,17450,10550
298->299,2010-06-10 - 2010-06-17,2010-06-13 - 2010-06-20,2209,2170,1887,17450,16722,11756
299->300,2010-06-13 - 2010-06-20,2010-06-16 - 2010-06-23,2170,2201,1832,16722,16402,9929
300->301,2010-06-16 - 2010-06-23,2010-06-19 - 2010-06-26,2201,2184,1836,16402,16278,9691
301->302,2010-06-19 - 2010-06-26,2010-06-22 - 2010-06-29,2184,2240,1915,16278,17803,11455
302->303,2010-06-22 - 2010-06-29,2010-06-25 - 2010-07-02,2240,2277,1868,17803,18760,10967
303->304,2010-06-25 - 2010-07-02,2010-06-28 - 2010-07-05,2277,2246,1978,18760,18123,13101
304->305,2010-06-28 - 2010-07-05,2010-07-01 - 2010-07-08,2246,2407,1954,18123,19760,11012
305->306,2010-07-01 - 2010-07-08,2010-07-04 - 2010-07-11,2407,2248,2007,19760,18972,12997
306->307,2010-07-04 - 2010-07-11,2010-07-07 - 2010-07-14,2248,2106,1814,18972,17384,11007
307->308,2010-07-07 - 2010-07-14,2010-07-10 - 2010-07-17,2106,2112,1751,17384,17863,10768
308->309,2010-07-10 - 2010-07-17,2010-07-13 - 2010-07-20,2112,2095,1807,17863,17189,11837
309->310,2010-07-13 - 2010-07-20,2010-07-16 - 2010-07-23,2095,2037,1722,17189,16274,10039
310->311,2010-07-16 - 2010-07-23,2010-07-19 - 2010-07-26,2037,1990,1717,16274,16344,10650
311->312,2010-07-19 - 2010-07-26,2010-07-22 - 2010-07-29,1990,1979,1656,16344,15579,9991
312->313,2010-07-22 - 2010-07-29,2010-07-25 - 2010-08-01,1979,1938,1652,15579,14835,9605
313->314,2010-07-25 - 2010-08-01,2010-07-28 - 2010-08-04,1938,1968,1628,14835,15332,9028
314->315,2010-07-28 - 2010-08-04,2010-07-31 - 2010-08-07,1968,2089,1689,15332,16711,10106
315->316,2010-07-31 - 2010-08-07,2010-08-03 - 2010-08-10,2089,2156,1819,16711,18789,11780
316->317,2010-08-03 - 2010-08-10,2010-08-06 - 2010-08-13,2156,2188,1837,18789,18756,12015
317->318,2010-08-06 - 2010-08-13,2010-08-09 - 2010-08-16,2188,2088,1858,18756,16855,11462
318->319,2010-08-09 - 2010-08-16,2010-08-12 - 2010-08-19,2088,1983,1697,16855,15519,10174
319->320,2010-08-12 - 2010-08-19,2010-08-15 - 2010-08-22,1983,1833,1606,15519,13678,9187
320->321,2010-08-15 - 2010-08-22,2010-08-18 - 2010-08-25,1833,1785,1485,13678,12822,7818
321->322,2010-08-18 - 2010-08-25,2010-08-21 - 2010-08-28,1785,1786,1499,12822,13057,8123
322->323,2010-08-21 - 2010-08-28,2010-08-24 - 2010-08-31,1786,1803,1553,13057,13031,8544
323->324,2010-08-24 - 2010-08-31,2010-08-27 - 2010-09-03,1803,1953,1522,13031,14694,7837
324->325,2010-08-27 - 2010-09-03,2010-08-30 - 2010-09-06,1953,2089,1750,14694,16454,10882
325->326,2010-08-30 - 2010-09-06,2010-09-02 - 2010-09-09,2089,2111,1789,16454,16024,10095
326->327,2010-09-02 - 2010-09-09,2010-09-05 - 2010-09-12,2111,2103,1815,16024,16266,10470
327->328,2010-09-05 - 2010-09-12,2010-09-08 - 2010-09-15,2103,2031,1788,16266,15227,10235
328->329,2010-09-08 - 2010-09-15,2010-09-11 - 2010-09-18,2031,2032,1675,15227,15362,9089
329->330,2010-09-11 - 2010-09-18,2010-09-14 - 2010-09-21,2032,1993,1754,15362,14682,10179
330->331,2010-09-14 - 2010-09-21,2010-09-17 - 2010-09-24,1993,1904,1644,14682,14315,8936
331->332,2010-09-17 - 2010-09-24,2010-09-20 - 2010-09-27,1904,1879,1595,14315,14127,9128
332->333,2010-09-20 - 2010-09-27,2010-09-23 - 2010-09-30,1879,1967,1632,14127,14467,8914
333->334,2010-09-23 - 2010-09-30,2010-09-26 - 2010-10-03,1967,1981,1686,14467,14237,9116
334->335,2010-09-26 - 2010-10-03,2010-09-29 - 2010-10-06,1981,1985,1713,14237,14139,9336
335->336,2010-09-29 - 2010-10-06,2010-10-02 - 2010-10-09,1985,1920,1636,14139,13427,8364
336->337,2010-10-02 - 2010-10-09,2010-10-05 - 2010-10-12,1920,1924,1630,13427,13853,8543
337->338,2010-10-05 - 2010-10-12,2010-10-08 - 2010-10-15,1924,2050,1661,13853,16534,9013
338->339,2010-10-08 - 2010-10-15,2010-10-11 - 2010-10-18,2050,2089,1809,16534,17358,11730
339->340,2010-10-11 - 2010-10-18,2010-10-14 - 2010-10-21,2089,2252,1779,17358,19303,10381
340->341,2010-10-14 - 2010-10-21,2010-10-17 - 2010-10-24,2252,2325,2022,19303,20857,13713
341->342,2010-10-17 - 2010-10-24,2010-10-20 - 2010-10-27,2325,2273,1979,20857,19034,13016
342->343,2010-10-20 - 2010-10-27,2010-10-23 - 2010-10-30,2273,2116,1839,19034,17512,10534
343->344,2010-10-23 - 2010-10-30,2010-10-26 - 2010-11-02,2116,2074,1840,17512,17166,12062
344->345,2010-10-26 - 2010-11-02,2010-10-29 - 2010-11-05,2074,2014,1697,17166,16431,9709
345->346,2010-10-29 - 2010-11-05,2010-11-01 - 2010-11-08,2014,2156,1769,16431,18049,11134
346->347,2010-11-01 - 2010-11-08,2010-11-04 - 2010-11-11,2156,2236,1899,18049,18330,11764
347->348,2010-11-04 - 2010-11-11,2010-11-07 - 2010-11-14,2236,2269,1894,18330,18447,11276
348->349,2010-11-07 - 2010-11-14,2010-11-10 - 2010-11-17,2269,2306,1976,18447,19279,12268
349->350,2010-11-10 - 2010-11-17,2010-11-13 - 2010-11-20,2306,2171,1914,19279,18404,11762
350->351,2010-11-13 - 2010-11-20,2010-11-16 - 2010-11-23,2171,2036,1812,18404,16568,11468
351->352,2010-11-16 - 2010-11-23,2010-11-19 - 2010-11-26,2036,2105,1695,16568,16957,9854
352->353,2010-11-19 - 2010-11-26,2010-11-22 - 2010-11-29,2105,2183,1896,16957,16895,11672
353->354,2010-11-22 - 2010-11-29,2010-11-25 - 2010-12-02,2183,2095,1817,16895,15070,9845
354->355,2010-11-25 - 2010-12-02,2010-11-28 - 2010-12-05,2095,1977,1701,15070,13669,8915
355->356,2010-11-28 - 2010-12-05,2010-12-01 - 2010-12-08,1977,1967,1673,13669,13807,8563
356->357,2010-12-01 - 2010-12-08,2010-12-04 - 2010-12-11,1967,1962,1643,13807,14418,8310
357->358,2010-12-04 - 2010-12-11,2010-12-07 - 2010-12-14,1962,2022,1717,14418,16136,10288
358->359,2010-12-07 - 2010-12-14,2010-12-10 - 2010-12-17,2022,2018,1703,16136,16507,10271
359->360,2010-12-10 - 2010-12-17,2010-12-13 - 2010-12-20,2018,2074,1765,16507,16129,10638
360->361,2010-12-13 - 2010-12-20,2010-12-16 - 2010-12-23,2074,2048,1749,16129,15510,9874
361->362,2010-12-16 - 2010-12-23,2010-12-19 - 2010-12-26,2048,1918,1717,15510,12767,9208
362->363,2010-12-19 - 2010-12-26,2010-12-22 - 2010-12-29,1918,1791,1541,12767,11410,7324
363->364,2010-12-22 - 2010-12-29,2010-12-25 - 2011-01-01,1791,1781,1460,11410,12087,6312
364->365,2010-12-25 - 2011-01-01,2010-12-28 - 2011-01-04,1781,1889,1562,12087,13697,9076
365->366,2010-12-28 - 2011-01-04,2010-12-31 - 2011-01-07,1889,1920,1609,13697,13948,8244
366->367,2010-12-31 - 2011-01-07,2011-01-03 - 2011-01-10,1920,2001,1661,13948,15376,9561
367->368,2011-01-03 - 2011-01-10,2011-01-06 - 2011-01-13,2001,2136,1747,15376,16735,9981
368->369,2011-01-06 - 2011-01-13,2011-01-09 - 2011-01-16,2136,2354,1891,16735,19062,11075
369->370,2011-01-09 - 2011-01-16,2011-01-12 - 2011-01-19,2354,2740,2103,19062,21477,13300
370->371,2011-01-12 - 2011-01-19,2011-01-15 - 2011-01-22,2740,2737,2404,21477,21018,13151
371->372,2011-01-15 - 2011-01-22,2011-01-18 - 2011-01-25,2737,2450,2144,21018,19619,13379
372->373,2011-01-18 - 2011-01-25,2011-01-21 - 2011-01-28,2450,2319,2002,19619,17814,11332
373->374,2011-01-21 - 2011-01-28,2011-01-24 - 2011-01-31,2319,2261,1959,17814,16973,11150
374->375,2011-01-24 - 2011-01-31,2011-01-27 - 2011-02-03,2261,2211,1911,16973,16059,10449
375->376,2011-01-27 - 2011-02-03,2011-01-30 - 2011-02-06,2211,2154,1870,16059,15229,9908
376->377,2011-01-30 - 2011-02-06,2011-02-02 - 2011-02-09,2154,2215,1829,15229,15073,9472
377->378,2011-02-02 - 2011-02-09,2011-02-05 - 2011-02-12,2215,2236,1897,15073,15496,9306
378->379,2011-02-05 - 2011-02-12,2011-02-08 - 2011-02-15,2236,2203,1883,15496,15291,10436
379->380,2011-02-08 - 2011-02-15,2011-02-11 - 2011-02-18,2203,2102,1815,15291,14299,8931
380->381,2011-02-11 - 2011-02-18,2011-02-14 - 2011-02-21,2102,2578,1783,14299,15959,9125
381->382,2011-02-14 - 2011-02-21,2011-02-17 - 2011-02-24,2578,2719,2271,15959,16329,10679
382->383,2011-02-17 - 2011-02-24,2011-02-20 - 2011-02-27,2719,2554,2198,16329,16038,10177
383->384,2011-02-20 - 2011-02-27,2011-02-23 - 2011-03-02,2554,2398,1979,16038,16407,10118
384->385,2011-02-23 - 2011-03-02,2011-02-26 - 2011-03-05,2398,2350,1976,16407,16776,10189
385->386,2011-02-26 - 2011-03-05,2011-03-01 - 2011-03-08,2350,2353,2016,16776,16695,10976
386->387,2011-03-01 - 2011-03-08,2011-03-04 - 2011-03-11,2353,2263,1923,16695,16289,10280
387->388,2011-03-04 - 2011-03-11,2011-03-07 - 2011-03-14,2263,2251,1923,16289,15631,10375
388->389,2011-03-07 - 2011-03-14,2011-03-10 - 2011-03-17,2251,2250,1883,15631,15563,9330
389->390,2011-03-10 - 2011-03-17,2011-03-13 - 2011-03-20,2250,2291,1893,15563,16270,9835
390->391,2011-03-13 - 2011-03-20,2011-03-16 - 2011-03-23,2291,2366,2002,16270,17192,10688
391->392,2011-03-16 - 2011-03-23,2011-03-19 - 2011-03-26,2366,2372,1984,17192,18005,10629
392->393,2011-03-19 - 2011-03-26,2011-03-22 - 2011-03-29,2372,2326,2018,18005,17637,12051
393->394,2011-03-22 - 2011-03-29,2011-03-25 - 2011-04-01,2326,2275,1923,17637,16193,10094
394->395,2011-03-25 - 2011-04-01,2011-03-28 - 2011-04-04,2275,2271,1927,16193,16113,10107
395->396,2011-03-28 - 2011-04-04,2011-03-31 - 2011-04-07,2271,2312,1923,16113,17097,10384
396->397,2011-03-31 - 2011-04-07,2011-04-03 - 2011-04-10,2312,2332,1963,17097,17614,10855
397->398,2011-04-03 - 2011-04-10,2011-04-06 - 2011-04-13,2332,2433,2005,17614,19736,11207
398->399,2011-04-06 - 2011-04-13,2011-04-09 - 2011-04-16,2433,2549,2139,19736,21452,13546
399->400,2011-04-09 - 2011-04-16,2011-04-12 - 2011-04-19,2549,2499,2152,21452,18689,13366
400->401,2011-04-12 - 2011-04-19,2011-04-15 - 2011-04-22,2499,2260,2002,18689,15331,9841
401->402,2011-04-15 - 2011-04-22,2011-04-18 - 2011-04-25,2260,2147,1864,15331,13590,9321
402->403,2011-04-18 - 2011-04-25,2011-04-21 - 2011-04-28,2147,2007,1683,13590,12662,7696
403->404,2011-04-21 - 2011-04-28,2011-04-24 - 2011-05-01,2007,1949,1635,12662,12938,7830
404->405,2011-04-24 - 2011-05-01,2011-04-27 - 2011-05-04,1949,2034,1674,12938,13815,8448
405->406,2011-04-27 - 2011-05-04,2011-04-30 - 2011-05-07,2034,2091,1708,13815,14327,8498
406->407,2011-04-30 - 2011-05-07,2011-05-03 - 2011-05-10,2091,2075,1796,14327,14762,9650
407->408,2011-05-03 - 2011-05-10,2011-05-06 - 2011-05-13,2075,2015,1695,14762,14282,8952
408->409,2011-05-06 - 2011-05-13,2011-05-09 - 2011-05-16,2015,2005,1688,14282,13473,8942
409->410,2011-05-09 - 2011-05-16,2011-05-12 - 2011-05-19,2005,2037,1701,13473,13498,8012
410->411,2011-05-12 - 2011-05-19,2011-05-15 - 2011-05-22,2037,2062,1725,13498,14130,8934
411->412,2011-05-15 - 2011-05-22,2011-05-18 - 2011-05-25,2062,2078,1754,14130,14233,9095
412->413,2011-05-18 - 2011-05-25,2011-05-21 - 2011-05-28,2078,2030,1740,14233,13961,8752
413->414,2011-05-21 - 2011-05-28,2011-05-24 - 2011-05-31,2030,1985,1685,13961,13655,9000
414->415,2011-05-24 - 2011-05-31,2011-05-27 - 2011-06-03,1985,2032,1676,13655,14024,8512
415->416,2011-05-27 - 2011-06-03,2011-05-30 - 2011-06-06,2032,2050,1730,14024,14166,9129
416->417,2011-05-30 - 2011-06-06,2011-06-02 - 2011-06-09,2050,2062,1736,14166,13851,8875
417->418,2011-06-02 - 2011-06-09,2011-06-05 - 2011-06-12,2062,2062,1722,13851,14093,8795
418->419,2011-06-05 - 2011-06-12,2011-06-08 - 2011-06-15,2062,2133,1763,14093,14872,9096
419->420,2011-06-08 - 2011-06-15,2011-06-11 - 2011-06-18,2133,2121,1811,14872,15231,9897
420->421,2011-06-11 - 2011-06-18,2011-06-14 - 2011-06-21,2121,2013,1739,15231,14323,9345
421->422,2011-06-14 - 2011-06-21,2011-06-17 - 2011-06-24,2013,2012,1667,14323,14803,8914
422->423,2011-06-17 - 2011-06-24,2011-06-20 - 2011-06-27,2012,2006,1731,14803,14873,9750
423->424,2011-06-20 - 2011-06-27,2011-06-23 - 2011-06-30,2006,1976,1663,14873,14747,8988
424->425,2011-06-23 - 2011-06-30,2011-06-26 - 2011-07-03,1976,2050,1676,14747,15721,9695
425->426,2011-06-26 - 2011-07-03,2011-06-29 - 2011-07-06,2050,2101,1747,15721,15921,10177
426->427,2011-06-29 - 2011-07-06,2011-07-02 - 2011-07-09,2101,2081,1761,15921,15886,9744
427->428,2011-07-02 - 2011-07-09,2011-07-05 - 2011-07-12,2081,1953,1711,15886,14846,10237
428->429,2011-07-05 - 2011-07-12,2011-07-08 - 2011-07-15,1953,1906,1584,14846,14500,8733
429->430,2011-07-08 - 2011-07-15,2011-07-11 - 2011-07-18,1906,1951,1645,14500,14759,9777
430->431,2011-07-11 - 2011-07-18,2011-07-14 - 2011-07-21,1951,1957,1620,14759,14698,9156
431->432,2011-07-14 - 2011-07-21,2011-07-17 - 2011-07-24,1957,2032,1660,14698,15124,9495
432->433,2011-07-17 - 2011-07-24,2011-07-20 - 2011-07-27,2032,2048,1712,15124,15548,9680
433->434,2011-07-20 - 2011-07-27,2011-07-23 - 2011-07-30,2048,2071,1734,15548,15620,9979
434->435,2011-07-23 - 2011-07-30,2011-07-26 - 2011-08-02,2071,2073,1709,15620,16194,9913
435->436,2011-07-26 - 2011-08-02,2011-07-29 - 2011-08-05,2073,2117,1751,16194,16696,10465
436->437,2011-07-29 - 2011-08-05,2011-08-01 - 2011-08-08,2117,2072,1766,16696,16624,10859
437->438,2011-08-01 - 2011-08-08,2011-08-04 - 2011-08-11,2072,2048,1694,16624,16907,10130
438->439,2011-08-04 - 2011-08-11,2011-08-07 - 2011-08-14,2048,2036,1714,16907,17274,11237
439->440,2011-08-07 - 2011-08-14,2011-08-10 - 2011-08-17,2036,2017,1720,17274,15878,10455
440->441,2011-08-10 - 2011-08-17,2011-08-13 - 2011-08-20,2017,1986,1647,15878,15233,9312
441->442,2011-08-13 - 2011-08-20,2011-08-16 - 2011-08-23,1986,2013,1702,15233,15519,10130
442->443,2011-08-16 - 2011-08-23,2011-08-19 - 2011-08-26,2013,2131,1732,15519,16086,9407
443->444,2011-08-19 - 2011-08-26,2011-08-22 - 2011-08-29,2131,2117,1804,16086,16702,10856
444->445,2011-08-22 - 2011-08-29,2011-08-25 - 2011-09-01,2117,2120,1759,16702,17185,10170
445->446,2011-08-25 - 2011-09-01,2011-08-28 - 2011-09-04,2120,2189,1806,17185,18245,11705
446->447,2011-08-28 - 2011-09-04,2011-08-31 - 2011-09-07,2189,2171,1847,18245,17560,11265
447->448,2011-08-31 - 2011-09-07,2011-09-03 - 2011-09-10,2171,2187,1833,17560,18119,10807
448->449,2011-09-03 - 2011-09-10,2011-09-06 - 2011-09-13,2187,2213,1919,18119,18011,11992
449->450,2011-09-06 - 2011-09-13,2011-09-09 - 2011-09-16,2213,2236,1869,18011,17996,10855
450->451,2011-09-09 - 2011-09-16,2011-09-12 - 2011-09-19,2236,2240,1919,17996,17346,11874
451->452,2011-09-12 - 2011-09-19,2011-09-15 - 2011-09-22,2240,2254,1873,17346,16419,10180
452->453,2011-09-15 - 2011-09-22,2011-09-18 - 2011-09-25,2254,2281,1913,16419,17247,10538
453->454,2011-09-18 - 2011-09-25,2011-09-21 - 2011-09-28,2281,2301,1943,17247,17742,11084
454->455,2011-09-21 - 2011-09-28,2011-09-24 - 2011-10-01,2301,2308,1948,17742,17964,10947
455->456,2011-09-24 - 2011-10-01,2011-09-27 - 2011-10-04,2308,2401,2007,17964,18184,11663
456->457,2011-09-27 - 2011-10-04,2011-09-30 - 2011-10-07,2401,2567,2049,18184,20577,11158
457->458,2011-09-30 - 2011-10-07,2011-10-03 - 2011-10-10,2567,2624,2253,20577,20797,14465
458->459,2011-10-03 - 2011-10-10,2011-10-06 - 2011-10-13,2624,2744,2203,20797,22002,12086
459->460,2011-10-06 - 2011-10-13,2011-10-09 - 2011-10-16,2744,2649,2328,22002,20663,14533
460->461,2011-10-09 - 2011-10-16,2011-10-12 - 2011-10-19,2649,2400,2113,20663,17270,11674
461->462,2011-10-12 - 2011-10-19,2011-10-15 - 2011-10-22,2400,2236,1906,17270,15808,9676
462->463,2011-10-15 - 2011-10-22,2011-10-18 - 2011-10-25,2236,2169,1880,15808,15652,10577
463->464,2011-10-18 - 2011-10-25,2011-10-21 - 2011-10-28,2169,2110,1773,15652,14942,9261
464->465,2011-10-21 - 2011-10-28,2011-10-24 - 2011-10-31,2110,2116,1786,14942,14799,9721
465->466,2011-10-24 - 2011-10-31,2011-10-27 - 2011-11-03,2116,2086,1737,14799,14991,8824
466->467,2011-10-27 - 2011-11-03,2011-10-30 - 2011-11-06,2086,2148,1767,14991,16129,9764
467->468,2011-10-30 - 2011-11-06,2011-11-02 - 2011-11-09,2148,2209,1840,16129,16816,10816
468->469,2011-11-02 - 2011-11-09,2011-11-05 - 2011-11-12,2209,2288,1886,16816,17320,10359
469->470,2011-11-05 - 2011-11-12,2011-11-08 - 2011-11-15,2288,2337,1949,17320,18987,11233
470->471,2011-11-08 - 2011-11-15,2011-11-11 - 2011-11-18,2337,2326,1976,18987,18901,12301
471->472,2011-11-11 - 2011-11-18,2011-11-14 - 2011-11-21,2326,2235,1939,18901,16948,11408
472->473,2011-11-14 - 2011-11-21,2011-11-17 - 2011-11-24,2235,2122,1811,16948,15778,10058
473->474,2011-11-17 - 2011-11-24,2011-11-20 - 2011-11-27,2122,2073,1785,15778,15194,10066
474->475,2011-11-20 - 2011-11-27,2011-11-23 - 2011-11-30,2073,2052,1737,15194,14443,9399
475->476,2011-11-23 - 2011-11-30,2011-11-26 - 2011-12-03,2052,2039,1711,14443,14386,8627
476->477,2011-11-26 - 2011-12-03,2011-11-29 - 2011-12-06,2039,2064,1752,14386,14693,9945
477->478,2011-11-29 - 2011-12-06,2011-12-02 - 2011-12-09,2064,1994,1694,14693,13605,8767
478->479,2011-12-02 - 2011-12-09,2011-12-05 - 2011-12-12,1994,2015,1701,13605,14079,8782
479->480,2011-12-05 - 2011-12-12,2011-12-08 - 2011-12-15,2015,2121,1703,14079,15454,8835
480->481,2011-12-08 - 2011-12-15,2011-12-11 - 2011-12-18,2121,2137,1847,15454,15819,10792
481->482,2011-12-11 - 2011-12-18,2011-12-14 - 2011-12-21,2137,2058,1758,15819,14612,9238
482->483,2011-12-14 - 2011-12-21,2011-12-17 - 2011-12-24,2058,1957,1693,14612,13373,9024
483->484,2011-12-17 - 2011-12-24,2011-12-20 - 2011-12-27,1957,1819,1596,13373,10800,7930
484->485,2011-12-20 - 2011-12-27,2011-12-23 - 2011-12-30,1819,1830,1466,10800,11405,6108
485->486,2011-12-23 - 2011-12-30,2011-12-26 - 2012-01-02,1830,1918,1572,11405,12743,8170
486->487,2011-12-26 - 2012-01-02,2011-12-29 - 2012-01-05,1918,2018,1645,12743,14069,8162
487->488,2011-12-29 - 2012-01-05,2012-01-01 - 2012-01-08,2018,2141,1723,14069,16275,9262
488->489,2012-01-01 - 2012-01-08,2012-01-04 - 2012-01-11,2141,2313,1869,16275,18156,11308
489->490,2012-01-04 - 2012-01-11,2012-01-07 - 2012-01-14,2313,2352,1988,18156,18003,11752
490->491,2012-01-07 - 2012-01-14,2012-01-10 - 2012-01-17,2352,2301,1972,18003,17125,11175
491->492,2012-01-10 - 2012-01-17,2012-01-13 - 2012-01-20,2301,2310,1928,17125,18119,10999
492->493,2012-01-13 - 2012-01-20,2012-01-16 - 2012-01-23,2310,2290,1975,18119,18247,12293
493->494,2012-01-16 - 2012-01-23,2012-01-19 - 2012-01-26,2290,2284,1921,18247,17869,11235
494->495,2012-01-19 - 2012-01-26,2012-01-22 - 2012-01-29,2284,2301,1971,17869,17297,11392
495->496,2012-01-22 - 2012-01-29,2012-01-25 - 2012-02-01,2301,2230,1927,17297,16077,10853
496->497,2012-01-25 - 2012-02-01,2012-01-28 - 2012-02-04,2230,2150,1816,16077,15555,9510
497->498,2012-01-28 - 2012-02-04,2012-01-31 - 2012-02-07,2150,2191,1839,15555,15848,10278
498->499,2012-01-31 - 2012-02-07,2012-02-03 - 2012-02-10,2191,2244,1866,15848,16303,9918
499->500,2012-02-03 - 2012-02-10,2012-02-06 - 2012-02-13,2244,2297,1932,16303,16475,10486
500->501,2012-02-06 - 2012-02-13,2012-02-09 - 2012-02-16,2297,2283,1932,16475,17412,10788
501->502,2012-02-09 - 2012-02-16,2012-02-12 - 2012-02-19,2283,2243,1919,17412,16892,11297
502->503,2012-02-12 - 2012-02-19,2012-02-15 - 2012-02-22,2243,2290,1886,16892,17151,10331
503->504,2012-02-15 - 2012-02-22,2012-02-18 - 2012-02-25,2290,2241,1913,17151,17177,11258
504->505,2012-02-18 - 2012-02-25,2012-02-21 - 2012-02-28,2241,2253,1908,17177,16773,10758
505->506,2012-02-21 - 2012-02-28,2012-02-24 - 2012-03-02,2253,2220,1895,16773,16798,10603
506->507,2012-02-24 - 2012-03-02,2012-02-27 - 2012-03-05,2220,2206,1866,16798,16994,11001
507->508,2012-02-27 - 2012-03-05,2012-03-01 - 2012-03-08,2206,2177,1871,16994,16481,10689
508->509,2012-03-01 - 2012-03-08,2012-03-04 - 2012-03-11,2177,2148,1843,16481,15734,10639
509->510,2012-03-04 - 2012-03-11,2012-03-07 - 2012-03-14,2148,2144,1792,15734,15550,9496
510->511,2012-03-07 - 2012-03-14,2012-03-10 - 2012-03-17,2144,2119,1796,15550,15996,10036
511->512,2012-03-10 - 2012-03-17,2012-03-13 - 2012-03-20,2119,2113,1803,15996,16734,10614
512->513,2012-03-13 - 2012-03-20,2012-03-16 - 2012-03-23,2113,2139,1780,16734,17360,10908
513->514,2012-03-16 - 2012-03-23,2012-03-19 - 2012-03-26,2139,2095,1826,17360,17041,11478
514->515,2012-03-19 - 2012-03-26,2012-03-22 - 2012-03-29,2095,2151,1782,17041,17164,10715
515->516,2012-03-22 - 2012-03-29,2012-03-25 - 2012-04-01,2151,2217,1834,17164,17683,10804
516->517,2012-03-25 - 2012-04-01,2012-03-28 - 2012-04-04,2217,2280,1926,17683,17148,11974
517->518,2012-03-28 - 2012-04-04,2012-03-31 - 2012-04-07,2280,2162,1886,17148,14829,9853
518->519,2012-03-31 - 2012-04-07,2012-04-03 - 2012-04-10,2162,1946,1671,14829,12688,8533
519->520,2012-04-03 - 2012-04-10,2012-04-06 - 2012-04-13,1946,1999,1613,12688,13675,7602
520->521,2012-04-06 - 2012-04-13,2012-04-09 - 2012-04-16,1999,2082,1722,13675,15145,9424
521->522,2012-04-09 - 2012-04-16,2012-04-12 - 2012-04-19,2082,2117,1774,15145,15324,9358
522->523,2012-04-12 - 2012-04-19,2012-04-15 - 2012-04-22,2117,2064,1779,15324,16046,10095
523->524,2012-04-15 - 2012-04-22,2012-04-18 - 2012-04-25,2064,2028,1746,16046,16008,10435
524->525,2012-04-18 - 2012-04-25,2012-04-21 - 2012-04-28,2028,1943,1679,16008,14441,9838
525->526,2012-04-21 - 2012-04-28,2012-04-24 - 2012-05-01,1943,1849,1611,14441,12097,8575
526->527,2012-04-24 - 2012-05-01,2012-04-27 - 2012-05-04,1849,1687,1440,12097,10556,6684
527->528,2012-04-27 - 2012-05-04,2012-04-30 - 2012-05-07,1687,1722,1393,10556,11171,6636
528->529,2012-04-30 - 2012-05-07,2012-05-03 - 2012-05-10,1722,1783,1492,11171,12023,7824
529->530,2012-05-03 - 2012-05-10,2012-05-06 - 2012-05-13,1783,1772,1446,12023,12550,7314
530->531,2012-05-06 - 2012-05-13,2012-05-09 - 2012-05-16,1772,1824,1491,12550,13752,8442
531->532,2012-05-09 - 2012-05-16,2012-05-12 - 2012-05-19,1824,1873,1570,13752,14623,9407
532->533,2012-05-12 - 2012-05-19,2012-05-15 - 2012-05-22,1873,1777,1565,14623,12939,9222
533->534,2012-05-15 - 2012-05-22,2012-05-18 - 2012-05-25,1777,1689,1443,12939,12031,7396
534->535,2012-05-18 - 2012-05-25,2012-05-21 - 2012-05-28,1689,1729,1431,12031,12353,7842
535->536,2012-05-21 - 2012-05-28,2012-05-24 - 2012-05-31,1729,1872,1469,12353,13545,8038
536->537,2012-05-24 - 2012-05-31,2012-05-27 - 2012-06-03,1872,1883,1612,13545,12900,8906
537->538,2012-05-27 - 2012-06-03,2012-05-30 - 2012-06-06,1883,1803,1533,12900,11886,7621
538->539,2012-05-30 - 2012-06-06,2012-06-02 - 2012-06-09,1803,1775,1452,11886,12439,7287
539->540,2012-06-02 - 2012-06-09,2012-06-05 - 2012-06-12,1775,1757,1503,12439,12511,8519
540->541,2012-06-05 - 2012-06-12,2012-06-08 - 2012-06-15,1757,1702,1418,12511,11820,7276
541->542,2012-06-08 - 2012-06-15,2012-06-11 - 2012-06-18,1702,1738,1441,11820,12093,7538
542->543,2012-06-11 - 2012-06-18,2012-06-14 - 2012-06-21,1738,1741,1468,12093,11691,7745
543->544,2012-06-14 - 2012-06-21,2012-06-17 - 2012-06-24,1741,1719,1464,11691,10724,7112
544->545,2012-06-17 - 2012-06-24,2012-06-20 - 2012-06-27,1719,1712,1418,10724,10773,6414
545->546,2012-06-20 - 2012-06-27,2012-06-23 - 2012-06-30,1712,1689,1422,10773,11038,6964
546->547,2012-06-23 - 2012-06-30,2012-06-26 - 2012-07-03,1689,1699,1445,11038,10693,7338
547->548,2012-06-26 - 2012-07-03,2012-06-29 - 2012-07-06,1699,1649,1367,10693,9742,6103
548->549,2012-06-29 - 2012-07-06,2012-07-02 - 2012-07-09,1649,1616,1400,9742,9883,6367
549->550,2012-07-02 - 2012-07-09,2012-07-05 - 2012-07-12,1616,1561,1283,9883,10203,6152
550->551,2012-07-05 - 2012-07-12,2012-07-08 - 2012-07-15,1561,1567,1321,10203,10071,6640
551->552,2012-07-08 - 2012-07-15,2012-07-11 - 2012-07-18,1567,1567,1298,10071,10175,6220
552->553,2012-07-11 - 2012-07-18,2012-07-14 - 2012-07-21,1567,1571,1308,10175,10357,6492
553->554,2012-07-14 - 2012-07-21,2012-07-17 - 2012-07-24,1571,1511,1284,10357,10288,6697
554->555,2012-07-17 - 2012-07-24,2012-07-20 - 2012-07-27,1511,1461,1233,10288,9925,6429
555->556,2012-07-20 - 2012-07-27,2012-07-23 - 2012-07-30,1461,1424,1212,9925,9784,6340
556->557,2012-07-23 - 2012-07-30,2012-07-26 - 2012-08-02,1424,1504,1174,9784,9767,6088
557->558,2012-07-26 - 2012-08-02,2012-07-29 - 2012-08-05,1504,1545,1271,9767,11223,6314
558->559,2012-07-29 - 2012-08-05,2012-08-01 - 2012-08-08,1545,1551,1310,11223,11331,7762
559->560,2012-08-01 - 2012-08-08,2012-08-04 - 2012-08-11,1551,1474,1222,11331,10298,6482
560->561,2012-08-04 - 2012-08-11,2012-08-07 - 2012-08-14,1474,1503,1252,10298,10328,6688
561->562,2012-08-07 - 2012-08-14,2012-08-10 - 2012-08-17,1503,1497,1259,10328,11027,6629
562->563,2012-08-10 - 2012-08-17,2012-08-13 - 2012-08-20,1497,1483,1252,11027,10888,7332
563->564,2012-08-13 - 2012-08-20,2012-08-16 - 2012-08-23,1483,1512,1227,10888,11030,6476
564->565,2012-08-16 - 2012-08-23,2012-08-19 - 2012-08-26,1512,1566,1293,11030,11423,7251
565->566,2012-08-19 - 2012-08-26,2012-08-22 - 2012-08-29,1566,1571,1313,11423,11897,7526
566->567,2012-08-22 - 2012-08-29,2012-08-25 - 2012-09-01,1571,1594,1314,11897,11972,7454
567->568,2012-08-25 - 2012-09-01,2012-08-28 - 2012-09-04,1594,1593,1329,11972,12888,8032
568->569,2012-08-28 - 2012-09-04,2012-08-31 - 2012-09-07,1593,1674,1363,12888,13148,8489
569->570,2012-08-31 - 2012-09-07,2012-09-03 - 2012-09-10,1674,1690,1447,13148,12643,8417
570->571,2012-09-03 - 2012-09-10,2012-09-06 - 2012-09-13,1690,1611,1358,12643,11953,7674
571->572,2012-09-06 - 2012-09-13,2012-09-09 - 2012-09-16,1611,1610,1342,11953,12338,7591
572->573,2012-09-09 - 2012-09-16,2012-09-12 - 2012-09-19,1610,1654,1362,12338,13104,8127
573->574,2012-09-12 - 2012-09-19,2012-09-15 - 2012-09-22,1654,1685,1401,13104,13605,8542
574->575,2012-09-15 - 2012-09-22,2012-09-18 - 2012-09-25,1685,1691,1452,13605,13463,9239
575->576,2012-09-18 - 2012-09-25,2012-09-21 - 2012-09-28,1691,1719,1424,13463,12999,8075
576->577,2012-09-21 - 2012-09-28,2012-09-24 - 2012-10-01,1719,1747,1476,12999,14165,8815
577->578,2012-09-24 - 2012-10-01,2012-09-27 - 2012-10-04,1747,1771,1506,14165,14791,9355
578->579,2012-09-27 - 2012-10-04,2012-09-30 - 2012-10-07,1771,1732,1503,14791,14178,9446
579->580,2012-09-30 - 2012-10-07,2012-10-03 - 2012-10-10,1732,1692,1424,14178,12778,8608
580->581,2012-10-03 - 2012-10-10,2012-10-06 - 2012-10-13,1692,1712,1438,12778,12723,7932
581->582,2012-10-06 - 2012-10-13,2012-10-09 - 2012-10-16,1712,1652,1448,12723,11625,8242
582->583,2012-10-09 - 2012-10-16,2012-10-12 - 2012-10-19,1652,1681,1386,11625,12156,7141
583->584,2012-10-12 - 2012-10-19,2012-10-15 - 2012-10-22,1681,1702,1459,12156,12377,8255
584->585,2012-10-15 - 2012-10-22,2012-10-18 - 2012-10-25,1702,1677,1401,12377,13044,7578
585->586,2012-10-18 - 2012-10-25,2012-10-21 - 2012-10-28,1677,1706,1445,13044,13683,9023
586->587,2012-10-21 - 2012-10-28,2012-10-24 - 2012-10-31,1706,1886,1484,13683,15971,8901
587->588,2012-10-24 - 2012-10-31,2012-10-27 - 2012-11-03,1886,1972,1650,15971,17744,11013
588->589,2012-10-27 - 2012-11-03,2012-10-30 - 2012-11-06,1972,2047,1736,17744,19243,12756
589->590,2012-10-30 - 2012-11-06,2012-11-02 - 2012-11-09,2047,1954,1700,19243,17091,11655
590->591,2012-11-02 - 2012-11-09,2012-11-05 - 2012-11-12,1954,1945,1652,17091,17001,10481
591->592,2012-11-05 - 2012-11-12,2012-11-08 - 2012-11-15,1945,1919,1641,17001,17442,10999
592->593,2012-11-08 - 2012-11-15,2012-11-11 - 2012-11-18,1919,1925,1653,17442,17257,11477
593->594,2012-11-11 - 2012-11-18,2012-11-14 - 2012-11-21,1925,1920,1633,17257,15879,10296
594->595,2012-11-14 - 2012-11-21,2012-11-17 - 2012-11-24,1920,1893,1641,15879,15185,9805
595->596,2012-11-17 - 2012-11-24,2012-11-20 - 2012-11-27,1893,1860,1617,15185,15350,10374
596->597,2012-11-20 - 2012-11-27,2012-11-23 - 2012-11-30,1860,1884,1543,15350,15215,9113
597->598,2012-11-23 - 2012-11-30,2012-11-26 - 2012-12-03,1884,1928,1650,15215,15842,10478
598->599,2012-11-26 - 2012-12-03,2012-11-29 - 2012-12-06,1928,1988,1634,15842,15966,9640
599->600,2012-11-29 - 2012-12-06,2012-12-02 - 2012-12-09,1988,1929,1700,15966,15454,10645
600->601,2012-12-02 - 2012-12-09,2012-12-05 - 2012-12-12,1929,1848,1550,15454,14942,9215
601->602,2012-12-05 - 2012-12-12,2012-12-08 - 2012-12-15,1848,1894,1561,14942,16240,9472
602->603,2012-12-08 - 2012-12-15,2012-12-11 - 2012-12-18,1894,1897,1636,16240,16565,11155
603->604,2012-12-11 - 2012-12-18,2012-12-14 - 2012-12-21,1897,1790,1573,16565,14232,9774
604->605,2012-12-14 - 2012-12-21,2012-12-17 - 2012-12-24,1790,1704,1468,14232,12859,8386
605->606,2012-12-17 - 2012-12-24,2012-12-20 - 2012-12-27,1704,1589,1384,12859,10705,7978
606->607,2012-12-20 - 2012-12-27,2012-12-23 - 2012-12-30,1589,1549,1268,10705,10388,5706
607->608,2012-12-23 - 2012-12-30,2012-12-26 - 2013-01-02,1549,1539,1303,10388,11182,7265
608->609,2012-12-26 - 2013-01-02,2012-12-29 - 2013-01-05,1539,1617,1281,11182,12586,7325
609->610,2012-12-29 - 2013-01-05,2013-01-01 - 2013-01-08,1617,1671,1392,12586,14107,8504
610->611,2013-01-01 - 2013-01-08,2013-01-04 - 2013-01-11,1671,1721,1452,14107,14828,9580
611->612,2013-01-04 - 2013-01-11,2013-01-07 - 2013-01-14,1721,1766,1501,14828,14449,9549
612->613,2013-01-07 - 2013-01-14,2013-01-10 - 2013-01-17,1766,1731,1493,14449,13669,8810
613->614,2013-01-10 - 2013-01-17,2013-01-13 - 2013-01-20,1731,1776,1492,13669,14415,8882
614->615,2013-01-13 - 2013-01-20,2013-01-16 - 2013-01-23,1776,1799,1529,14415,14540,9334
615->616,2013-01-16 - 2013-01-23,2013-01-19 - 2013-01-26,1799,1770,1517,14540,14800,9140
616->617,2013-01-19 - 2013-01-26,2013-01-22 - 2013-01-29,1770,1841,1548,14800,15872,10113
617->618,2013-01-22 - 2013-01-29,2013-01-25 - 2013-02-01,1841,1896,1581,15872,16835,10289
618->619,2013-01-25 - 2013-02-01,2013-01-28 - 2013-02-04,1896,1909,1644,16835,16599,11057
619->620,2013-01-28 - 2013-02-04,2013-01-31 - 2013-02-07,1909,1919,1625,16599,15840,10042
620->621,2013-01-31 - 2013-02-07,2013-02-03 - 2013-02-10,1919,1911,1651,15840,15722,10099
621->622,2013-02-03 - 2013-02-10,2013-02-06 - 2013-02-13,1911,1901,1620,15722,16157,10160
622->623,2013-02-06 - 2013-02-13,2013-02-09 - 2013-02-16,1901,1886,1634,16157,15285,10499
623->624,2013-02-09 - 2013-02-16,2013-02-12 - 2013-02-19,1886,1841,1594,15285,14136,9086
624->625,2013-02-12 - 2013-02-19,2013-02-15 - 2013-02-22,1841,1815,1540,14136,14646,9039
625->626,2013-02-15 - 2013-02-22,2013-02-18 - 2013-02-25,1815,1832,1562,14646,15146,9841
626->627,2013-02-18 - 2013-02-25,2013-02-21 - 2013-02-28,1832,1777,1534,15146,14218,9673
627->628,2013-02-21 - 2013-02-28,2013-02-24 - 2013-03-03,1777,1755,1488,14218,13750,8728
628->629,2013-02-24 - 2013-03-03,2013-02-27 - 2013-03-06,1755,1738,1483,13750,13360,8830
629->630,2013-02-27 - 2013-03-06,2013-03-02 - 2013-03-09,1738,1772,1477,13360,14078,8480
630->631,2013-03-02 - 2013-03-09,2013-03-05 - 2013-03-12,1772,1768,1525,14078,14046,9381
631->632,2013-03-05 - 2013-03-12,2013-03-08 - 2013-03-15,1768,1740,1488,14046,14284,8961
632->633,2013-03-08 - 2013-03-15,2013-03-11 - 2013-03-18,1740,1747,1484,14284,13660,9133
633->634,2013-03-11 - 2013-03-18,2013-03-14 - 2013-03-21,1747,1694,1470,13660,12693,8259
634->635,2013-03-14 - 2013-03-21,2013-03-17 - 2013-03-24,1694,1671,1418,12693,12409,7830
635->636,2013-03-17 - 2013-03-24,2013-03-20 - 2013-03-27,1671,1688,1412,12409,12345,7928
636->637,2013-03-20 - 2013-03-27,2013-03-23 - 2013-03-30,1688,1642,1430,12345,11957,7827
637->638,2013-03-23 - 2013-03-30,2013-03-26 - 2013-04-02,1642,1527,1360,11957,10043,7481
638->639,2013-03-26 - 2013-04-02,2013-03-29 - 2013-04-05,1527,1509,1214,10043,9866,5464
639->640,2013-03-29 - 2013-04-05,2013-04-01 - 2013-04-08,1509,1628,1311,9866,12041,6910
640->641,2013-04-01 - 2013-04-08,2013-04-04 - 2013-04-11,1628,1819,1432,12041,14399,8620
641->642,2013-04-04 - 2013-04-11,2013-04-07 - 2013-04-14,1819,1812,1540,14399,15229,9509
642->643,2013-04-07 - 2013-04-14,2013-04-10 - 2013-04-17,1812,1761,1520,15229,14506,10036
643->644,2013-04-10 - 2013-04-17,2013-04-13 - 2013-04-20,1761,1697,1438,14506,13081,8476
644->645,2013-04-13 - 2013-04-20,2013-04-16 - 2013-04-23,1697,1683,1439,13081,13031,8365
645->646,2013-04-16 - 2013-04-23,2013-04-19 - 2013-04-26,1683,1608,1397,13031,12583,8289
646->647,2013-04-19 - 2013-04-26,2013-04-22 - 2013-04-29,1608,1622,1347,12583,13204,8165
647->648,2013-04-22 - 2013-04-29,2013-04-25 - 2013-05-02,1622,1635,1395,13204,12214,8431
648->649,2013-04-25 - 2013-05-02,2013-04-28 - 2013-05-05,1635,1629,1361,12214,12016,7222
649->650,2013-04-28 - 2013-05-05,2013-05-01 - 2013-05-08,1629,1641,1400,12016,12672,8026
650->651,2013-05-01 - 2013-05-08,2013-05-04 - 2013-05-11,1641,1608,1373,12672,12892,8176
651->652,2013-05-04 - 2013-05-11,2013-05-07 - 2013-05-14,1608,1621,1362,12892,12921,8315
652->653,2013-05-07 - 2013-05-14,2013-05-10 - 2013-05-17,1621,1619,1387,12921,12790,8260
653->654,2013-05-10 - 2013-05-17,2013-05-13 - 2013-05-20,1619,1585,1356,12790,12481,8131
654->655,2013-05-13 - 2013-05-20,2013-05-16 - 2013-05-23,1585,1629,1347,12481,12856,7976
655->656,2013-05-16 - 2013-05-23,2013-05-19 - 2013-05-26,1629,1666,1423,12856,13233,8324
656->657,2013-05-19 - 2013-05-26,2013-05-22 - 2013-05-29,1666,1675,1430,13233,13330,8860
657->658,2013-05-22 - 2013-05-29,2013-05-25 - 2013-06-01,1675,1613,1401,13330,12401,8025
658->659,2013-05-25 - 2013-06-01,2013-05-28 - 2013-06-04,1613,1627,1346,12401,13026,7605
659->660,2013-05-28 - 2013-06-04,2013-05-31 - 2013-06-07,1627,1663,1421,13026,13209,8720
660->661,2013-05-31 - 2013-06-07,2013-06-03 - 2013-06-10,1663,1630,1411,13209,12745,8620
661->662,2013-06-03 - 2013-06-10,2013-06-06 - 2013-06-13,1630,1630,1362,12745,12651,7651
662->663,2013-06-06 - 2013-06-13,2013-06-09 - 2013-06-16,1630,1585,1369,12651,12892,8445
663->664,2013-06-09 - 2013-06-16,2013-06-12 - 2013-06-19,1585,1592,1347,12892,13150,8398
664->665,2013-06-12 - 2013-06-19,2013-06-15 - 2013-06-22,1592,1562,1353,13150,13117,8127
665->666,2013-06-15 - 2013-06-22,2013-06-18 - 2013-06-25,1562,1572,1341,13117,13668,8729
666->667,2013-06-18 - 2013-06-25,2013-06-21 - 2013-06-28,1572,1612,1346,13668,13985,8728
667->668,2013-06-21 - 2013-06-28,2013-06-24 - 2013-07-01,1612,1441,1341,13985,10217,8942
668->669,2013-06-24 - 2013-07-01,2013-06-27 - 2013-07-04,1441,1111,1037,10217,5232,4390
669->670,2013-06-27 - 2013-07-04,2013-06-30 - 2013-07-06,1111,560,560,5232,1753,1736
670->671,2013-06-30 - 2013-07-06,2013-07-03 - 2013-07-06,560,100,100,1753,163,163
