1,2008-01-01,2008-01-08,2,2008-01-04,2008-01-11,20,20,14,70.0,60.0,30
2,2008-01-04,2008-01-11,3,2008-01-07,2008-01-14,20,20,15,75.0,47.191011236,47
3,2008-01-07,2008-01-14,4,2008-01-10,2008-01-17,20,20,15,75.0,63.0769230769,24
4,2008-01-10,2008-01-17,5,2008-01-13,2008-01-20,20,19,14,70.0,60.8695652174,27
5,2008-01-13,2008-01-20,6,2008-01-16,2008-01-23,19,19,14,73.6842105263,59.0909090909,27
6,2008-01-16,2008-01-23,7,2008-01-19,2008-01-26,19,19,15,78.9473684211,72.8571428571,19
7,2008-01-19,2008-01-26,8,2008-01-22,2008-01-29,19,20,16,84.2105263158,71.2643678161,25
8,2008-01-22,2008-01-29,9,2008-01-25,2008-02-01,20,19,15,75.0,51.8518518519,39
9,2008-01-25,2008-02-01,10,2008-01-28,2008-02-04,19,20,14,73.6842105263,61.4285714286,27
10,2008-01-28,2008-02-04,11,2008-01-31,2008-02-07,20,19,15,75.0,52.808988764,42
11,2008-01-31,2008-02-07,12,2008-02-03,2008-02-10,19,18,13,68.4210526316,46.4646464646,53
12,2008-02-03,2008-02-10,13,2008-02-06,2008-02-13,18,19,14,77.7777777778,64.5569620253,28
13,2008-02-06,2008-02-13,14,2008-02-09,2008-02-16,19,20,12,63.1578947368,37.5,55
14,2008-02-09,2008-02-16,15,2008-02-12,2008-02-19,20,20,17,85.0,64.2857142857,25
15,2008-02-12,2008-02-19,16,2008-02-15,2008-02-22,20,20,14,70.0,42.0289855072,40
16,2008-02-15,2008-02-22,17,2008-02-18,2008-02-25,20,18,15,75.0,64.7887323944,25
17,2008-02-18,2008-02-25,18,2008-02-21,2008-02-28,18,19,13,72.2222222222,74.2857142857,18
18,2008-02-21,2008-02-28,19,2008-02-24,2008-03-02,19,19,16,84.2105263158,63.3802816901,26
19,2008-02-24,2008-03-02,20,2008-02-27,2008-03-05,19,18,11,57.8947368421,43.75,36
20,2008-02-27,2008-03-05,21,2008-03-01,2008-03-08,18,20,14,77.7777777778,68.115942029,22
21,2008-03-01,2008-03-08,22,2008-03-04,2008-03-11,20,18,15,75.0,60.2150537634,37
22,2008-03-04,2008-03-11,23,2008-03-07,2008-03-14,18,18,9,50.0,22.2222222222,63
23,2008-03-07,2008-03-14,24,2008-03-10,2008-03-17,18,20,12,66.6666666667,57.4074074074,23
24,2008-03-10,2008-03-17,25,2008-03-13,2008-03-20,20,20,14,70.0,66.6666666667,24
25,2008-03-13,2008-03-20,26,2008-03-16,2008-03-23,20,20,15,75.0,54.6296296296,49
26,2008-03-16,2008-03-23,27,2008-03-19,2008-03-26,20,19,13,65.0,40.2173913043,55
27,2008-03-19,2008-03-26,28,2008-03-22,2008-03-29,19,20,16,84.2105263158,77.1428571429,16
28,2008-03-22,2008-03-29,29,2008-03-25,2008-04-01,20,19,16,80.0,61.4457831325,32
29,2008-03-25,2008-04-01,30,2008-03-28,2008-04-04,19,20,13,68.4210526316,48.0519480519,40
30,2008-03-28,2008-04-04,31,2008-03-31,2008-04-07,20,20,15,75.0,55.2631578947,34
31,2008-03-31,2008-04-07,32,2008-04-03,2008-04-10,20,18,11,55.0,33.8028169014,47
32,2008-04-03,2008-04-10,33,2008-04-06,2008-04-13,18,18,10,55.5555555556,34.5454545455,36
33,2008-04-06,2008-04-13,34,2008-04-09,2008-04-16,18,19,12,66.6666666667,52.1739130435,33
34,2008-04-09,2008-04-16,35,2008-04-12,2008-04-19,19,18,12,63.1578947368,56.7567567568,32
35,2008-04-12,2008-04-19,36,2008-04-15,2008-04-22,18,18,11,61.1111111111,37.3134328358,42
36,2008-04-15,2008-04-22,37,2008-04-18,2008-04-25,18,20,14,77.7777777778,50.8771929825,28
37,2008-04-18,2008-04-25,38,2008-04-21,2008-04-28,20,18,12,60.0,40.0,42
38,2008-04-21,2008-04-28,39,2008-04-24,2008-05-01,18,19,12,66.6666666667,51.4705882353,33
39,2008-04-24,2008-05-01,40,2008-04-27,2008-05-04,19,20,13,68.4210526316,44.7368421053,42
40,2008-04-27,2008-05-04,41,2008-04-30,2008-05-07,20,19,16,80.0,80.5194805195,15
41,2008-04-30,2008-05-07,42,2008-05-03,2008-05-10,19,20,13,68.4210526316,42.1052631579,44
42,2008-05-03,2008-05-10,43,2008-05-06,2008-05-13,20,20,15,75.0,58.2278481013,33
43,2008-05-06,2008-05-13,44,2008-05-09,2008-05-16,20,20,16,80.0,62.3188405797,26
44,2008-05-09,2008-05-16,45,2008-05-12,2008-05-19,20,19,14,70.0,46.835443038,42
45,2008-05-12,2008-05-19,46,2008-05-15,2008-05-22,19,20,17,89.4736842105,66.6666666667,22
46,2008-05-15,2008-05-22,47,2008-05-18,2008-05-25,20,19,14,70.0,58.5714285714,29
47,2008-05-18,2008-05-25,48,2008-05-21,2008-05-28,19,19,17,89.4736842105,63.8888888889,26
48,2008-05-21,2008-05-28,49,2008-05-24,2008-05-31,19,18,15,78.9473684211,63.9344262295,22
49,2008-05-24,2008-05-31,50,2008-05-27,2008-06-03,18,19,15,83.3333333333,57.6271186441,25
50,2008-05-27,2008-06-03,51,2008-05-30,2008-06-06,19,19,14,73.6842105263,53.0612244898,23
51,2008-05-30,2008-06-06,52,2008-06-02,2008-06-09,19,19,15,78.9473684211,52.4590163934,29
52,2008-06-02,2008-06-09,53,2008-06-05,2008-06-12,19,19,12,63.1578947368,50.9433962264,26
53,2008-06-05,2008-06-12,54,2008-06-08,2008-06-15,19,19,11,57.8947368421,50.0,32
54,2008-06-08,2008-06-15,55,2008-06-11,2008-06-18,19,20,14,73.6842105263,47.6923076923,34
55,2008-06-11,2008-06-18,56,2008-06-14,2008-06-21,20,19,12,60.0,47.2222222222,38
56,2008-06-14,2008-06-21,57,2008-06-17,2008-06-24,19,20,14,73.6842105263,70.6666666667,22
57,2008-06-17,2008-06-24,58,2008-06-20,2008-06-27,20,20,15,75.0,57.0093457944,46
58,2008-06-20,2008-06-27,59,2008-06-23,2008-06-30,20,20,16,80.0,58.5858585859,41
59,2008-06-23,2008-06-30,60,2008-06-26,2008-07-03,20,19,15,75.0,53.5714285714,39
60,2008-06-26,2008-07-03,61,2008-06-29,2008-07-06,19,19,13,68.4210526316,50.6493506494,38
61,2008-06-29,2008-07-06,62,2008-07-02,2008-07-09,19,17,11,57.8947368421,50.0,33
62,2008-07-02,2008-07-09,63,2008-07-05,2008-07-12,17,19,13,76.4705882353,54.7169811321,24
63,2008-07-05,2008-07-12,64,2008-07-08,2008-07-15,19,18,13,68.4210526316,54.5454545455,30
64,2008-07-08,2008-07-15,65,2008-07-11,2008-07-18,18,19,13,72.2222222222,40.0,39
65,2008-07-11,2008-07-18,66,2008-07-14,2008-07-21,19,17,13,68.4210526316,50.0,33
66,2008-07-14,2008-07-21,67,2008-07-17,2008-07-24,17,15,14,82.3529411765,70.3703703704,16
67,2008-07-17,2008-07-24,68,2008-07-20,2008-07-27,15,20,11,73.3333333333,58.3333333333,20
68,2008-07-20,2008-07-27,69,2008-07-23,2008-07-30,20,19,16,80.0,63.6363636364,24
69,2008-07-23,2008-07-30,70,2008-07-26,2008-08-02,19,19,11,57.8947368421,48.0519480519,40
70,2008-07-26,2008-08-02,71,2008-07-29,2008-08-05,19,19,13,68.4210526316,57.3033707865,38
71,2008-07-29,2008-08-05,72,2008-08-01,2008-08-08,19,20,12,63.1578947368,43.956043956,51
72,2008-08-01,2008-08-08,73,2008-08-04,2008-08-11,20,20,15,75.0,58.8888888889,37
73,2008-08-04,2008-08-11,74,2008-08-07,2008-08-14,20,20,16,80.0,58.8235294118,35
74,2008-08-07,2008-08-14,75,2008-08-10,2008-08-17,20,20,12,60.0,26.5060240964,61
75,2008-08-10,2008-08-17,76,2008-08-13,2008-08-20,20,20,15,75.0,46.875,34
76,2008-08-13,2008-08-20,77,2008-08-16,2008-08-23,20,20,14,70.0,54.0983606557,28
77,2008-08-16,2008-08-23,78,2008-08-19,2008-08-26,20,15,11,55.0,32.3076923077,44
78,2008-08-19,2008-08-26,79,2008-08-22,2008-08-29,15,16,11,73.3333333333,48.7804878049,21
79,2008-08-22,2008-08-29,80,2008-08-25,2008-09-01,16,19,12,75.0,65.306122449,17
80,2008-08-25,2008-09-01,81,2008-08-28,2008-09-04,19,20,18,94.7368421053,81.5384615385,12
81,2008-08-28,2008-09-04,82,2008-08-31,2008-09-07,20,19,13,65.0,51.4285714286,34
82,2008-08-31,2008-09-07,83,2008-09-03,2008-09-10,19,19,13,68.4210526316,51.3888888889,35
83,2008-09-03,2008-09-10,84,2008-09-06,2008-09-13,19,16,14,73.6842105263,51.3157894737,37
84,2008-09-06,2008-09-13,85,2008-09-09,2008-09-16,16,16,12,75.0,55.3571428571,25
85,2008-09-09,2008-09-16,86,2008-09-12,2008-09-19,16,18,15,93.75,75.0,15
86,2008-09-12,2008-09-19,87,2008-09-15,2008-09-22,18,19,14,77.7777777778,65.0,21
87,2008-09-15,2008-09-22,88,2008-09-18,2008-09-25,19,20,16,84.2105263158,64.6153846154,23
88,2008-09-18,2008-09-25,89,2008-09-21,2008-09-28,20,20,16,80.0,64.5833333333,34
89,2008-09-21,2008-09-28,90,2008-09-24,2008-10-01,20,20,13,65.0,53.5353535354,46
90,2008-09-24,2008-10-01,91,2008-09-27,2008-10-04,20,20,14,70.0,47.8260869565,48
91,2008-09-27,2008-10-04,92,2008-09-30,2008-10-07,20,20,15,75.0,52.5,38
92,2008-09-30,2008-10-07,93,2008-10-03,2008-10-10,20,19,15,75.0,48.8372093023,44
93,2008-10-03,2008-10-10,94,2008-10-06,2008-10-13,19,20,13,68.4210526316,65.4320987654,28
94,2008-10-06,2008-10-13,95,2008-10-09,2008-10-16,20,20,13,65.0,57.4257425743,43
95,2008-10-09,2008-10-16,96,2008-10-12,2008-10-19,20,19,12,60.0,33.9805825243,68
96,2008-10-12,2008-10-19,97,2008-10-15,2008-10-22,19,20,15,78.9473684211,60.2564102564,31
97,2008-10-15,2008-10-22,98,2008-10-18,2008-10-25,20,20,14,70.0,46.0674157303,48
98,2008-10-18,2008-10-25,99,2008-10-21,2008-10-28,20,20,17,85.0,62.962962963,30
99,2008-10-21,2008-10-28,100,2008-10-24,2008-10-31,20,20,17,85.0,72.602739726,20
100,2008-10-24,2008-10-31,101,2008-10-27,2008-11-03,20,20,16,80.0,61.5384615385,35
101,2008-10-27,2008-11-03,102,2008-10-30,2008-11-06,20,20,13,65.0,30.487804878,57
102,2008-10-30,2008-11-06,103,2008-11-02,2008-11-09,20,20,17,85.0,79.6296296296,11
103,2008-11-02,2008-11-09,104,2008-11-05,2008-11-12,20,19,14,70.0,60.2564102564,31
104,2008-11-05,2008-11-12,105,2008-11-08,2008-11-15,19,19,16,84.2105263158,70.7317073171,24
105,2008-11-08,2008-11-15,106,2008-11-11,2008-11-18,19,20,12,63.1578947368,39.7849462366,56
106,2008-11-11,2008-11-18,107,2008-11-14,2008-11-21,20,20,16,80.0,59.2592592593,33
107,2008-11-14,2008-11-21,108,2008-11-17,2008-11-24,20,20,15,75.0,51.3157894737,37
108,2008-11-17,2008-11-24,109,2008-11-20,2008-11-27,20,18,12,60.0,53.7313432836,31
109,2008-11-20,2008-11-27,110,2008-11-23,2008-11-30,18,18,7,38.8888888889,18.6046511628,70
110,2008-11-23,2008-11-30,111,2008-11-26,2008-12-03,18,19,14,77.7777777778,59.2592592593,22
111,2008-11-26,2008-12-03,112,2008-11-29,2008-12-06,19,19,13,68.4210526316,63.6363636364,20
112,2008-11-29,2008-12-06,113,2008-12-02,2008-12-09,19,19,15,78.9473684211,66.6666666667,29
113,2008-12-02,2008-12-09,114,2008-12-05,2008-12-12,19,19,13,68.4210526316,50.0,51
114,2008-12-05,2008-12-12,115,2008-12-08,2008-12-15,19,20,15,78.9473684211,65.625,33
115,2008-12-08,2008-12-15,116,2008-12-11,2008-12-18,20,19,13,65.0,44.3181818182,49
116,2008-12-11,2008-12-18,117,2008-12-14,2008-12-21,19,20,15,78.9473684211,63.1578947368,35
117,2008-12-14,2008-12-21,118,2008-12-17,2008-12-24,20,18,11,55.0,34.8837209302,56
118,2008-12-17,2008-12-24,119,2008-12-20,2008-12-27,18,20,11,61.1111111111,52.2388059701,32
119,2008-12-20,2008-12-27,120,2008-12-23,2008-12-30,20,19,13,65.0,52.6315789474,45
120,2008-12-23,2008-12-30,121,2008-12-26,2009-01-02,19,16,11,57.8947368421,38.6666666667,46
121,2008-12-26,2009-01-02,122,2008-12-29,2009-01-05,16,19,10,62.5,41.1764705882,30
122,2008-12-29,2009-01-05,123,2009-01-01,2009-01-08,19,18,11,57.8947368421,41.5384615385,38
123,2009-01-01,2009-01-08,124,2009-01-04,2009-01-11,18,18,12,66.6666666667,46.4285714286,30
124,2009-01-04,2009-01-11,125,2009-01-07,2009-01-14,18,20,13,72.2222222222,47.1698113208,28
125,2009-01-07,2009-01-14,126,2009-01-10,2009-01-17,20,20,16,80.0,67.1875,21
126,2009-01-10,2009-01-17,127,2009-01-13,2009-01-20,20,20,16,80.0,67.9487179487,25
127,2009-01-13,2009-01-20,128,2009-01-16,2009-01-23,20,20,16,80.0,61.3636363636,34
128,2009-01-16,2009-01-23,129,2009-01-19,2009-01-26,20,17,13,65.0,58.6206896552,36
129,2009-01-19,2009-01-26,130,2009-01-22,2009-01-29,17,17,11,64.7058823529,59.0909090909,27
130,2009-01-22,2009-01-29,131,2009-01-25,2009-02-01,17,20,12,70.5882352941,48.4848484848,34
131,2009-01-25,2009-02-01,132,2009-01-28,2009-02-04,20,19,16,80.0,63.5135135135,27
132,2009-01-28,2009-02-04,133,2009-01-31,2009-02-07,19,17,13,68.4210526316,62.6506024096,31
133,2009-01-31,2009-02-07,134,2009-02-03,2009-02-10,17,17,11,64.7058823529,35.4838709677,60
134,2009-02-03,2009-02-10,135,2009-02-06,2009-02-13,17,19,11,64.7058823529,50.0,31
135,2009-02-06,2009-02-13,136,2009-02-09,2009-02-16,19,20,14,73.6842105263,50.6024096386,41
136,2009-02-09,2009-02-16,137,2009-02-12,2009-02-19,20,19,13,65.0,48.8095238095,43
137,2009-02-12,2009-02-19,138,2009-02-15,2009-02-22,19,20,14,73.6842105263,59.5238095238,34
138,2009-02-15,2009-02-22,139,2009-02-18,2009-02-25,20,17,13,65.0,46.25,43
139,2009-02-18,2009-02-25,140,2009-02-21,2009-02-28,17,19,10,58.8235294118,38.0952380952,39
140,2009-02-21,2009-02-28,141,2009-02-24,2009-03-03,19,20,15,78.9473684211,59.4202898551,28
141,2009-02-24,2009-03-03,142,2009-02-27,2009-03-06,20,19,14,70.0,55.3846153846,29
142,2009-02-27,2009-03-06,143,2009-03-02,2009-03-09,19,20,14,73.6842105263,50.7692307692,32
143,2009-03-02,2009-03-09,144,2009-03-05,2009-03-12,20,19,11,55.0,37.2881355932,37
144,2009-03-05,2009-03-12,145,2009-03-08,2009-03-15,19,19,12,63.1578947368,49.3506493506,39
145,2009-03-08,2009-03-15,146,2009-03-11,2009-03-18,19,19,13,68.4210526316,49.3975903614,42
146,2009-03-11,2009-03-18,147,2009-03-14,2009-03-21,19,19,14,73.6842105263,68.1818181818,28
147,2009-03-14,2009-03-21,148,2009-03-17,2009-03-24,19,19,15,78.9473684211,48.5981308411,55
148,2009-03-17,2009-03-24,149,2009-03-20,2009-03-27,19,16,11,57.8947368421,35.1351351351,48
149,2009-03-20,2009-03-27,150,2009-03-23,2009-03-30,16,19,12,75.0,57.7777777778,19
150,2009-03-23,2009-03-30,151,2009-03-26,2009-04-02,19,19,15,78.9473684211,53.2258064516,29
151,2009-03-26,2009-04-02,152,2009-03-29,2009-04-05,19,19,12,63.1578947368,50.0,29
152,2009-03-29,2009-04-05,153,2009-04-01,2009-04-08,19,20,14,73.6842105263,59.5238095238,34
153,2009-04-01,2009-04-08,154,2009-04-04,2009-04-11,20,20,15,75.0,61.0,39
154,2009-04-04,2009-04-11,155,2009-04-07,2009-04-14,20,16,12,60.0,37.5,55
155,2009-04-07,2009-04-14,156,2009-04-10,2009-04-17,16,19,8,50.0,36.0,32
156,2009-04-10,2009-04-17,157,2009-04-13,2009-04-20,19,17,12,63.1578947368,50.0,30
157,2009-04-13,2009-04-20,158,2009-04-16,2009-04-23,17,18,12,70.5882352941,64.8148148148,19
158,2009-04-16,2009-04-23,159,2009-04-19,2009-04-26,18,19,12,66.6666666667,45.4545454545,36
159,2009-04-19,2009-04-26,160,2009-04-22,2009-04-29,19,19,14,73.6842105263,40.625,38
160,2009-04-22,2009-04-29,161,2009-04-25,2009-05-02,19,15,10,52.6315789474,33.3333333333,30
161,2009-04-25,2009-05-02,162,2009-04-28,2009-05-05,15,17,12,80.0,55.5555555556,20
162,2009-04-28,2009-05-05,163,2009-05-01,2009-05-08,17,17,15,88.2352941176,74.1935483871,16
163,2009-05-01,2009-05-08,164,2009-05-04,2009-05-11,17,20,14,82.3529411765,74.025974026,20
164,2009-05-04,2009-05-11,165,2009-05-07,2009-05-14,20,18,14,70.0,61.7647058824,39
165,2009-05-07,2009-05-14,166,2009-05-10,2009-05-17,18,20,13,72.2222222222,50.78125,63
166,2009-05-10,2009-05-17,167,2009-05-13,2009-05-20,20,20,17,85.0,67.7966101695,38
167,2009-05-13,2009-05-20,168,2009-05-16,2009-05-23,20,20,15,75.0,43.75,63
168,2009-05-16,2009-05-23,169,2009-05-19,2009-05-26,20,20,15,75.0,74.0740740741,21
169,2009-05-19,2009-05-26,170,2009-05-22,2009-05-29,20,20,15,75.0,61.6,48
170,2009-05-22,2009-05-29,171,2009-05-25,2009-06-01,20,19,13,65.0,45.5882352941,74
171,2009-05-25,2009-06-01,172,2009-05-28,2009-06-04,19,19,15,78.9473684211,58.59375,53
172,2009-05-28,2009-06-04,173,2009-05-31,2009-06-07,19,19,12,63.1578947368,34.2342342342,73
173,2009-05-31,2009-06-07,174,2009-06-03,2009-06-10,19,20,14,73.6842105263,66.0,34
174,2009-06-03,2009-06-10,175,2009-06-06,2009-06-13,20,19,13,65.0,45.1612903226,68
175,2009-06-06,2009-06-13,176,2009-06-09,2009-06-16,19,20,15,78.9473684211,59.0909090909,54
176,2009-06-09,2009-06-16,177,2009-06-12,2009-06-19,20,20,16,80.0,61.8320610687,50
177,2009-06-12,2009-06-19,178,2009-06-15,2009-06-22,20,20,15,75.0,54.3859649123,52
178,2009-06-15,2009-06-22,179,2009-06-18,2009-06-25,20,19,17,85.0,65.4867256637,39
179,2009-06-18,2009-06-25,180,2009-06-21,2009-06-28,19,20,15,78.9473684211,60.6060606061,39
180,2009-06-21,2009-06-28,181,2009-06-24,2009-07-01,20,20,15,75.0,52.7272727273,52
181,2009-06-24,2009-07-01,182,2009-06-27,2009-07-04,20,20,15,75.0,53.1531531532,52
182,2009-06-27,2009-07-04,183,2009-06-30,2009-07-07,20,19,15,75.0,63.7931034483,42
183,2009-06-30,2009-07-07,184,2009-07-03,2009-07-10,19,19,13,68.4210526316,51.2,61
184,2009-07-03,2009-07-10,185,2009-07-06,2009-07-13,19,19,12,63.1578947368,41.7475728155,60
185,2009-07-06,2009-07-13,186,2009-07-09,2009-07-16,19,20,15,78.9473684211,59.1836734694,40
186,2009-07-09,2009-07-16,187,2009-07-12,2009-07-19,20,20,13,65.0,45.6,68
187,2009-07-12,2009-07-19,188,2009-07-15,2009-07-22,20,19,14,70.0,40.0,75
188,2009-07-15,2009-07-22,189,2009-07-18,2009-07-25,19,20,14,73.6842105263,61.0,39
189,2009-07-18,2009-07-25,190,2009-07-21,2009-07-28,20,20,15,75.0,55.900621118,71
190,2009-07-21,2009-07-28,191,2009-07-24,2009-07-31,20,20,15,75.0,58.4507042254,59
191,2009-07-24,2009-07-31,192,2009-07-27,2009-08-03,20,20,16,80.0,63.0872483221,55
192,2009-07-27,2009-08-03,193,2009-07-30,2009-08-06,20,18,10,50.0,33.5714285714,93
193,2009-07-30,2009-08-06,194,2009-08-02,2009-08-09,18,20,12,66.6666666667,57.7319587629,41
194,2009-08-02,2009-08-09,195,2009-08-05,2009-08-12,20,20,14,70.0,50.0,53
195,2009-08-05,2009-08-12,196,2009-08-08,2009-08-15,20,19,13,65.0,45.8823529412,46
196,2009-08-08,2009-08-15,197,2009-08-11,2009-08-18,19,19,15,78.9473684211,62.6016260163,46
197,2009-08-11,2009-08-18,198,2009-08-14,2009-08-21,19,19,14,73.6842105263,51.5151515152,64
198,2009-08-14,2009-08-21,199,2009-08-17,2009-08-24,19,19,13,68.4210526316,47.2222222222,57
199,2009-08-17,2009-08-24,200,2009-08-20,2009-08-27,19,20,16,84.2105263158,66.393442623,41
200,2009-08-20,2009-08-27,201,2009-08-23,2009-08-30,20,20,17,85.0,64.1221374046,47
201,2009-08-23,2009-08-30,202,2009-08-26,2009-09-02,20,19,15,75.0,69.8275862069,35
202,2009-08-26,2009-09-02,203,2009-08-29,2009-09-05,19,20,15,78.9473684211,60.6299212598,50
203,2009-08-29,2009-09-05,204,2009-09-01,2009-09-08,20,20,16,80.0,66.1157024793,41
204,2009-09-01,2009-09-08,205,2009-09-04,2009-09-11,20,20,18,90.0,77.2058823529,31
205,2009-09-04,2009-09-11,206,2009-09-07,2009-09-14,20,20,16,80.0,67.8832116788,44
206,2009-09-07,2009-09-14,207,2009-09-10,2009-09-17,20,19,15,75.0,67.1328671329,47
207,2009-09-10,2009-09-17,208,2009-09-13,2009-09-20,19,20,17,89.4736842105,61.0294117647,53
208,2009-09-13,2009-09-20,209,2009-09-16,2009-09-23,20,20,16,80.0,61.320754717,41
209,2009-09-16,2009-09-23,210,2009-09-19,2009-09-26,20,20,14,70.0,51.6129032258,60
210,2009-09-19,2009-09-26,211,2009-09-22,2009-09-29,20,19,16,80.0,62.5,51
211,2009-09-22,2009-09-29,212,2009-09-25,2009-10-02,19,19,12,63.1578947368,36.0,80
212,2009-09-25,2009-10-02,213,2009-09-28,2009-10-05,19,20,16,84.2105263158,69.6629213483,27
213,2009-09-28,2009-10-05,214,2009-10-01,2009-10-08,20,20,15,75.0,64.6464646465,35
214,2009-10-01,2009-10-08,215,2009-10-04,2009-10-11,20,20,18,90.0,73.0158730159,34
215,2009-10-04,2009-10-11,216,2009-10-07,2009-10-14,20,20,15,75.0,47.5862068966,76
216,2009-10-07,2009-10-14,217,2009-10-10,2009-10-17,20,20,15,75.0,52.5925925926,64
217,2009-10-10,2009-10-17,218,2009-10-13,2009-10-20,20,20,16,80.0,55.2631578947,51
218,2009-10-13,2009-10-20,219,2009-10-16,2009-10-23,20,20,16,80.0,60.9090909091,43
219,2009-10-16,2009-10-23,220,2009-10-19,2009-10-26,20,20,15,75.0,45.652173913,75
220,2009-10-19,2009-10-26,221,2009-10-22,2009-10-29,20,20,16,80.0,55.9322033898,52
221,2009-10-22,2009-10-29,222,2009-10-25,2009-11-01,20,20,16,80.0,55.4744525547,61
222,2009-10-25,2009-11-01,223,2009-10-28,2009-11-04,20,20,15,75.0,50.4273504274,58
223,2009-10-28,2009-11-04,224,2009-10-31,2009-11-07,20,20,17,85.0,66.3551401869,36
224,2009-10-31,2009-11-07,225,2009-11-03,2009-11-10,20,20,16,80.0,62.3853211009,41
225,2009-11-03,2009-11-10,226,2009-11-06,2009-11-13,20,19,14,70.0,53.3898305085,55
226,2009-11-06,2009-11-13,227,2009-11-09,2009-11-16,19,20,14,73.6842105263,59.3495934959,50
227,2009-11-09,2009-11-16,228,2009-11-12,2009-11-19,20,19,14,70.0,52.7397260274,69
228,2009-11-12,2009-11-19,229,2009-11-15,2009-11-22,19,19,15,78.9473684211,65.0684931507,51
229,2009-11-15,2009-11-22,230,2009-11-18,2009-11-25,19,19,16,84.2105263158,68.5714285714,44
230,2009-11-18,2009-11-25,231,2009-11-21,2009-11-28,19,18,14,73.6842105263,51.1278195489,65
231,2009-11-21,2009-11-28,232,2009-11-24,2009-12-01,18,20,12,66.6666666667,45.1923076923,57
232,2009-11-24,2009-12-01,233,2009-11-27,2009-12-04,20,20,17,85.0,57.7981651376,46
233,2009-11-27,2009-12-04,234,2009-11-30,2009-12-07,20,20,14,70.0,49.5575221239,57
234,2009-11-30,2009-12-07,235,2009-12-03,2009-12-10,20,19,14,70.0,55.1724137931,65
235,2009-12-03,2009-12-10,236,2009-12-06,2009-12-13,19,20,17,89.4736842105,76.8656716418,31
236,2009-12-06,2009-12-13,237,2009-12-09,2009-12-16,20,20,14,70.0,48.0916030534,68
237,2009-12-09,2009-12-16,238,2009-12-12,2009-12-19,20,19,15,75.0,54.2056074766,49
238,2009-12-12,2009-12-19,239,2009-12-15,2009-12-22,19,19,15,78.9473684211,69.6078431373,31
239,2009-12-15,2009-12-22,240,2009-12-18,2009-12-25,19,19,15,78.9473684211,64.1025641026,42
240,2009-12-18,2009-12-25,241,2009-12-21,2009-12-28,19,18,14,73.6842105263,64.406779661,42
241,2009-12-21,2009-12-28,242,2009-12-24,2009-12-31,18,18,8,44.4444444444,40.5405405405,66
242,2009-12-24,2009-12-31,243,2009-12-27,2010-01-03,18,19,16,88.8888888889,82.6086956522,20
243,2009-12-27,2010-01-03,244,2009-12-30,2010-01-06,19,20,14,73.6842105263,62.962962963,50
244,2009-12-30,2010-01-06,245,2010-01-02,2010-01-09,20,19,14,70.0,62.9370629371,53
245,2010-01-02,2010-01-09,246,2010-01-05,2010-01-12,19,18,13,68.4210526316,43.9393939394,74
246,2010-01-05,2010-01-12,247,2010-01-08,2010-01-15,18,20,13,72.2222222222,45.4545454545,54
247,2010-01-08,2010-01-15,248,2010-01-11,2010-01-18,20,20,17,85.0,62.1848739496,45
248,2010-01-11,2010-01-18,249,2010-01-14,2010-01-21,20,19,16,80.0,64.6017699115,40
249,2010-01-14,2010-01-21,250,2010-01-17,2010-01-24,19,20,14,73.6842105263,50.9615384615,51
250,2010-01-17,2010-01-24,251,2010-01-20,2010-01-27,20,20,15,75.0,63.1578947368,42
251,2010-01-20,2010-01-27,252,2010-01-23,2010-01-30,20,20,14,70.0,44.3661971831,79
252,2010-01-23,2010-01-30,253,2010-01-26,2010-02-02,20,19,16,80.0,66.1417322835,43
253,2010-01-26,2010-02-02,254,2010-01-29,2010-02-05,19,20,12,63.1578947368,43.5185185185,61
254,2010-01-29,2010-02-05,255,2010-02-01,2010-02-08,20,20,18,90.0,75.7575757576,32
255,2010-02-01,2010-02-08,256,2010-02-04,2010-02-11,20,18,16,80.0,63.4146341463,45
256,2010-02-04,2010-02-11,257,2010-02-07,2010-02-14,18,19,13,72.2222222222,45.7142857143,57
257,2010-02-07,2010-02-14,258,2010-02-10,2010-02-17,19,20,17,89.4736842105,78.1512605042,26
258,2010-02-10,2010-02-17,259,2010-02-13,2010-02-20,20,19,16,80.0,57.1428571429,69
259,2010-02-13,2010-02-20,260,2010-02-16,2010-02-23,19,19,14,73.6842105263,52.7777777778,68
260,2010-02-16,2010-02-23,261,2010-02-19,2010-02-26,19,20,14,73.6842105263,51.8518518519,65
261,2010-02-19,2010-02-26,262,2010-02-22,2010-03-01,20,20,17,85.0,61.9469026549,43
262,2010-02-22,2010-03-01,263,2010-02-25,2010-03-04,20,20,14,70.0,49.5652173913,58
263,2010-02-25,2010-03-04,264,2010-02-28,2010-03-07,20,20,15,75.0,46.6165413534,71
264,2010-02-28,2010-03-07,265,2010-03-03,2010-03-10,20,20,16,80.0,56.6666666667,52
265,2010-03-03,2010-03-10,266,2010-03-06,2010-03-13,20,20,14,70.0,50.0,56
266,2010-03-06,2010-03-13,267,2010-03-09,2010-03-16,20,19,18,90.0,72.641509434,29
267,2010-03-09,2010-03-16,268,2010-03-12,2010-03-19,19,19,14,73.6842105263,49.5238095238,53
268,2010-03-12,2010-03-19,269,2010-03-15,2010-03-22,19,19,16,84.2105263158,61.320754717,41
269,2010-03-15,2010-03-22,270,2010-03-18,2010-03-25,19,19,15,78.9473684211,66.0,34
270,2010-03-18,2010-03-25,271,2010-03-21,2010-03-28,19,20,14,73.6842105263,56.7307692308,45
271,2010-03-21,2010-03-28,272,2010-03-24,2010-03-31,20,20,15,75.0,66.6666666667,43
272,2010-03-24,2010-03-31,273,2010-03-27,2010-04-03,20,20,15,75.0,62.7737226277,51
273,2010-03-27,2010-04-03,274,2010-03-30,2010-04-06,20,20,15,75.0,57.8313253012,70
274,2010-03-30,2010-04-06,275,2010-04-02,2010-04-09,20,20,16,80.0,59.1549295775,58
275,2010-04-02,2010-04-09,276,2010-04-05,2010-04-12,20,20,15,75.0,49.6183206107,66
276,2010-04-05,2010-04-12,277,2010-04-08,2010-04-15,20,20,12,60.0,41.9642857143,65
277,2010-04-08,2010-04-15,278,2010-04-11,2010-04-18,20,20,16,80.0,65.2482269504,49
278,2010-04-11,2010-04-18,279,2010-04-14,2010-04-21,20,20,15,75.0,53.4246575342,68
279,2010-04-14,2010-04-21,280,2010-04-17,2010-04-24,20,20,15,75.0,54.0,69
280,2010-04-17,2010-04-24,281,2010-04-20,2010-04-27,20,20,15,75.0,54.7619047619,57
281,2010-04-20,2010-04-27,282,2010-04-23,2010-04-30,20,20,17,85.0,61.2676056338,55
282,2010-04-23,2010-04-30,283,2010-04-26,2010-05-03,20,20,16,80.0,63.0769230769,48
283,2010-04-26,2010-05-03,284,2010-04-29,2010-05-06,20,20,16,80.0,63.829787234,51
284,2010-04-29,2010-05-06,285,2010-05-02,2010-05-09,20,20,15,75.0,51.9230769231,75
285,2010-05-02,2010-05-09,286,2010-05-05,2010-05-12,20,20,18,90.0,75.8823529412,41
286,2010-05-05,2010-05-12,287,2010-05-08,2010-05-15,20,19,15,75.0,60.1226993865,65
287,2010-05-08,2010-05-15,288,2010-05-11,2010-05-18,19,19,15,78.9473684211,61.4864864865,57
288,2010-05-11,2010-05-18,289,2010-05-14,2010-05-21,19,19,16,84.2105263158,62.6984126984,47
289,2010-05-14,2010-05-21,290,2010-05-17,2010-05-24,19,18,14,73.6842105263,61.4035087719,44
290,2010-05-17,2010-05-24,291,2010-05-20,2010-05-27,18,20,14,77.7777777778,57.1428571429,42
291,2010-05-20,2010-05-27,292,2010-05-23,2010-05-30,20,20,17,85.0,76.4150943396,25
292,2010-05-23,2010-05-30,293,2010-05-26,2010-06-02,20,20,17,85.0,75.3968253968,31
293,2010-05-26,2010-06-02,294,2010-05-29,2010-06-05,20,20,17,85.0,65.9259259259,46
294,2010-05-29,2010-06-05,295,2010-06-01,2010-06-08,20,20,16,80.0,62.3931623932,44
295,2010-06-01,2010-06-08,296,2010-06-04,2010-06-11,20,19,13,65.0,50.406504065,61
296,2010-06-04,2010-06-11,297,2010-06-07,2010-06-14,19,18,14,73.6842105263,66.0377358491,36
297,2010-06-07,2010-06-14,298,2010-06-10,2010-06-17,18,20,13,72.2222222222,52.2935779817,52
298,2010-06-10,2010-06-17,299,2010-06-13,2010-06-20,20,19,17,85.0,73.1707317073,33
299,2010-06-13,2010-06-20,300,2010-06-16,2010-06-23,19,18,12,63.1578947368,44.4444444444,60
300,2010-06-16,2010-06-23,301,2010-06-19,2010-06-26,18,19,13,72.2222222222,43.4782608696,65
301,2010-06-19,2010-06-26,302,2010-06-22,2010-06-29,19,20,15,78.9473684211,62.2448979592,37
302,2010-06-22,2010-06-29,303,2010-06-25,2010-07-02,20,20,15,75.0,71.4285714286,30
303,2010-06-25,2010-07-02,304,2010-06-28,2010-07-05,20,19,16,80.0,63.9455782313,53
304,2010-06-28,2010-07-05,305,2010-07-01,2010-07-08,19,19,13,68.4210526316,40.6666666667,89
305,2010-07-01,2010-07-08,306,2010-07-04,2010-07-11,19,19,14,73.6842105263,48.2142857143,58
306,2010-07-04,2010-07-11,307,2010-07-07,2010-07-14,19,19,16,84.2105263158,57.6576576577,47
307,2010-07-07,2010-07-14,308,2010-07-10,2010-07-17,19,19,16,84.2105263158,75.8620689655,28
308,2010-07-10,2010-07-17,309,2010-07-13,2010-07-20,19,19,14,73.6842105263,47.0149253731,71
309,2010-07-13,2010-07-20,310,2010-07-16,2010-07-23,19,18,15,78.9473684211,54.2857142857,48
310,2010-07-16,2010-07-23,311,2010-07-19,2010-07-26,18,17,14,77.7777777778,54.9019607843,46
311,2010-07-19,2010-07-26,312,2010-07-22,2010-07-29,17,18,12,70.5882352941,56.25,42
312,2010-07-22,2010-07-29,313,2010-07-25,2010-08-01,18,18,12,66.6666666667,34.7368421053,62
313,2010-07-25,2010-08-01,314,2010-07-28,2010-08-04,18,19,12,66.6666666667,43.9024390244,46
314,2010-07-28,2010-08-04,315,2010-07-31,2010-08-07,19,20,15,78.9473684211,57.6086956522,39
315,2010-07-31,2010-08-07,316,2010-08-03,2010-08-10,20,20,14,70.0,50.4854368932,51
316,2010-08-03,2010-08-10,317,2010-08-06,2010-08-13,20,20,17,85.0,64.9253731343,47
317,2010-08-06,2010-08-13,318,2010-08-09,2010-08-16,20,20,14,70.0,52.4590163934,58
318,2010-08-09,2010-08-16,319,2010-08-12,2010-08-19,20,20,16,80.0,62.0689655172,44
319,2010-08-12,2010-08-19,320,2010-08-15,2010-08-22,20,19,15,75.0,47.2,66
320,2010-08-15,2010-08-22,321,2010-08-18,2010-08-25,19,20,16,84.2105263158,66.9902912621,34
321,2010-08-18,2010-08-25,322,2010-08-21,2010-08-28,20,18,16,80.0,55.9322033898,52
322,2010-08-21,2010-08-28,323,2010-08-24,2010-08-31,18,17,13,72.2222222222,39.0243902439,50
323,2010-08-24,2010-08-31,324,2010-08-27,2010-09-03,17,16,10,58.8235294118,38.3561643836,45
324,2010-08-27,2010-09-03,325,2010-08-30,2010-09-06,16,19,13,81.25,57.5757575758,28
325,2010-08-30,2010-09-06,326,2010-09-02,2010-09-09,19,20,14,73.6842105263,49.5495495495,56
326,2010-09-02,2010-09-09,327,2010-09-05,2010-09-12,20,20,14,70.0,54.7008547009,53
327,2010-09-05,2010-09-12,328,2010-09-08,2010-09-15,20,20,14,70.0,54.9180327869,55
328,2010-09-08,2010-09-15,329,2010-09-11,2010-09-18,20,20,16,80.0,61.0169491525,46
329,2010-09-11,2010-09-18,330,2010-09-14,2010-09-21,20,19,13,65.0,41.0714285714,66
330,2010-09-14,2010-09-21,331,2010-09-17,2010-09-24,19,19,16,84.2105263158,62.7906976744,32
331,2010-09-17,2010-09-24,332,2010-09-20,2010-09-27,19,18,13,68.4210526316,54.1176470588,39
332,2010-09-20,2010-09-27,333,2010-09-23,2010-09-30,18,20,11,61.1111111111,44.5652173913,51
333,2010-09-23,2010-09-30,334,2010-09-26,2010-10-03,20,20,13,65.0,36.1904761905,67
334,2010-09-26,2010-10-03,335,2010-09-29,2010-10-06,20,18,15,75.0,57.1428571429,39
335,2010-09-29,2010-10-06,336,2010-10-02,2010-10-09,18,17,12,66.6666666667,61.1940298507,26
336,2010-10-02,2010-10-09,337,2010-10-05,2010-10-12,17,19,11,64.7058823529,40.0,48
337,2010-10-05,2010-10-12,338,2010-10-08,2010-10-15,19,19,15,78.9473684211,58.8888888889,37
338,2010-10-08,2010-10-15,339,2010-10-11,2010-10-18,19,19,13,68.4210526316,42.5742574257,58
339,2010-10-11,2010-10-18,340,2010-10-14,2010-10-21,19,19,10,52.6315789474,36.2637362637,58
340,2010-10-14,2010-10-21,341,2010-10-17,2010-10-24,19,20,15,78.9473684211,64.6464646465,35
341,2010-10-17,2010-10-24,342,2010-10-20,2010-10-27,20,20,15,75.0,45.871559633,59
342,2010-10-20,2010-10-27,343,2010-10-23,2010-10-30,20,20,16,80.0,67.0454545455,29
343,2010-10-23,2010-10-30,344,2010-10-26,2010-11-02,20,20,15,75.0,51.4563106796,50
344,2010-10-26,2010-11-02,345,2010-10-29,2010-11-05,20,20,14,70.0,51.0638297872,46
345,2010-10-29,2010-11-05,346,2010-11-01,2010-11-08,20,20,15,75.0,57.1428571429,39
346,2010-11-01,2010-11-08,347,2010-11-04,2010-11-11,20,16,12,60.0,44.0860215054,52
347,2010-11-04,2010-11-11,348,2010-11-07,2010-11-14,16,17,12,75.0,57.8313253012,35
348,2010-11-07,2010-11-14,349,2010-11-10,2010-11-17,17,18,11,64.7058823529,44.7368421053,42
349,2010-11-10,2010-11-17,350,2010-11-13,2010-11-20,18,19,12,66.6666666667,60.0,22
350,2010-11-13,2010-11-20,351,2010-11-16,2010-11-23,19,20,13,68.4210526316,50.5747126437,43
351,2010-11-16,2010-11-23,352,2010-11-19,2010-11-26,20,20,17,85.0,67.0103092784,32
352,2010-11-19,2010-11-26,353,2010-11-22,2010-11-29,20,20,16,80.0,49.5238095238,53
353,2010-11-22,2010-11-29,354,2010-11-25,2010-12-02,20,20,13,65.0,43.5294117647,48
354,2010-11-25,2010-12-02,355,2010-11-28,2010-12-05,20,20,16,80.0,63.4146341463,30
355,2010-11-28,2010-12-05,356,2010-12-01,2010-12-08,20,20,14,70.0,48.4536082474,50
356,2010-12-01,2010-12-08,357,2010-12-04,2010-12-11,20,19,14,70.0,54.9450549451,41
357,2010-12-04,2010-12-11,358,2010-12-07,2010-12-14,19,19,12,63.1578947368,50.9803921569,50
358,2010-12-07,2010-12-14,359,2010-12-10,2010-12-17,19,20,13,68.4210526316,50.495049505,50
359,2010-12-10,2010-12-17,360,2010-12-13,2010-12-20,20,19,15,75.0,48.0392156863,53
360,2010-12-13,2010-12-20,361,2010-12-16,2010-12-23,19,19,14,73.6842105263,54.7368421053,43
361,2010-12-16,2010-12-23,362,2010-12-19,2010-12-26,19,19,13,68.4210526316,50.0,51
362,2010-12-19,2010-12-26,363,2010-12-22,2010-12-29,19,17,10,52.6315789474,39.5348837209,52
363,2010-12-22,2010-12-29,364,2010-12-25,2011-01-01,17,17,12,70.5882352941,63.5135135135,27
364,2010-12-25,2011-01-01,365,2010-12-28,2011-01-04,17,18,13,76.4705882353,69.2307692308,36
365,2010-12-28,2011-01-04,366,2010-12-31,2011-01-07,18,18,12,66.6666666667,41.1764705882,70
366,2010-12-31,2011-01-07,367,2011-01-03,2011-01-10,18,18,13,72.2222222222,36.3636363636,63
367,2011-01-03,2011-01-10,368,2011-01-06,2011-01-13,18,18,13,72.2222222222,47.7611940299,35
368,2011-01-06,2011-01-13,369,2011-01-09,2011-01-16,18,19,12,66.6666666667,42.0454545455,51
369,2011-01-09,2011-01-16,370,2011-01-12,2011-01-19,19,19,14,73.6842105263,48.4210526316,49
370,2011-01-12,2011-01-19,371,2011-01-15,2011-01-22,19,20,16,84.2105263158,72.0,28
371,2011-01-15,2011-01-22,372,2011-01-18,2011-01-25,20,19,12,60.0,39.8230088496,68
372,2011-01-18,2011-01-25,373,2011-01-21,2011-01-28,19,19,14,73.6842105263,59.6330275229,44
373,2011-01-21,2011-01-28,374,2011-01-24,2011-01-31,19,19,16,84.2105263158,63.3027522936,40
374,2011-01-24,2011-01-31,375,2011-01-27,2011-02-03,19,17,12,63.1578947368,46.9387755102,52
375,2011-01-27,2011-02-03,376,2011-01-30,2011-02-06,17,18,11,64.7058823529,50.5050505051,49
376,2011-01-30,2011-02-06,377,2011-02-02,2011-02-09,18,19,13,72.2222222222,53.7634408602,43
377,2011-02-02,2011-02-09,378,2011-02-05,2011-02-12,19,19,13,68.4210526316,50.0,50
378,2011-02-05,2011-02-12,379,2011-02-08,2011-02-15,19,19,14,73.6842105263,48.5148514851,52
379,2011-02-08,2011-02-15,380,2011-02-11,2011-02-18,19,18,13,68.4210526316,58.9743589744,32
380,2011-02-11,2011-02-18,381,2011-02-14,2011-02-21,18,19,14,77.7777777778,55.6701030928,43
381,2011-02-14,2011-02-21,382,2011-02-17,2011-02-24,19,19,16,84.2105263158,80.701754386,22
382,2011-02-17,2011-02-24,383,2011-02-20,2011-02-27,19,19,14,73.6842105263,47.5409836066,64
383,2011-02-20,2011-02-27,384,2011-02-23,2011-03-02,19,18,14,73.6842105263,61.3636363636,34
384,2011-02-23,2011-03-02,385,2011-02-26,2011-03-05,18,17,12,66.6666666667,44.3181818182,49
385,2011-02-26,2011-03-05,386,2011-03-01,2011-03-08,17,18,14,82.3529411765,70.3296703297,27
386,2011-03-01,2011-03-08,387,2011-03-04,2011-03-11,18,19,15,83.3333333333,70.2702702703,33
387,2011-03-04,2011-03-11,388,2011-03-07,2011-03-14,19,18,13,68.4210526316,35.7798165138,70
388,2011-03-07,2011-03-14,389,2011-03-10,2011-03-17,18,19,14,77.7777777778,58.9743589744,32
389,2011-03-10,2011-03-17,390,2011-03-13,2011-03-20,19,18,13,68.4210526316,45.0,44
390,2011-03-13,2011-03-20,391,2011-03-16,2011-03-23,18,20,14,77.7777777778,60.0,30
391,2011-03-16,2011-03-23,392,2011-03-19,2011-03-26,20,20,15,75.0,44.7368421053,42
392,2011-03-19,2011-03-26,393,2011-03-22,2011-03-29,20,20,12,60.0,29.4736842105,67
393,2011-03-22,2011-03-29,394,2011-03-25,2011-04-01,20,19,14,70.0,48.75,41
394,2011-03-25,2011-04-01,395,2011-03-28,2011-04-04,19,20,15,78.9473684211,62.2222222222,34
395,2011-03-28,2011-04-04,396,2011-03-31,2011-04-07,20,20,16,80.0,46.017699115,61
396,2011-03-31,2011-04-07,397,2011-04-03,2011-04-10,20,20,15,75.0,51.3274336283,55
397,2011-04-03,2011-04-10,398,2011-04-06,2011-04-13,20,20,14,70.0,45.0980392157,56
398,2011-04-06,2011-04-13,399,2011-04-09,2011-04-16,20,19,14,70.0,37.2093023256,54
399,2011-04-09,2011-04-16,400,2011-04-12,2011-04-19,19,20,14,73.6842105263,60.9375,25
400,2011-04-12,2011-04-19,401,2011-04-15,2011-04-22,20,17,14,70.0,50.6329113924,39
401,2011-04-15,2011-04-22,402,2011-04-18,2011-04-25,17,20,12,70.5882352941,45.3333333333,41
402,2011-04-18,2011-04-25,403,2011-04-21,2011-04-28,20,19,12,60.0,48.8095238095,43
403,2011-04-21,2011-04-28,404,2011-04-24,2011-05-01,19,20,16,84.2105263158,67.7083333333,31
404,2011-04-24,2011-05-01,405,2011-04-27,2011-05-04,20,20,14,70.0,44.4444444444,60
405,2011-04-27,2011-05-04,406,2011-04-30,2011-05-07,20,20,17,85.0,57.9545454545,37
406,2011-04-30,2011-05-07,407,2011-05-03,2011-05-10,20,19,16,80.0,67.1052631579,25
407,2011-05-03,2011-05-10,408,2011-05-06,2011-05-13,19,18,13,68.4210526316,51.8518518519,39
408,2011-05-06,2011-05-13,409,2011-05-09,2011-05-16,18,15,11,61.1111111111,38.961038961,47
409,2011-05-09,2011-05-16,410,2011-05-12,2011-05-19,15,18,12,80.0,45.4545454545,36
410,2011-05-12,2011-05-19,411,2011-05-15,2011-05-22,18,19,15,83.3333333333,73.3333333333,20
411,2011-05-15,2011-05-22,412,2011-05-18,2011-05-25,19,19,15,78.9473684211,59.4059405941,41
412,2011-05-18,2011-05-25,413,2011-05-21,2011-05-28,19,20,11,57.8947368421,33.3333333333,68
413,2011-05-21,2011-05-28,414,2011-05-24,2011-05-31,20,19,13,65.0,44.1176470588,57
414,2011-05-24,2011-05-31,415,2011-05-27,2011-06-03,19,20,13,68.4210526316,47.4226804124,51
415,2011-05-27,2011-06-03,416,2011-05-30,2011-06-06,20,20,12,60.0,40.5940594059,60
416,2011-05-30,2011-06-06,417,2011-06-02,2011-06-09,20,19,15,75.0,60.0,38
417,2011-06-02,2011-06-09,418,2011-06-05,2011-06-12,19,19,14,73.6842105263,58.064516129,39
418,2011-06-05,2011-06-12,419,2011-06-08,2011-06-15,19,20,12,63.1578947368,36.5591397849,59
419,2011-06-08,2011-06-15,420,2011-06-11,2011-06-18,20,18,13,65.0,52.7777777778,34
420,2011-06-11,2011-06-18,421,2011-06-14,2011-06-21,18,20,14,77.7777777778,53.6231884058,32
421,2011-06-14,2011-06-21,422,2011-06-17,2011-06-24,20,18,13,65.0,45.9770114943,47
422,2011-06-17,2011-06-24,423,2011-06-20,2011-06-27,18,18,14,77.7777777778,55.8823529412,45
423,2011-06-20,2011-06-27,424,2011-06-23,2011-06-30,18,17,10,55.5555555556,41.3043478261,54
424,2011-06-23,2011-06-30,425,2011-06-26,2011-07-03,17,17,11,64.7058823529,41.4893617021,55
425,2011-06-26,2011-07-03,426,2011-06-29,2011-07-06,17,18,9,52.9411764706,35.2112676056,46
426,2011-06-29,2011-07-06,427,2011-07-02,2011-07-09,18,18,11,61.1111111111,48.8095238095,43
427,2011-07-02,2011-07-09,428,2011-07-05,2011-07-12,18,19,13,72.2222222222,56.043956044,40
428,2011-07-05,2011-07-12,429,2011-07-08,2011-07-15,19,18,12,63.1578947368,30.8510638298,65
429,2011-07-08,2011-07-15,430,2011-07-11,2011-07-18,18,19,14,77.7777777778,57.8431372549,43
430,2011-07-11,2011-07-18,431,2011-07-14,2011-07-21,19,20,16,84.2105263158,69.3181818182,27
431,2011-07-14,2011-07-21,432,2011-07-17,2011-07-24,20,18,15,75.0,58.3333333333,40
432,2011-07-17,2011-07-24,433,2011-07-20,2011-07-27,18,19,13,72.2222222222,42.7083333333,55
433,2011-07-20,2011-07-27,434,2011-07-23,2011-07-30,19,20,15,78.9473684211,60.4395604396,36
434,2011-07-23,2011-07-30,435,2011-07-26,2011-08-02,20,17,10,50.0,33.3333333333,68
435,2011-07-26,2011-08-02,436,2011-07-29,2011-08-05,17,17,11,64.7058823529,57.4468085106,40
436,2011-07-29,2011-08-05,437,2011-08-01,2011-08-08,17,19,12,70.5882352941,48.9583333333,49
437,2011-08-01,2011-08-08,438,2011-08-04,2011-08-11,19,20,15,78.9473684211,48.8372093023,44
438,2011-08-04,2011-08-11,439,2011-08-07,2011-08-14,20,19,13,65.0,43.3333333333,51
439,2011-08-07,2011-08-14,440,2011-08-10,2011-08-17,19,19,14,73.6842105263,54.4444444444,41
440,2011-08-10,2011-08-17,441,2011-08-13,2011-08-20,19,19,9,47.3684210526,31.3253012048,57
441,2011-08-13,2011-08-20,442,2011-08-16,2011-08-23,19,18,13,68.4210526316,41.6666666667,63
442,2011-08-16,2011-08-23,443,2011-08-19,2011-08-26,18,17,12,66.6666666667,39.1304347826,56
443,2011-08-19,2011-08-26,444,2011-08-22,2011-08-29,17,19,12,70.5882352941,44.0,42
444,2011-08-22,2011-08-29,445,2011-08-25,2011-09-01,19,18,13,68.4210526316,44.4444444444,40
445,2011-08-25,2011-09-01,446,2011-08-28,2011-09-04,18,19,14,77.7777777778,57.9710144928,29
446,2011-08-28,2011-09-04,447,2011-08-31,2011-09-07,19,19,12,63.1578947368,42.6470588235,39
447,2011-08-31,2011-09-07,448,2011-09-03,2011-09-10,19,19,11,57.8947368421,40.350877193,34
448,2011-09-03,2011-09-10,449,2011-09-06,2011-09-13,19,20,14,73.6842105263,57.8947368421,32
449,2011-09-06,2011-09-13,450,2011-09-09,2011-09-16,20,20,14,70.0,43.3333333333,51
450,2011-09-09,2011-09-16,451,2011-09-12,2011-09-19,20,19,11,55.0,31.1926605505,75
451,2011-09-12,2011-09-19,452,2011-09-15,2011-09-22,19,19,13,68.4210526316,47.7272727273,46
452,2011-09-15,2011-09-22,453,2011-09-18,2011-09-25,19,18,11,57.8947368421,29.6703296703,64
453,2011-09-18,2011-09-25,454,2011-09-21,2011-09-28,18,18,11,61.1111111111,38.0,62
454,2011-09-21,2011-09-28,455,2011-09-24,2011-10-01,18,20,14,77.7777777778,59.5505617978,36
455,2011-09-24,2011-10-01,456,2011-09-27,2011-10-04,20,18,15,75.0,45.8823529412,46
456,2011-09-27,2011-10-04,457,2011-09-30,2011-10-07,18,18,9,50.0,31.3725490196,35
457,2011-09-30,2011-10-07,458,2011-10-03,2011-10-10,18,18,15,83.3333333333,67.1428571429,23
458,2011-10-03,2011-10-10,459,2011-10-06,2011-10-13,18,19,15,83.3333333333,68.1818181818,28
459,2011-10-06,2011-10-13,460,2011-10-09,2011-10-16,19,19,14,73.6842105263,51.2195121951,40
460,2011-10-09,2011-10-16,461,2011-10-12,2011-10-19,19,19,13,68.4210526316,47.191011236,47
461,2011-10-12,2011-10-19,462,2011-10-15,2011-10-22,19,19,15,78.9473684211,69.8795180723,25
462,2011-10-15,2011-10-22,463,2011-10-18,2011-10-25,19,18,14,73.6842105263,44.3298969072,54
463,2011-10-18,2011-10-25,464,2011-10-21,2011-10-28,18,19,10,55.5555555556,41.6666666667,35
464,2011-10-21,2011-10-28,465,2011-10-24,2011-10-31,19,20,15,78.9473684211,57.6923076923,33
465,2011-10-24,2011-10-31,466,2011-10-27,2011-11-03,20,20,13,65.0,48.3146067416,46
466,2011-10-27,2011-11-03,467,2011-10-30,2011-11-06,20,19,13,65.0,46.875,51
467,2011-10-30,2011-11-06,468,2011-11-02,2011-11-09,19,17,12,63.1578947368,40.2597402597,46
468,2011-11-02,2011-11-09,469,2011-11-05,2011-11-12,17,17,13,76.4705882353,68.6567164179,21
469,2011-11-05,2011-11-12,470,2011-11-08,2011-11-15,17,20,12,70.5882352941,45.7142857143,38
470,2011-11-08,2011-11-15,471,2011-11-11,2011-11-18,20,20,14,70.0,56.338028169,31
471,2011-11-11,2011-11-18,472,2011-11-14,2011-11-21,20,20,14,70.0,54.9295774648,32
472,2011-11-14,2011-11-21,473,2011-11-17,2011-11-24,20,20,16,80.0,60.0,38
473,2011-11-17,2011-11-24,474,2011-11-20,2011-11-27,20,17,14,70.0,48.4126984127,65
474,2011-11-20,2011-11-27,475,2011-11-23,2011-11-30,17,17,13,76.4705882353,56.976744186,37
475,2011-11-23,2011-11-30,476,2011-11-26,2011-12-03,17,20,14,82.3529411765,64.6153846154,23
476,2011-11-26,2011-12-03,477,2011-11-29,2011-12-06,20,20,15,75.0,61.9718309859,27
477,2011-11-29,2011-12-06,478,2011-12-02,2011-12-09,20,20,15,75.0,67.5324675325,25
478,2011-12-02,2011-12-09,479,2011-12-05,2011-12-12,20,20,15,75.0,55.3571428571,50
479,2011-12-05,2011-12-12,480,2011-12-08,2011-12-15,20,20,15,75.0,55.2380952381,47
480,2011-12-08,2011-12-15,481,2011-12-11,2011-12-18,20,20,15,75.0,54.0,46
481,2011-12-11,2011-12-18,482,2011-12-14,2011-12-21,20,19,13,65.0,47.5609756098,43
482,2011-12-14,2011-12-21,483,2011-12-17,2011-12-24,19,19,16,84.2105263158,67.9012345679,26
483,2011-12-17,2011-12-24,484,2011-12-20,2011-12-27,19,20,15,78.9473684211,65.8536585366,28
484,2011-12-20,2011-12-27,485,2011-12-23,2011-12-30,20,19,11,55.0,41.3043478261,54
485,2011-12-23,2011-12-30,486,2011-12-26,2012-01-02,19,18,15,78.9473684211,53.9325842697,41
486,2011-12-26,2012-01-02,487,2011-12-29,2012-01-05,18,20,11,61.1111111111,44.4444444444,40
487,2011-12-29,2012-01-05,488,2012-01-01,2012-01-08,20,19,14,70.0,53.9215686275,47
488,2012-01-01,2012-01-08,489,2012-01-04,2012-01-11,19,20,14,73.6842105263,55.2083333333,43
489,2012-01-04,2012-01-11,490,2012-01-07,2012-01-14,20,20,14,70.0,49.0566037736,54
490,2012-01-07,2012-01-14,491,2012-01-10,2012-01-17,20,18,16,80.0,57.6271186441,50
491,2012-01-10,2012-01-17,492,2012-01-13,2012-01-20,18,19,17,94.4444444444,86.4583333333,13
492,2012-01-13,2012-01-20,493,2012-01-16,2012-01-23,19,20,15,78.9473684211,57.9439252336,45
493,2012-01-16,2012-01-23,494,2012-01-19,2012-01-26,20,19,14,70.0,57.9710144928,58
494,2012-01-19,2012-01-26,495,2012-01-22,2012-01-29,19,19,14,73.6842105263,53.7414965986,68
495,2012-01-22,2012-01-29,496,2012-01-25,2012-02-01,19,19,14,73.6842105263,46.7213114754,65
496,2012-01-25,2012-02-01,497,2012-01-28,2012-02-04,19,18,13,68.4210526316,53.0612244898,46
497,2012-01-28,2012-02-04,498,2012-01-31,2012-02-07,18,20,13,72.2222222222,61.4457831325,32
498,2012-01-31,2012-02-07,499,2012-02-03,2012-02-10,20,19,15,75.0,59.375,39
499,2012-02-03,2012-02-10,500,2012-02-06,2012-02-13,19,20,15,78.9473684211,52.4752475248,48
500,2012-02-06,2012-02-13,501,2012-02-09,2012-02-16,20,20,15,75.0,61.4583333333,37
501,2012-02-09,2012-02-16,502,2012-02-12,2012-02-19,20,19,16,80.0,68.0,32
502,2012-02-12,2012-02-19,503,2012-02-15,2012-02-22,19,19,14,73.6842105263,61.8556701031,37
503,2012-02-15,2012-02-22,504,2012-02-18,2012-02-25,19,20,18,94.7368421053,74.7368421053,24
504,2012-02-18,2012-02-25,505,2012-02-21,2012-02-28,20,20,15,75.0,59.375,39
505,2012-02-21,2012-02-28,506,2012-02-24,2012-03-02,20,20,15,75.0,65.625,33
506,2012-02-24,2012-03-02,507,2012-02-27,2012-03-05,20,20,14,70.0,49.1071428571,57
507,2012-02-27,2012-03-05,508,2012-03-01,2012-03-08,20,19,16,80.0,59.1836734694,40
508,2012-03-01,2012-03-08,509,2012-03-04,2012-03-11,19,19,13,68.4210526316,50.9433962264,52
509,2012-03-04,2012-03-11,510,2012-03-07,2012-03-14,19,19,16,84.2105263158,60.7476635514,42
510,2012-03-07,2012-03-14,511,2012-03-10,2012-03-17,19,18,13,68.4210526316,59.8130841121,43
511,2012-03-10,2012-03-17,512,2012-03-13,2012-03-20,18,19,16,88.8888888889,65.3846153846,45
512,2012-03-13,2012-03-20,513,2012-03-16,2012-03-23,19,19,16,84.2105263158,64.0350877193,41
513,2012-03-16,2012-03-23,514,2012-03-19,2012-03-26,19,17,15,78.9473684211,60.9523809524,41
514,2012-03-19,2012-03-26,515,2012-03-22,2012-03-29,17,19,11,64.7058823529,38.2978723404,58
515,2012-03-22,2012-03-29,516,2012-03-25,2012-04-01,19,18,16,84.2105263158,64.7058823529,36
516,2012-03-25,2012-04-01,517,2012-03-28,2012-04-04,18,17,11,61.1111111111,50.9803921569,50
517,2012-03-28,2012-04-04,518,2012-03-31,2012-04-07,17,17,11,64.7058823529,34.0659340659,60
518,2012-03-31,2012-04-07,519,2012-04-03,2012-04-10,17,18,9,52.9411764706,46.0,27
519,2012-04-03,2012-04-10,520,2012-04-06,2012-04-13,18,19,12,66.6666666667,52.0,36
520,2012-04-06,2012-04-13,521,2012-04-09,2012-04-16,19,19,13,68.4210526316,50.0,41
521,2012-04-09,2012-04-16,522,2012-04-12,2012-04-19,19,19,12,63.1578947368,43.4782608696,52
522,2012-04-12,2012-04-19,523,2012-04-15,2012-04-22,19,20,16,84.2105263158,67.0731707317,27
523,2012-04-15,2012-04-22,524,2012-04-18,2012-04-25,20,20,17,85.0,75.2577319588,24
524,2012-04-18,2012-04-25,525,2012-04-21,2012-04-28,20,19,15,75.0,60.5263157895,45
525,2012-04-21,2012-04-28,526,2012-04-24,2012-05-01,19,19,12,63.1578947368,39.5833333333,58
526,2012-04-24,2012-05-01,527,2012-04-27,2012-05-04,19,18,9,47.3684210526,33.7209302326,57
527,2012-04-27,2012-05-04,528,2012-04-30,2012-05-07,18,18,14,77.7777777778,74.4186046512,22
528,2012-04-30,2012-05-07,529,2012-05-03,2012-05-10,18,18,14,77.7777777778,58.9473684211,39
529,2012-05-03,2012-05-10,530,2012-05-06,2012-05-13,18,18,12,66.6666666667,44.9438202247,49
530,2012-05-06,2012-05-13,531,2012-05-09,2012-05-16,18,18,13,72.2222222222,56.9620253165,34
531,2012-05-09,2012-05-16,532,2012-05-12,2012-05-19,18,18,13,72.2222222222,51.0869565217,45
532,2012-05-12,2012-05-19,533,2012-05-15,2012-05-22,18,19,14,77.7777777778,62.1621621622,28
533,2012-05-15,2012-05-22,534,2012-05-18,2012-05-25,19,18,12,63.1578947368,52.3255813953,41
534,2012-05-18,2012-05-25,535,2012-05-21,2012-05-28,18,18,15,83.3333333333,66.0714285714,38
535,2012-05-21,2012-05-28,536,2012-05-24,2012-05-31,18,17,14,77.7777777778,64.1509433962,38
536,2012-05-24,2012-05-31,537,2012-05-27,2012-06-03,17,18,12,70.5882352941,48.9130434783,47
537,2012-05-27,2012-06-03,538,2012-05-30,2012-06-06,18,20,14,77.7777777778,60.5263157895,30
538,2012-05-30,2012-06-06,539,2012-06-02,2012-06-09,20,19,12,60.0,47.5,42
539,2012-06-02,2012-06-09,540,2012-06-05,2012-06-12,19,19,12,63.1578947368,58.1081081081,31
540,2012-06-05,2012-06-12,541,2012-06-08,2012-06-15,19,19,12,63.1578947368,53.164556962,37
541,2012-06-08,2012-06-15,542,2012-06-11,2012-06-18,19,18,16,84.2105263158,69.8924731183,28
542,2012-06-11,2012-06-18,543,2012-06-14,2012-06-21,18,18,14,77.7777777778,70.9302325581,25
543,2012-06-14,2012-06-21,544,2012-06-17,2012-06-24,18,20,13,72.2222222222,56.0975609756,36
544,2012-06-17,2012-06-24,545,2012-06-20,2012-06-27,20,20,15,75.0,66.6666666667,29
545,2012-06-20,2012-06-27,546,2012-06-23,2012-06-30,20,20,17,85.0,63.1578947368,42
546,2012-06-23,2012-06-30,547,2012-06-26,2012-07-03,20,16,11,55.0,37.5,60
547,2012-06-26,2012-07-03,548,2012-06-29,2012-07-06,16,15,10,62.5,52.0,36
548,2012-06-29,2012-07-06,549,2012-07-02,2012-07-09,15,18,9,60.0,54.9295774648,32
549,2012-07-02,2012-07-09,550,2012-07-05,2012-07-12,18,19,14,77.7777777778,62.3655913978,35
550,2012-07-05,2012-07-12,551,2012-07-08,2012-07-15,19,20,14,73.6842105263,64.7619047619,37
551,2012-07-08,2012-07-15,552,2012-07-11,2012-07-18,20,20,14,70.0,51.3274336283,55
552,2012-07-11,2012-07-18,553,2012-07-14,2012-07-21,20,18,14,70.0,60.3773584906,42
553,2012-07-14,2012-07-21,554,2012-07-17,2012-07-24,18,19,13,72.2222222222,57.6576576577,47
554,2012-07-17,2012-07-24,555,2012-07-20,2012-07-27,19,18,15,78.9473684211,71.7948717949,33
555,2012-07-20,2012-07-27,556,2012-07-23,2012-07-30,18,19,16,88.8888888889,74.7967479675,31
556,2012-07-23,2012-07-30,557,2012-07-26,2012-08-02,19,19,15,78.9473684211,65.4135338346,46
557,2012-07-26,2012-08-02,558,2012-07-29,2012-08-05,19,20,15,78.9473684211,67.4796747967,40
558,2012-07-29,2012-08-05,559,2012-08-01,2012-08-08,20,19,17,85.0,74.2857142857,36
559,2012-08-01,2012-08-08,560,2012-08-04,2012-08-11,19,20,14,73.6842105263,56.6929133858,55
560,2012-08-04,2012-08-11,561,2012-08-07,2012-08-14,20,20,18,90.0,73.5294117647,36
561,2012-08-07,2012-08-14,562,2012-08-10,2012-08-17,20,20,16,80.0,62.5,54
562,2012-08-10,2012-08-17,563,2012-08-13,2012-08-20,20,20,15,75.0,55.1020408163,66
563,2012-08-13,2012-08-20,564,2012-08-16,2012-08-23,20,20,15,75.0,56.4417177914,71
564,2012-08-16,2012-08-23,565,2012-08-19,2012-08-26,20,20,15,75.0,52.7950310559,76
565,2012-08-19,2012-08-26,566,2012-08-22,2012-08-29,20,20,15,75.0,45.5284552846,67
566,2012-08-22,2012-08-29,567,2012-08-25,2012-09-01,20,20,15,75.0,61.1111111111,35
567,2012-08-25,2012-09-01,568,2012-08-28,2012-09-04,20,20,14,70.0,44.2307692308,58
568,2012-08-28,2012-09-04,569,2012-08-31,2012-09-07,20,19,16,80.0,73.5849056604,28
569,2012-08-31,2012-09-07,570,2012-09-03,2012-09-10,19,19,12,63.1578947368,56.4814814815,47
570,2012-09-03,2012-09-10,571,2012-09-06,2012-09-13,19,19,15,78.9473684211,65.7894736842,39
571,2012-09-06,2012-09-13,572,2012-09-09,2012-09-16,19,20,15,78.9473684211,33.9130434783,76
572,2012-09-09,2012-09-16,573,2012-09-12,2012-09-19,20,20,15,75.0,67.3684210526,31
573,2012-09-12,2012-09-19,574,2012-09-15,2012-09-22,20,20,16,80.0,64.347826087,41
574,2012-09-15,2012-09-22,575,2012-09-18,2012-09-25,20,20,16,80.0,71.5447154472,35
575,2012-09-18,2012-09-25,576,2012-09-21,2012-09-28,20,20,18,90.0,64.2857142857,45
576,2012-09-21,2012-09-28,577,2012-09-24,2012-10-01,20,19,16,80.0,63.9175257732,35
577,2012-09-24,2012-10-01,578,2012-09-27,2012-10-04,19,20,14,73.6842105263,62.3655913978,35
578,2012-09-27,2012-10-04,579,2012-09-30,2012-10-07,20,20,15,75.0,59.8130841121,43
579,2012-09-30,2012-10-07,580,2012-10-03,2012-10-10,20,19,13,65.0,50.0,55
580,2012-10-03,2012-10-10,581,2012-10-06,2012-10-13,19,19,16,84.2105263158,62.3529411765,32
581,2012-10-06,2012-10-13,582,2012-10-09,2012-10-16,19,18,14,73.6842105263,57.7319587629,41
582,2012-10-09,2012-10-16,583,2012-10-12,2012-10-19,18,20,15,83.3333333333,70.3296703297,27
583,2012-10-12,2012-10-19,584,2012-10-15,2012-10-22,20,20,15,75.0,53.4653465347,47
584,2012-10-15,2012-10-22,585,2012-10-18,2012-10-25,20,20,16,80.0,68.8172043011,29
585,2012-10-18,2012-10-25,586,2012-10-21,2012-10-28,20,20,17,85.0,69.1588785047,33
586,2012-10-21,2012-10-28,587,2012-10-24,2012-10-31,20,20,17,85.0,60.0,44
587,2012-10-24,2012-10-31,588,2012-10-27,2012-11-03,20,20,12,60.0,46.9387755102,52
588,2012-10-27,2012-11-03,589,2012-10-30,2012-11-06,20,20,14,70.0,48.1751824818,71
589,2012-10-30,2012-11-06,590,2012-11-02,2012-11-09,20,19,16,80.0,66.6666666667,37
590,2012-11-02,2012-11-09,591,2012-11-05,2012-11-12,19,19,13,68.4210526316,59.0476190476,43
591,2012-11-05,2012-11-12,592,2012-11-08,2012-11-15,19,20,16,84.2105263158,71.5789473684,27
592,2012-11-08,2012-11-15,593,2012-11-11,2012-11-18,20,20,16,80.0,57.264957265,50
593,2012-11-11,2012-11-18,594,2012-11-14,2012-11-21,20,20,15,75.0,60.0,46
594,2012-11-14,2012-11-21,595,2012-11-17,2012-11-24,20,20,16,80.0,70.0,33
595,2012-11-17,2012-11-24,596,2012-11-20,2012-11-27,20,20,16,80.0,72.7272727273,36
596,2012-11-20,2012-11-27,597,2012-11-23,2012-11-30,20,20,15,75.0,60.7142857143,55
597,2012-11-23,2012-11-30,598,2012-11-26,2012-12-03,20,19,15,75.0,56.6929133858,55
598,2012-11-26,2012-12-03,599,2012-11-29,2012-12-06,19,19,15,78.9473684211,60.8695652174,45
599,2012-11-29,2012-12-06,600,2012-12-02,2012-12-09,19,20,14,73.6842105263,48.5714285714,54
600,2012-12-02,2012-12-09,601,2012-12-05,2012-12-12,20,19,14,70.0,57.7319587629,41
601,2012-12-05,2012-12-12,602,2012-12-08,2012-12-15,19,20,11,57.8947368421,41.6666666667,49
602,2012-12-08,2012-12-15,603,2012-12-11,2012-12-18,20,20,16,80.0,70.297029703,30
603,2012-12-11,2012-12-18,604,2012-12-14,2012-12-21,20,20,16,80.0,62.7450980392,38
604,2012-12-14,2012-12-21,605,2012-12-17,2012-12-24,20,18,15,75.0,60.6382978723,37
605,2012-12-17,2012-12-24,606,2012-12-20,2012-12-27,18,19,11,61.1111111111,42.6829268293,47
606,2012-12-20,2012-12-27,607,2012-12-23,2012-12-30,19,20,11,57.8947368421,48.275862069,45
607,2012-12-23,2012-12-30,608,2012-12-26,2013-01-02,20,19,14,70.0,52.0408163265,47
608,2012-12-26,2013-01-02,609,2012-12-29,2013-01-05,19,20,14,73.6842105263,58.6206896552,36
609,2012-12-29,2013-01-05,610,2013-01-01,2013-01-08,20,19,14,70.0,49.1379310345,59
610,2013-01-01,2013-01-08,611,2013-01-04,2013-01-11,19,18,13,68.4210526316,42.4528301887,61
611,2013-01-04,2013-01-11,612,2013-01-07,2013-01-14,18,18,12,66.6666666667,45.0,44
612,2013-01-07,2013-01-14,613,2013-01-10,2013-01-17,18,18,12,66.6666666667,45.0,44
613,2013-01-10,2013-01-17,614,2013-01-13,2013-01-20,18,20,12,66.6666666667,64.1025641026,28
614,2013-01-13,2013-01-20,615,2013-01-16,2013-01-23,20,20,16,80.0,60.1769911504,45
615,2013-01-16,2013-01-23,616,2013-01-19,2013-01-26,20,20,17,85.0,85.5670103093,14
616,2013-01-19,2013-01-26,617,2013-01-22,2013-01-29,20,19,14,70.0,47.7477477477,58
617,2013-01-22,2013-01-29,618,2013-01-25,2013-02-01,19,18,11,57.8947368421,39.175257732,59
618,2013-01-25,2013-02-01,619,2013-01-28,2013-02-04,18,19,14,77.7777777778,58.2417582418,38
619,2013-01-28,2013-02-04,620,2013-01-31,2013-02-07,19,18,13,68.4210526316,60.4938271605,32
620,2013-01-31,2013-02-07,621,2013-02-03,2013-02-10,18,19,15,83.3333333333,70.8333333333,21
621,2013-02-03,2013-02-10,622,2013-02-06,2013-02-13,19,20,15,78.9473684211,69.8795180723,25
622,2013-02-06,2013-02-13,623,2013-02-09,2013-02-16,20,20,16,80.0,54.7169811321,48
623,2013-02-09,2013-02-16,624,2013-02-12,2013-02-19,20,19,14,70.0,52.2727272727,42
624,2013-02-12,2013-02-19,625,2013-02-15,2013-02-22,19,20,16,84.2105263158,77.7777777778,16
625,2013-02-15,2013-02-22,626,2013-02-18,2013-02-25,20,19,15,75.0,68.2926829268,26
626,2013-02-18,2013-02-25,627,2013-02-21,2013-02-28,19,19,14,73.6842105263,62.9213483146,33
627,2013-02-21,2013-02-28,628,2013-02-24,2013-03-03,19,18,15,78.9473684211,61.6822429907,41
628,2013-02-24,2013-03-03,629,2013-02-27,2013-03-06,18,20,13,72.2222222222,47.311827957,49
629,2013-02-27,2013-03-06,630,2013-03-02,2013-03-09,20,17,14,70.0,60.6741573034,35
630,2013-03-02,2013-03-09,631,2013-03-05,2013-03-12,17,19,14,82.3529411765,63.6363636364,32
631,2013-03-05,2013-03-12,632,2013-03-08,2013-03-15,19,19,15,78.9473684211,61.25,31
632,2013-03-08,2013-03-15,633,2013-03-11,2013-03-18,19,18,16,84.2105263158,78.0821917808,16
633,2013-03-11,2013-03-18,634,2013-03-14,2013-03-21,18,16,10,55.5555555556,34.7222222222,47
634,2013-03-14,2013-03-21,635,2013-03-17,2013-03-24,16,18,12,75.0,67.9245283019,17
635,2013-03-17,2013-03-24,636,2013-03-20,2013-03-27,18,19,11,61.1111111111,48.3870967742,32
636,2013-03-20,2013-03-27,637,2013-03-23,2013-03-30,19,19,15,78.9473684211,68.75,25
637,2013-03-23,2013-03-30,638,2013-03-26,2013-04-02,19,18,12,63.1578947368,44.0860215054,52
638,2013-03-26,2013-04-02,639,2013-03-29,2013-04-05,18,19,11,61.1111111111,34.6153846154,51
639,2013-03-29,2013-04-05,640,2013-04-01,2013-04-08,19,20,12,63.1578947368,43.661971831,40
640,2013-04-01,2013-04-08,641,2013-04-04,2013-04-11,20,19,16,80.0,71.0843373494,24
641,2013-04-04,2013-04-11,642,2013-04-07,2013-04-14,19,19,14,73.6842105263,60.4938271605,32
642,2013-04-07,2013-04-14,643,2013-04-10,2013-04-17,19,19,16,84.2105263158,72.1649484536,27
643,2013-04-10,2013-04-17,644,2013-04-13,2013-04-20,19,18,15,78.9473684211,57.3913043478,49
644,2013-04-13,2013-04-20,645,2013-04-16,2013-04-23,18,19,15,83.3333333333,76.5765765766,26
645,2013-04-16,2013-04-23,646,2013-04-19,2013-04-26,19,18,14,73.6842105263,56.1538461538,57
646,2013-04-19,2013-04-26,647,2013-04-22,2013-04-29,18,18,14,77.7777777778,49.0566037736,54
647,2013-04-22,2013-04-29,648,2013-04-25,2013-05-02,18,18,13,72.2222222222,44.3181818182,49
648,2013-04-25,2013-05-02,649,2013-04-28,2013-05-05,18,19,14,77.7777777778,64.5161290323,22
649,2013-04-28,2013-05-05,650,2013-05-01,2013-05-08,19,20,15,78.9473684211,71.2328767123,21
650,2013-05-01,2013-05-08,651,2013-05-04,2013-05-11,20,19,15,75.0,57.5471698113,45
651,2013-05-04,2013-05-11,652,2013-05-07,2013-05-14,19,18,12,63.1578947368,38.1355932203,73
652,2013-05-07,2013-05-14,653,2013-05-10,2013-05-17,18,18,12,66.6666666667,61.2903225806,36
653,2013-05-10,2013-05-17,654,2013-05-13,2013-05-20,18,20,13,72.2222222222,57.9545454545,37
654,2013-05-13,2013-05-20,655,2013-05-16,2013-05-23,20,19,16,80.0,78.0487804878,27
655,2013-05-16,2013-05-23,656,2013-05-19,2013-05-26,19,20,13,68.4210526316,40.7407407407,80
656,2013-05-19,2013-05-26,657,2013-05-22,2013-05-29,20,19,15,75.0,55.0458715596,49
657,2013-05-22,2013-05-29,658,2013-05-25,2013-06-01,19,20,14,73.6842105263,50.4854368932,51
658,2013-05-25,2013-06-01,659,2013-05-28,2013-06-04,20,20,12,60.0,32.9787234043,63
659,2013-05-28,2013-06-04,660,2013-05-31,2013-06-07,20,20,18,90.0,82.0754716981,19
660,2013-05-31,2013-06-07,661,2013-06-03,2013-06-10,20,19,12,60.0,32.0754716981,72
661,2013-06-03,2013-06-10,662,2013-06-06,2013-06-13,19,20,16,84.2105263158,71.6216216216,21
662,2013-06-06,2013-06-13,663,2013-06-09,2013-06-16,20,20,17,85.0,70.2380952381,25
663,2013-06-09,2013-06-16,664,2013-06-12,2013-06-19,20,19,17,85.0,71.2962962963,31
664,2013-06-12,2013-06-19,665,2013-06-15,2013-06-22,19,20,13,68.4210526316,50.0,50
665,2013-06-15,2013-06-22,666,2013-06-18,2013-06-25,20,20,16,80.0,64.8148148148,38
666,2013-06-18,2013-06-25,667,2013-06-21,2013-06-28,20,19,11,55.0,28.0701754386,82
667,2013-06-21,2013-06-28,668,2013-06-24,2013-07-01,19,19,14,73.6842105263,51.1363636364,43
668,2013-06-24,2013-07-01,669,2013-06-27,2013-07-04,19,20,10,52.6315789474,36.4864864865,47
669,2013-06-27,2013-07-04,670,2013-06-30,2013-07-06,20,12,8,40.0,26.3888888889,53
670,2013-06-30,2013-07-06,671,2013-07-03,2013-07-06,12,7,0,0.0,0.0,34
