1,2008-01-01,2008-01-08,2,2008-01-04,2008-01-11,18,18,15,83.3333333333,80.4347826087,9
2,2008-01-04,2008-01-11,3,2008-01-07,2008-01-14,18,16,10,55.5555555556,39.6226415094,32
3,2008-01-07,2008-01-14,4,2008-01-10,2008-01-17,16,16,11,68.75,62.5,15
4,2008-01-10,2008-01-17,5,2008-01-13,2008-01-20,16,17,12,75.0,73.8095238095,11
5,2008-01-13,2008-01-20,6,2008-01-16,2008-01-23,17,17,13,76.4705882353,58.3333333333,20
6,2008-01-16,2008-01-23,7,2008-01-19,2008-01-26,17,20,13,76.4705882353,61.8181818182,21
7,2008-01-19,2008-01-26,8,2008-01-22,2008-01-29,20,19,15,75.0,63.6363636364,28
8,2008-01-22,2008-01-29,9,2008-01-25,2008-02-01,19,17,14,73.6842105263,50.7692307692,32
9,2008-01-25,2008-02-01,10,2008-01-28,2008-02-04,17,12,10,58.8235294118,51.0204081633,24
10,2008-01-28,2008-02-04,11,2008-01-31,2008-02-07,12,13,6,50.0,33.3333333333,24
11,2008-01-31,2008-02-07,12,2008-02-03,2008-02-10,13,14,10,76.9230769231,65.0,14
12,2008-02-03,2008-02-10,13,2008-02-06,2008-02-13,14,16,8,57.1428571429,41.0256410256,23
13,2008-02-06,2008-02-13,14,2008-02-09,2008-02-16,16,15,11,68.75,69.7674418605,13
14,2008-02-09,2008-02-16,15,2008-02-12,2008-02-19,15,17,9,60.0,37.2093023256,27
15,2008-02-12,2008-02-19,16,2008-02-15,2008-02-22,17,17,9,52.9411764706,51.0204081633,24
16,2008-02-15,2008-02-22,17,2008-02-18,2008-02-25,17,16,9,52.9411764706,48.9795918367,25
17,2008-02-18,2008-02-25,18,2008-02-21,2008-02-28,16,13,10,62.5,37.9310344828,36
18,2008-02-21,2008-02-28,19,2008-02-24,2008-03-02,13,14,9,69.2307692308,53.3333333333,14
19,2008-02-24,2008-03-02,20,2008-02-27,2008-03-05,14,14,11,78.5714285714,71.4285714286,8
20,2008-02-27,2008-03-05,21,2008-03-01,2008-03-08,14,20,10,71.4285714286,71.7948717949,11
21,2008-03-01,2008-03-08,22,2008-03-04,2008-03-11,20,19,11,55.0,40.2985074627,40
22,2008-03-04,2008-03-11,23,2008-03-07,2008-03-14,19,19,13,68.4210526316,47.5409836066,32
23,2008-03-07,2008-03-14,24,2008-03-10,2008-03-17,19,18,12,63.1578947368,50.8771929825,28
24,2008-03-10,2008-03-17,25,2008-03-13,2008-03-20,18,18,12,66.6666666667,54.7169811321,24
25,2008-03-13,2008-03-20,26,2008-03-16,2008-03-23,18,12,9,50.0,31.4814814815,37
26,2008-03-16,2008-03-23,27,2008-03-19,2008-03-26,12,16,9,75.0,64.2857142857,10
27,2008-03-19,2008-03-26,28,2008-03-22,2008-03-29,16,20,10,62.5,57.7777777778,19
28,2008-03-22,2008-03-29,29,2008-03-25,2008-04-01,20,15,14,70.0,60.3174603175,25
29,2008-03-25,2008-04-01,30,2008-03-28,2008-04-04,15,13,7,46.6666666667,31.25,33
30,2008-03-28,2008-04-04,31,2008-03-31,2008-04-07,13,14,5,38.4615384615,23.3333333333,23
31,2008-03-31,2008-04-07,32,2008-04-03,2008-04-10,14,16,11,78.5714285714,60.4651162791,17
32,2008-04-03,2008-04-10,33,2008-04-06,2008-04-13,16,17,9,56.25,37.2093023256,27
33,2008-04-06,2008-04-13,34,2008-04-09,2008-04-16,17,18,11,64.7058823529,64.0,18
34,2008-04-09,2008-04-16,35,2008-04-12,2008-04-19,18,13,8,44.4444444444,35.4838709677,40
35,2008-04-12,2008-04-19,36,2008-04-15,2008-04-22,13,12,8,61.5384615385,39.0243902439,25
36,2008-04-15,2008-04-22,37,2008-04-18,2008-04-25,12,9,8,66.6666666667,46.875,17
37,2008-04-18,2008-04-25,38,2008-04-21,2008-04-28,9,6,5,55.5555555556,36.8421052632,12
38,2008-04-21,2008-04-28,39,2008-04-24,2008-05-01,6,12,6,100.0,92.3076923077,1
39,2008-04-24,2008-05-01,40,2008-04-27,2008-05-04,12,11,8,66.6666666667,62.8571428571,13
40,2008-04-27,2008-05-04,41,2008-04-30,2008-05-07,11,16,10,90.9090909091,91.4285714286,3
41,2008-04-30,2008-05-07,42,2008-05-03,2008-05-10,16,4,3,18.75,10.0,45
42,2008-05-03,2008-05-10,43,2008-05-06,2008-05-13,4,17,3,75.0,71.4285714286,2
43,2008-05-06,2008-05-13,44,2008-05-09,2008-05-16,17,19,12,70.5882352941,52.6315789474,18
44,2008-05-09,2008-05-16,45,2008-05-12,2008-05-19,19,18,15,78.9473684211,57.6271186441,25
45,2008-05-12,2008-05-19,46,2008-05-15,2008-05-22,18,20,11,61.1111111111,45.0980392157,28
46,2008-05-15,2008-05-22,47,2008-05-18,2008-05-25,20,19,12,60.0,46.0526315789,41
47,2008-05-18,2008-05-25,48,2008-05-21,2008-05-28,19,17,12,63.1578947368,48.5714285714,36
48,2008-05-21,2008-05-28,49,2008-05-24,2008-05-31,17,15,14,82.3529411765,64.5833333333,17
49,2008-05-24,2008-05-31,50,2008-05-27,2008-06-03,15,19,14,93.3333333333,71.0526315789,11
50,2008-05-27,2008-06-03,51,2008-05-30,2008-06-06,19,19,12,63.1578947368,45.652173913,25
51,2008-05-30,2008-06-06,52,2008-06-02,2008-06-09,19,19,12,63.1578947368,50.0,24
52,2008-06-02,2008-06-09,53,2008-06-05,2008-06-12,19,17,9,47.3684210526,40.8163265306,29
53,2008-06-05,2008-06-12,54,2008-06-08,2008-06-15,17,18,12,70.5882352941,52.8301886792,25
54,2008-06-08,2008-06-15,55,2008-06-11,2008-06-18,18,14,10,55.5555555556,35.8490566038,34
55,2008-06-11,2008-06-18,56,2008-06-14,2008-06-21,14,13,5,35.7142857143,25.9259259259,20
56,2008-06-14,2008-06-21,57,2008-06-17,2008-06-24,13,20,8,61.5384615385,44.4444444444,20
57,2008-06-17,2008-06-24,58,2008-06-20,2008-06-27,20,18,14,70.0,65.2777777778,25
58,2008-06-20,2008-06-27,59,2008-06-23,2008-06-30,18,18,15,83.3333333333,67.1428571429,23
59,2008-06-23,2008-06-30,60,2008-06-26,2008-07-03,18,16,11,61.1111111111,39.6551724138,35
60,2008-06-26,2008-07-03,61,2008-06-29,2008-07-06,16,15,12,75.0,65.1162790698,15
61,2008-06-29,2008-07-06,62,2008-07-02,2008-07-09,15,17,12,80.0,67.5675675676,12
62,2008-07-02,2008-07-09,63,2008-07-05,2008-07-12,17,15,10,58.8235294118,54.0540540541,17
63,2008-07-05,2008-07-12,64,2008-07-08,2008-07-15,15,15,13,86.6666666667,71.7948717949,11
64,2008-07-08,2008-07-15,65,2008-07-11,2008-07-18,15,17,8,53.3333333333,42.5,23
65,2008-07-11,2008-07-18,66,2008-07-14,2008-07-21,17,17,12,70.5882352941,52.8301886792,25
66,2008-07-14,2008-07-21,67,2008-07-17,2008-07-24,17,13,10,58.8235294118,52.0,24
67,2008-07-17,2008-07-24,68,2008-07-20,2008-07-27,13,14,7,53.8461538462,47.2222222222,19
68,2008-07-20,2008-07-27,69,2008-07-23,2008-07-30,14,17,8,57.1428571429,43.1818181818,25
69,2008-07-23,2008-07-30,70,2008-07-26,2008-08-02,17,15,8,47.0588235294,41.5094339623,31
70,2008-07-26,2008-08-02,71,2008-07-29,2008-08-05,15,17,11,73.3333333333,72.4137931034,16
71,2008-07-29,2008-08-05,72,2008-08-01,2008-08-08,17,17,7,41.1764705882,29.8507462687,47
72,2008-08-01,2008-08-08,73,2008-08-04,2008-08-11,17,16,9,52.9411764706,38.8059701493,41
73,2008-08-04,2008-08-11,74,2008-08-07,2008-08-14,16,16,11,68.75,52.2727272727,21
74,2008-08-07,2008-08-14,75,2008-08-10,2008-08-17,16,17,9,56.25,44.4444444444,25
75,2008-08-10,2008-08-17,76,2008-08-13,2008-08-20,17,15,12,70.5882352941,51.0204081633,24
76,2008-08-13,2008-08-20,77,2008-08-16,2008-08-23,15,14,9,60.0,38.4615384615,24
77,2008-08-16,2008-08-23,78,2008-08-19,2008-08-26,14,11,9,64.2857142857,62.5,12
78,2008-08-19,2008-08-26,79,2008-08-22,2008-08-29,11,14,7,63.6363636364,54.1666666667,11
79,2008-08-22,2008-08-29,80,2008-08-25,2008-09-01,14,16,11,78.5714285714,70.9677419355,9
80,2008-08-25,2008-09-01,81,2008-08-28,2008-09-04,16,17,9,56.25,44.1860465116,24
81,2008-08-28,2008-09-04,82,2008-08-31,2008-09-07,17,16,13,76.4705882353,70.7317073171,12
82,2008-08-31,2008-09-07,83,2008-09-03,2008-09-10,16,15,12,75.0,52.2727272727,21
83,2008-09-03,2008-09-10,84,2008-09-06,2008-09-13,15,11,8,53.3333333333,40.4761904762,25
84,2008-09-06,2008-09-13,85,2008-09-09,2008-09-16,11,15,9,81.8181818182,71.4285714286,8
85,2008-09-09,2008-09-16,86,2008-09-12,2008-09-19,15,17,12,80.0,63.829787234,17
86,2008-09-12,2008-09-19,87,2008-09-15,2008-09-22,17,17,13,76.4705882353,65.9090909091,15
87,2008-09-15,2008-09-22,88,2008-09-18,2008-09-25,17,17,15,88.2352941176,70.2127659574,14
88,2008-09-18,2008-09-25,89,2008-09-21,2008-09-28,17,16,13,76.4705882353,62.7906976744,16
89,2008-09-21,2008-09-28,90,2008-09-24,2008-10-01,16,10,8,50.0,51.1111111111,22
90,2008-09-24,2008-10-01,91,2008-09-27,2008-10-04,10,17,9,90.0,78.7878787879,7
91,2008-09-27,2008-10-04,92,2008-09-30,2008-10-07,17,17,12,70.5882352941,58.8235294118,21
92,2008-09-30,2008-10-07,93,2008-10-03,2008-10-10,17,16,11,64.7058823529,47.0588235294,27
93,2008-10-03,2008-10-10,94,2008-10-06,2008-10-13,16,18,10,62.5,54.347826087,21
94,2008-10-06,2008-10-13,95,2008-10-09,2008-10-16,18,18,12,66.6666666667,40.0,45
95,2008-10-09,2008-10-16,96,2008-10-12,2008-10-19,18,18,10,55.5555555556,30.1886792453,37
96,2008-10-12,2008-10-19,97,2008-10-15,2008-10-22,18,16,11,61.1111111111,49.1228070175,29
97,2008-10-15,2008-10-22,98,2008-10-18,2008-10-25,16,17,12,75.0,67.2727272727,18
98,2008-10-18,2008-10-25,99,2008-10-21,2008-10-28,17,16,12,70.5882352941,52.6315789474,27
99,2008-10-21,2008-10-28,100,2008-10-24,2008-10-31,16,16,8,50.0,46.511627907,23
100,2008-10-24,2008-10-31,101,2008-10-27,2008-11-03,16,16,13,81.25,75.0,11
101,2008-10-27,2008-11-03,102,2008-10-30,2008-11-06,16,16,10,62.5,51.1627906977,21
102,2008-10-30,2008-11-06,103,2008-11-02,2008-11-09,16,17,13,81.25,73.3333333333,12
103,2008-11-02,2008-11-09,104,2008-11-05,2008-11-12,17,17,8,47.0588235294,42.3728813559,34
104,2008-11-05,2008-11-12,105,2008-11-08,2008-11-15,17,14,9,52.9411764706,41.1764705882,30
105,2008-11-08,2008-11-15,106,2008-11-11,2008-11-18,14,17,11,78.5714285714,70.2127659574,14
106,2008-11-11,2008-11-18,107,2008-11-14,2008-11-21,17,19,11,64.7058823529,51.7857142857,27
107,2008-11-14,2008-11-21,108,2008-11-17,2008-11-24,19,18,14,73.6842105263,56.25,28
108,2008-11-17,2008-11-24,109,2008-11-20,2008-11-27,18,15,12,66.6666666667,60.3448275862,23
109,2008-11-20,2008-11-27,110,2008-11-23,2008-11-30,15,11,4,26.6666666667,15.5555555556,38
110,2008-11-23,2008-11-30,111,2008-11-26,2008-12-03,11,18,7,63.6363636364,46.1538461538,14
111,2008-11-26,2008-12-03,112,2008-11-29,2008-12-06,18,20,9,50.0,36.7346938776,31
112,2008-11-29,2008-12-06,113,2008-12-02,2008-12-09,20,15,13,65.0,52.2388059701,32
113,2008-12-02,2008-12-09,114,2008-12-05,2008-12-12,15,16,11,73.3333333333,57.1428571429,21
114,2008-12-05,2008-12-12,115,2008-12-08,2008-12-15,16,17,11,68.75,58.0,21
115,2008-12-08,2008-12-15,116,2008-12-11,2008-12-18,17,18,13,76.4705882353,64.9122807018,20
116,2008-12-11,2008-12-18,117,2008-12-14,2008-12-21,18,18,13,72.2222222222,54.9295774648,32
117,2008-12-14,2008-12-21,118,2008-12-17,2008-12-24,18,15,9,50.0,42.3728813559,34
118,2008-12-17,2008-12-24,119,2008-12-20,2008-12-27,15,18,10,66.6666666667,52.380952381,30
119,2008-12-20,2008-12-27,120,2008-12-23,2008-12-30,18,13,8,44.4444444444,27.9411764706,49
120,2008-12-23,2008-12-30,121,2008-12-26,2009-01-02,13,13,6,46.1538461538,26.4705882353,25
121,2008-12-26,2009-01-02,122,2008-12-29,2009-01-05,13,17,9,69.2307692308,56.25,14
122,2008-12-29,2009-01-05,123,2009-01-01,2009-01-08,17,13,7,41.1764705882,32.6530612245,33
123,2009-01-01,2009-01-08,124,2009-01-04,2009-01-11,13,6,4,30.7692307692,25.8064516129,23
124,2009-01-04,2009-01-11,125,2009-01-07,2009-01-14,6,11,4,66.6666666667,58.3333333333,5
125,2009-01-07,2009-01-14,126,2009-01-10,2009-01-17,11,16,6,54.5454545455,38.4615384615,16
126,2009-01-10,2009-01-17,127,2009-01-13,2009-01-20,16,19,11,68.75,60.4651162791,17
127,2009-01-13,2009-01-20,128,2009-01-16,2009-01-23,19,19,14,73.6842105263,56.25,21
128,2009-01-16,2009-01-23,129,2009-01-19,2009-01-26,19,18,14,73.6842105263,70.6896551724,17
129,2009-01-19,2009-01-26,130,2009-01-22,2009-01-29,18,14,9,50.0,33.3333333333,36
130,2009-01-22,2009-01-29,131,2009-01-25,2009-02-01,14,14,8,57.1428571429,36.1111111111,23
131,2009-01-25,2009-02-01,132,2009-01-28,2009-02-04,14,19,11,78.5714285714,56.6666666667,13
132,2009-01-28,2009-02-04,133,2009-01-31,2009-02-07,19,16,11,57.8947368421,41.4285714286,41
133,2009-01-31,2009-02-07,134,2009-02-03,2009-02-10,16,13,11,68.75,55.737704918,27
134,2009-02-03,2009-02-10,135,2009-02-06,2009-02-13,13,13,9,69.2307692308,52.380952381,20
135,2009-02-06,2009-02-13,136,2009-02-09,2009-02-16,13,18,12,92.3076923077,67.5675675676,12
136,2009-02-09,2009-02-16,137,2009-02-12,2009-02-19,18,18,14,77.7777777778,64.5161290323,22
137,2009-02-12,2009-02-19,138,2009-02-15,2009-02-22,18,17,15,83.3333333333,59.7014925373,27
138,2009-02-15,2009-02-22,139,2009-02-18,2009-02-25,17,15,12,70.5882352941,57.1428571429,24
139,2009-02-18,2009-02-25,140,2009-02-21,2009-02-28,15,18,11,73.3333333333,51.2195121951,20
140,2009-02-21,2009-02-28,141,2009-02-24,2009-03-03,18,19,11,61.1111111111,47.1698113208,28
141,2009-02-24,2009-03-03,142,2009-02-27,2009-03-06,19,19,13,68.4210526316,54.7169811321,24
142,2009-02-27,2009-03-06,143,2009-03-02,2009-03-09,19,13,11,57.8947368421,45.1612903226,34
143,2009-03-02,2009-03-09,144,2009-03-05,2009-03-12,13,15,8,61.5384615385,51.4285714286,17
144,2009-03-05,2009-03-12,145,2009-03-08,2009-03-15,15,18,8,53.3333333333,32.5,27
145,2009-03-08,2009-03-15,146,2009-03-11,2009-03-18,18,19,11,61.1111111111,49.1228070175,29
146,2009-03-11,2009-03-18,147,2009-03-14,2009-03-21,19,15,9,47.3684210526,30.6666666667,52
147,2009-03-14,2009-03-21,148,2009-03-17,2009-03-24,15,18,14,93.3333333333,77.7777777778,12
148,2009-03-17,2009-03-24,149,2009-03-20,2009-03-27,18,11,9,50.0,38.9830508475,36
149,2009-03-20,2009-03-27,150,2009-03-23,2009-03-30,11,16,11,100.0,81.25,6
150,2009-03-23,2009-03-30,151,2009-03-26,2009-04-02,16,16,10,62.5,43.4782608696,26
151,2009-03-26,2009-04-02,152,2009-03-29,2009-04-05,16,17,12,75.0,61.3636363636,17
152,2009-03-29,2009-04-05,153,2009-04-01,2009-04-08,17,16,12,70.5882352941,56.1403508772,25
153,2009-04-01,2009-04-08,154,2009-04-04,2009-04-11,16,17,12,75.0,66.6666666667,19
154,2009-04-04,2009-04-11,155,2009-04-07,2009-04-14,17,13,11,64.7058823529,52.4590163934,29
155,2009-04-07,2009-04-14,156,2009-04-10,2009-04-17,13,18,10,76.9230769231,56.7567567568,16
156,2009-04-10,2009-04-17,157,2009-04-13,2009-04-20,18,16,11,61.1111111111,55.7692307692,23
157,2009-04-13,2009-04-20,158,2009-04-16,2009-04-23,16,17,10,62.5,44.6808510638,26
158,2009-04-16,2009-04-23,159,2009-04-19,2009-04-26,17,10,7,41.1764705882,33.3333333333,30
159,2009-04-19,2009-04-26,160,2009-04-22,2009-04-29,10,12,4,40.0,27.2727272727,16
160,2009-04-22,2009-04-29,161,2009-04-25,2009-05-02,12,16,9,75.0,66.6666666667,9
161,2009-04-25,2009-05-02,162,2009-04-28,2009-05-05,16,18,10,62.5,46.3414634146,22
162,2009-04-28,2009-05-05,163,2009-05-01,2009-05-08,18,20,13,72.2222222222,54.1666666667,22
163,2009-05-01,2009-05-08,164,2009-05-04,2009-05-11,20,15,11,55.0,52.7777777778,34
164,2009-05-04,2009-05-11,165,2009-05-07,2009-05-14,15,18,13,86.6666666667,61.8181818182,21
165,2009-05-07,2009-05-14,166,2009-05-10,2009-05-17,18,20,10,55.5555555556,39.4736842105,46
166,2009-05-10,2009-05-17,167,2009-05-13,2009-05-20,20,19,17,85.0,70.8860759494,23
167,2009-05-13,2009-05-20,168,2009-05-16,2009-05-23,19,18,11,57.8947368421,30.8823529412,47
168,2009-05-16,2009-05-23,169,2009-05-19,2009-05-26,18,20,14,77.7777777778,68.5185185185,17
169,2009-05-19,2009-05-26,170,2009-05-22,2009-05-29,20,19,14,70.0,67.6767676768,32
170,2009-05-22,2009-05-29,171,2009-05-25,2009-06-01,19,20,15,78.9473684211,62.6086956522,43
171,2009-05-25,2009-06-01,172,2009-05-28,2009-06-04,20,17,13,65.0,39.4495412844,66
172,2009-05-28,2009-06-04,173,2009-05-31,2009-06-07,17,17,9,52.9411764706,29.4117647059,48
173,2009-05-31,2009-06-07,174,2009-06-03,2009-06-10,17,19,12,70.5882352941,56.862745098,22
174,2009-06-03,2009-06-10,175,2009-06-06,2009-06-13,19,18,14,73.6842105263,59.7222222222,29
175,2009-06-06,2009-06-13,176,2009-06-09,2009-06-16,18,17,13,72.2222222222,58.3333333333,40
176,2009-06-09,2009-06-16,177,2009-06-12,2009-06-19,17,18,10,58.8235294118,20.8791208791,72
177,2009-06-12,2009-06-19,178,2009-06-15,2009-06-22,18,17,13,72.2222222222,59.0163934426,25
178,2009-06-15,2009-06-22,179,2009-06-18,2009-06-25,17,17,13,76.4705882353,67.6923076923,21
179,2009-06-18,2009-06-25,180,2009-06-21,2009-06-28,17,17,14,82.3529411765,65.2173913043,24
180,2009-06-21,2009-06-28,181,2009-06-24,2009-07-01,17,20,13,76.4705882353,61.5384615385,25
181,2009-06-24,2009-07-01,182,2009-06-27,2009-07-04,20,18,16,80.0,62.6506024096,31
182,2009-06-27,2009-07-04,183,2009-06-30,2009-07-07,18,18,15,83.3333333333,72.2222222222,20
183,2009-06-30,2009-07-07,184,2009-07-03,2009-07-10,18,19,10,55.5555555556,29.1139240506,56
184,2009-07-03,2009-07-10,185,2009-07-06,2009-07-13,19,19,13,68.4210526316,46.835443038,42
185,2009-07-06,2009-07-13,186,2009-07-09,2009-07-16,19,19,13,68.4210526316,48.4375,33
186,2009-07-09,2009-07-16,187,2009-07-12,2009-07-19,19,19,16,84.2105263158,85.8974358974,11
187,2009-07-12,2009-07-19,188,2009-07-15,2009-07-22,19,16,10,52.6315789474,26.0869565217,68
188,2009-07-15,2009-07-22,189,2009-07-18,2009-07-25,16,16,10,62.5,47.9166666667,25
189,2009-07-18,2009-07-25,190,2009-07-21,2009-07-28,16,19,12,75.0,63.0136986301,27
190,2009-07-21,2009-07-28,191,2009-07-24,2009-07-31,19,19,13,68.4210526316,50.9615384615,51
191,2009-07-24,2009-07-31,192,2009-07-27,2009-08-03,19,19,14,73.6842105263,67.0212765957,31
192,2009-07-27,2009-08-03,193,2009-07-30,2009-08-06,19,17,11,57.8947368421,31.5789473684,65
193,2009-07-30,2009-08-06,194,2009-08-02,2009-08-09,17,16,11,64.7058823529,50.0,28
194,2009-08-02,2009-08-09,195,2009-08-05,2009-08-12,16,18,11,68.75,49.0566037736,27
195,2009-08-05,2009-08-12,196,2009-08-08,2009-08-15,18,16,10,55.5555555556,52.9411764706,24
196,2009-08-08,2009-08-15,197,2009-08-11,2009-08-18,16,17,13,81.25,79.0322580645,13
197,2009-08-11,2009-08-18,198,2009-08-14,2009-08-21,17,17,10,58.8235294118,56.7164179104,29
198,2009-08-14,2009-08-21,199,2009-08-17,2009-08-24,17,19,13,76.4705882353,57.3333333333,32
199,2009-08-17,2009-08-24,200,2009-08-20,2009-08-27,19,19,14,73.6842105263,62.8571428571,26
200,2009-08-20,2009-08-27,201,2009-08-23,2009-08-30,19,19,14,73.6842105263,58.8235294118,42
201,2009-08-23,2009-08-30,202,2009-08-26,2009-09-02,19,20,17,89.4736842105,80.8510638298,18
202,2009-08-26,2009-09-02,203,2009-08-29,2009-09-05,20,19,14,70.0,44.3396226415,59
203,2009-08-29,2009-09-05,204,2009-09-01,2009-09-08,19,20,14,73.6842105263,50.6849315068,36
204,2009-09-01,2009-09-08,205,2009-09-04,2009-09-11,20,19,15,75.0,81.0526315789,18
205,2009-09-04,2009-09-11,206,2009-09-07,2009-09-14,19,19,14,73.6842105263,66.0869565217,39
206,2009-09-07,2009-09-14,207,2009-09-10,2009-09-17,19,19,17,89.4736842105,74.5614035088,29
207,2009-09-10,2009-09-17,208,2009-09-13,2009-09-20,19,20,17,89.4736842105,62.1621621622,42
208,2009-09-13,2009-09-20,209,2009-09-16,2009-09-23,20,19,15,75.0,65.1162790698,30
209,2009-09-16,2009-09-23,210,2009-09-19,2009-09-26,19,20,15,78.9473684211,53.2110091743,51
210,2009-09-19,2009-09-26,211,2009-09-22,2009-09-29,20,17,12,60.0,44.7619047619,58
211,2009-09-22,2009-09-29,212,2009-09-25,2009-10-02,17,19,13,76.4705882353,65.3846153846,27
212,2009-09-25,2009-10-02,213,2009-09-28,2009-10-05,19,17,12,63.1578947368,54.5454545455,35
213,2009-09-28,2009-10-05,214,2009-10-01,2009-10-08,17,20,14,82.3529411765,60.0,32
214,2009-10-01,2009-10-08,215,2009-10-04,2009-10-11,20,19,15,75.0,59.756097561,33
215,2009-10-04,2009-10-11,216,2009-10-07,2009-10-14,19,19,16,84.2105263158,60.824742268,38
216,2009-10-07,2009-10-14,217,2009-10-10,2009-10-17,19,18,15,78.9473684211,61.0526315789,37
217,2009-10-10,2009-10-17,218,2009-10-13,2009-10-20,18,18,12,66.6666666667,35.2941176471,55
218,2009-10-13,2009-10-20,219,2009-10-16,2009-10-23,18,20,15,83.3333333333,76.1904761905,15
219,2009-10-16,2009-10-23,220,2009-10-19,2009-10-26,20,19,13,65.0,37.6237623762,63
220,2009-10-19,2009-10-26,221,2009-10-22,2009-10-29,19,19,14,73.6842105263,63.3333333333,33
221,2009-10-22,2009-10-29,222,2009-10-25,2009-11-01,19,17,14,73.6842105263,65.7142857143,36
222,2009-10-25,2009-11-01,223,2009-10-28,2009-11-04,17,16,12,70.5882352941,46.511627907,46
223,2009-10-28,2009-11-04,224,2009-10-31,2009-11-07,16,17,14,87.5,71.4285714286,18
224,2009-10-31,2009-11-07,225,2009-11-03,2009-11-10,17,18,10,58.8235294118,48.6486486486,38
225,2009-11-03,2009-11-10,226,2009-11-06,2009-11-13,18,19,11,61.1111111111,45.0980392157,56
226,2009-11-06,2009-11-13,227,2009-11-09,2009-11-16,19,18,14,73.6842105263,56.1904761905,46
227,2009-11-09,2009-11-16,228,2009-11-12,2009-11-19,18,18,15,83.3333333333,60.7843137255,40
228,2009-11-12,2009-11-19,229,2009-11-15,2009-11-22,18,18,12,66.6666666667,51.9230769231,50
229,2009-11-15,2009-11-22,230,2009-11-18,2009-11-25,18,17,15,83.3333333333,58.5365853659,51
230,2009-11-18,2009-11-25,231,2009-11-21,2009-11-28,17,19,13,76.4705882353,58.9473684211,39
231,2009-11-21,2009-11-28,232,2009-11-24,2009-12-01,19,20,12,63.1578947368,39.5604395604,55
232,2009-11-24,2009-12-01,233,2009-11-27,2009-12-04,20,20,14,70.0,48.8372093023,44
233,2009-11-27,2009-12-04,234,2009-11-30,2009-12-07,20,20,11,55.0,40.2298850575,52
234,2009-11-30,2009-12-07,235,2009-12-03,2009-12-10,20,20,13,65.0,54.6391752577,44
235,2009-12-03,2009-12-10,236,2009-12-06,2009-12-13,20,20,16,80.0,62.6168224299,40
236,2009-12-06,2009-12-13,237,2009-12-09,2009-12-16,20,19,13,65.0,57.4468085106,40
237,2009-12-09,2009-12-16,238,2009-12-12,2009-12-19,19,20,16,84.2105263158,66.6666666667,30
238,2009-12-12,2009-12-19,239,2009-12-15,2009-12-22,20,18,14,70.0,60.8695652174,36
239,2009-12-15,2009-12-22,240,2009-12-18,2009-12-25,18,20,15,83.3333333333,68.1818181818,28
240,2009-12-18,2009-12-25,241,2009-12-21,2009-12-28,20,19,14,70.0,50.0,52
241,2009-12-21,2009-12-28,242,2009-12-24,2009-12-31,19,18,10,52.6315789474,40.2298850575,52
242,2009-12-24,2009-12-31,243,2009-12-27,2010-01-03,18,19,17,94.4444444444,85.5555555556,13
243,2009-12-27,2010-01-03,244,2009-12-30,2010-01-06,19,18,13,68.4210526316,50.4424778761,56
244,2009-12-30,2010-01-06,245,2010-01-02,2010-01-09,18,17,14,77.7777777778,73.5632183908,23
245,2010-01-02,2010-01-09,246,2010-01-05,2010-01-12,17,18,12,70.5882352941,63.2183908046,32
246,2010-01-05,2010-01-12,247,2010-01-08,2010-01-15,18,20,14,77.7777777778,51.9230769231,50
247,2010-01-08,2010-01-15,248,2010-01-11,2010-01-18,20,20,15,75.0,52.5252525253,47
248,2010-01-11,2010-01-18,249,2010-01-14,2010-01-21,20,18,13,65.0,58.5714285714,29
249,2010-01-14,2010-01-21,250,2010-01-17,2010-01-24,18,17,15,83.3333333333,64.367816092,31
250,2010-01-17,2010-01-24,251,2010-01-20,2010-01-27,17,20,16,94.1176470588,74.6666666667,19
251,2010-01-20,2010-01-27,252,2010-01-23,2010-01-30,20,19,14,70.0,50.0,49
252,2010-01-23,2010-01-30,253,2010-01-26,2010-02-02,19,19,13,68.4210526316,55.2083333333,43
253,2010-01-26,2010-02-02,254,2010-01-29,2010-02-05,19,18,12,63.1578947368,34.7826086957,60
254,2010-01-29,2010-02-05,255,2010-02-01,2010-02-08,18,18,15,83.3333333333,67.7966101695,19
255,2010-02-01,2010-02-08,256,2010-02-04,2010-02-11,18,19,11,61.1111111111,45.0704225352,39
256,2010-02-04,2010-02-11,257,2010-02-07,2010-02-14,19,16,12,63.1578947368,40.4761904762,50
257,2010-02-07,2010-02-14,258,2010-02-10,2010-02-17,16,18,12,75.0,55.737704918,27
258,2010-02-10,2010-02-17,259,2010-02-13,2010-02-20,18,19,13,72.2222222222,63.5294117647,31
259,2010-02-13,2010-02-20,260,2010-02-16,2010-02-23,19,17,13,68.4210526316,56.6371681416,49
260,2010-02-16,2010-02-23,261,2010-02-19,2010-02-26,17,18,12,70.5882352941,40.8163265306,58
261,2010-02-19,2010-02-26,262,2010-02-22,2010-03-01,18,19,13,72.2222222222,51.4705882353,33
262,2010-02-22,2010-03-01,263,2010-02-25,2010-03-04,19,20,11,57.8947368421,40.0,45
263,2010-02-25,2010-03-04,264,2010-02-28,2010-03-07,20,19,15,75.0,44.9541284404,60
264,2010-02-28,2010-03-07,265,2010-03-03,2010-03-10,19,19,15,78.9473684211,51.6129032258,45
265,2010-03-03,2010-03-10,266,2010-03-06,2010-03-13,19,20,15,78.9473684211,69.6629213483,27
266,2010-03-06,2010-03-13,267,2010-03-09,2010-03-16,20,19,16,80.0,48.623853211,56
267,2010-03-09,2010-03-16,268,2010-03-12,2010-03-19,19,17,15,78.9473684211,61.2903225806,36
268,2010-03-12,2010-03-19,269,2010-03-15,2010-03-22,17,18,10,58.8235294118,37.3333333333,47
269,2010-03-15,2010-03-22,270,2010-03-18,2010-03-25,18,19,12,66.6666666667,54.6666666667,34
270,2010-03-18,2010-03-25,271,2010-03-21,2010-03-28,19,20,13,68.4210526316,39.7727272727,53
271,2010-03-21,2010-03-28,272,2010-03-24,2010-03-31,20,19,13,65.0,39.1304347826,56
272,2010-03-24,2010-03-31,273,2010-03-27,2010-04-03,19,20,13,68.4210526316,48.4848484848,34
273,2010-03-27,2010-04-03,274,2010-03-30,2010-04-06,20,19,16,80.0,64.4444444444,32
274,2010-03-30,2010-04-06,275,2010-04-02,2010-04-09,19,20,12,63.1578947368,38.5416666667,59
275,2010-04-02,2010-04-09,276,2010-04-05,2010-04-12,20,20,12,60.0,45.8333333333,52
276,2010-04-05,2010-04-12,277,2010-04-08,2010-04-15,20,19,14,70.0,54.2168674699,38
277,2010-04-08,2010-04-15,278,2010-04-11,2010-04-18,19,20,13,68.4210526316,48.75,41
278,2010-04-11,2010-04-18,279,2010-04-14,2010-04-21,20,20,15,75.0,52.4390243902,39
279,2010-04-14,2010-04-21,280,2010-04-17,2010-04-24,20,20,14,70.0,42.5,46
280,2010-04-17,2010-04-24,281,2010-04-20,2010-04-27,20,19,16,80.0,72.8260869565,25
281,2010-04-20,2010-04-27,282,2010-04-23,2010-04-30,19,20,15,78.9473684211,62.6086956522,43
282,2010-04-23,2010-04-30,283,2010-04-26,2010-05-03,20,20,14,70.0,52.6717557252,62
283,2010-04-26,2010-05-03,284,2010-04-29,2010-05-06,20,20,14,70.0,50.8474576271,58
284,2010-04-29,2010-05-06,285,2010-05-02,2010-05-09,20,20,16,80.0,56.7164179104,58
285,2010-05-02,2010-05-09,286,2010-05-05,2010-05-12,20,20,14,70.0,48.3050847458,61
286,2010-05-05,2010-05-12,287,2010-05-08,2010-05-15,20,19,12,60.0,50.0,49
287,2010-05-08,2010-05-15,288,2010-05-11,2010-05-18,19,20,14,73.6842105263,54.9180327869,55
288,2010-05-11,2010-05-18,289,2010-05-14,2010-05-21,20,20,14,70.0,49.5798319328,60
289,2010-05-14,2010-05-21,290,2010-05-17,2010-05-24,20,20,13,65.0,44.4444444444,60
290,2010-05-17,2010-05-24,291,2010-05-20,2010-05-27,20,19,17,85.0,59.3023255814,35
291,2010-05-20,2010-05-27,292,2010-05-23,2010-05-30,19,19,15,78.9473684211,70.1298701299,23
292,2010-05-23,2010-05-30,293,2010-05-26,2010-06-02,19,18,14,73.6842105263,51.2195121951,40
293,2010-05-26,2010-06-02,294,2010-05-29,2010-06-05,18,19,13,72.2222222222,44.2857142857,39
294,2010-05-29,2010-06-05,295,2010-06-01,2010-06-08,19,20,15,78.9473684211,65.7534246575,25
295,2010-06-01,2010-06-08,296,2010-06-04,2010-06-11,20,19,14,70.0,39.603960396,61
296,2010-06-04,2010-06-11,297,2010-06-07,2010-06-14,19,17,14,73.6842105263,65.2777777778,25
297,2010-06-07,2010-06-14,298,2010-06-10,2010-06-17,17,19,12,70.5882352941,47.8873239437,37
298,2010-06-10,2010-06-17,299,2010-06-13,2010-06-20,19,19,14,73.6842105263,71.4285714286,18
299,2010-06-13,2010-06-20,300,2010-06-16,2010-06-23,19,18,12,63.1578947368,44.578313253,46
300,2010-06-16,2010-06-23,301,2010-06-19,2010-06-26,18,19,13,72.2222222222,53.2608695652,43
301,2010-06-19,2010-06-26,302,2010-06-22,2010-06-29,19,20,16,84.2105263158,69.1358024691,25
302,2010-06-22,2010-06-29,303,2010-06-25,2010-07-02,20,20,13,65.0,50.8928571429,55
303,2010-06-25,2010-07-02,304,2010-06-28,2010-07-05,20,20,17,85.0,70.0854700855,35
304,2010-06-28,2010-07-05,305,2010-07-01,2010-07-08,20,20,13,65.0,30.0884955752,79
305,2010-07-01,2010-07-08,306,2010-07-04,2010-07-11,20,17,11,55.0,55.6962025316,35
306,2010-07-04,2010-07-11,307,2010-07-07,2010-07-14,17,19,12,70.5882352941,42.6666666667,43
307,2010-07-07,2010-07-14,308,2010-07-10,2010-07-17,19,19,15,78.9473684211,61.2903225806,36
308,2010-07-10,2010-07-17,309,2010-07-13,2010-07-20,19,19,14,73.6842105263,43.6893203883,58
309,2010-07-13,2010-07-20,310,2010-07-16,2010-07-23,19,18,13,68.4210526316,41.1111111111,53
310,2010-07-16,2010-07-23,311,2010-07-19,2010-07-26,18,20,15,83.3333333333,73.417721519,21
311,2010-07-19,2010-07-26,312,2010-07-22,2010-07-29,20,19,15,75.0,37.6344086022,58
312,2010-07-22,2010-07-29,313,2010-07-25,2010-08-01,19,20,15,78.9473684211,54.9295774648,32
313,2010-07-25,2010-08-01,314,2010-07-28,2010-08-04,20,19,12,60.0,41.5584415584,45
314,2010-07-28,2010-08-04,315,2010-07-31,2010-08-07,19,17,11,57.8947368421,44.7058823529,47
315,2010-07-31,2010-08-07,316,2010-08-03,2010-08-10,17,20,14,82.3529411765,71.6216216216,21
316,2010-08-03,2010-08-10,317,2010-08-06,2010-08-13,20,19,13,65.0,49.4949494949,50
317,2010-08-06,2010-08-13,318,2010-08-09,2010-08-16,19,20,13,68.4210526316,57.2916666667,41
318,2010-08-09,2010-08-16,319,2010-08-12,2010-08-19,20,19,16,80.0,64.3564356436,36
319,2010-08-12,2010-08-19,320,2010-08-15,2010-08-22,19,17,14,73.6842105263,59.7701149425,35
320,2010-08-15,2010-08-22,321,2010-08-18,2010-08-25,17,19,14,82.3529411765,58.4415584416,32
321,2010-08-18,2010-08-25,322,2010-08-21,2010-08-28,19,17,13,68.4210526316,43.023255814,49
322,2010-08-21,2010-08-28,323,2010-08-24,2010-08-31,17,15,12,70.5882352941,53.3333333333,28
323,2010-08-24,2010-08-31,324,2010-08-27,2010-09-03,15,16,11,73.3333333333,48.3870967742,32
324,2010-08-27,2010-09-03,325,2010-08-30,2010-09-06,16,19,13,81.25,50.9090909091,27
325,2010-08-30,2010-09-06,326,2010-09-02,2010-09-09,19,19,13,68.4210526316,64.1025641026,28
326,2010-09-02,2010-09-09,327,2010-09-05,2010-09-12,19,20,13,68.4210526316,40.404040404,59
327,2010-09-05,2010-09-12,328,2010-09-08,2010-09-15,20,17,10,50.0,30.6818181818,61
328,2010-09-08,2010-09-15,329,2010-09-11,2010-09-18,17,20,12,70.5882352941,54.0983606557,28
329,2010-09-11,2010-09-18,330,2010-09-14,2010-09-21,20,20,12,60.0,29.2134831461,63
330,2010-09-14,2010-09-21,331,2010-09-17,2010-09-24,20,18,13,65.0,31.884057971,47
331,2010-09-17,2010-09-24,332,2010-09-20,2010-09-27,18,19,14,77.7777777778,67.2727272727,18
332,2010-09-20,2010-09-27,333,2010-09-23,2010-09-30,19,18,14,73.6842105263,54.8780487805,37
333,2010-09-23,2010-09-30,334,2010-09-26,2010-10-03,18,20,15,83.3333333333,61.4285714286,27
334,2010-09-26,2010-10-03,335,2010-09-29,2010-10-06,20,19,16,80.0,70.2702702703,22
335,2010-09-29,2010-10-06,336,2010-10-02,2010-10-09,19,17,9,47.3684210526,29.4117647059,48
336,2010-10-02,2010-10-09,337,2010-10-05,2010-10-12,17,19,9,52.9411764706,27.5862068966,42
337,2010-10-05,2010-10-12,338,2010-10-08,2010-10-15,19,19,13,68.4210526316,60.6557377049,24
338,2010-10-08,2010-10-15,339,2010-10-11,2010-10-18,19,19,12,63.1578947368,34.2465753425,48
339,2010-10-11,2010-10-18,340,2010-10-14,2010-10-21,19,18,12,63.1578947368,31.5068493151,50
340,2010-10-14,2010-10-21,341,2010-10-17,2010-10-24,18,19,13,72.2222222222,55.7692307692,23
341,2010-10-17,2010-10-24,342,2010-10-20,2010-10-27,19,19,14,73.6842105263,43.2835820896,38
342,2010-10-20,2010-10-27,343,2010-10-23,2010-10-30,19,20,13,68.4210526316,37.037037037,51
343,2010-10-23,2010-10-30,344,2010-10-26,2010-11-02,20,20,16,80.0,64.8648648649,26
344,2010-10-26,2010-11-02,345,2010-10-29,2010-11-05,20,20,12,60.0,43.6781609195,49
345,2010-10-29,2010-11-05,346,2010-11-01,2010-11-08,20,19,11,55.0,33.3333333333,54
346,2010-11-01,2010-11-08,347,2010-11-04,2010-11-11,19,17,11,57.8947368421,34.2857142857,69
347,2010-11-04,2010-11-11,348,2010-11-07,2010-11-14,17,18,13,76.4705882353,59.0163934426,25
348,2010-11-07,2010-11-14,349,2010-11-10,2010-11-17,18,18,14,77.7777777778,58.6206896552,24
349,2010-11-10,2010-11-17,350,2010-11-13,2010-11-20,18,18,10,55.5555555556,35.1851851852,35
350,2010-11-13,2010-11-20,351,2010-11-16,2010-11-23,18,19,11,61.1111111111,50.8474576271,29
351,2010-11-16,2010-11-23,352,2010-11-19,2010-11-26,19,20,11,57.8947368421,35.2112676056,46
352,2010-11-19,2010-11-26,353,2010-11-22,2010-11-29,20,20,14,70.0,41.935483871,54
353,2010-11-22,2010-11-29,354,2010-11-25,2010-12-02,20,18,13,65.0,53.8461538462,30
354,2010-11-25,2010-12-02,355,2010-11-28,2010-12-05,18,19,14,77.7777777778,55.4054054054,33
355,2010-11-28,2010-12-05,356,2010-12-01,2010-12-08,19,20,13,68.4210526316,50.7246376812,34
356,2010-12-01,2010-12-08,357,2010-12-04,2010-12-11,20,20,13,65.0,41.7721518987,46
357,2010-12-04,2010-12-11,358,2010-12-07,2010-12-14,20,20,13,65.0,51.25,39
358,2010-12-07,2010-12-14,359,2010-12-10,2010-12-17,20,17,11,55.0,35.1648351648,59
359,2010-12-10,2010-12-17,360,2010-12-13,2010-12-20,17,18,14,82.3529411765,62.1212121212,25
360,2010-12-13,2010-12-20,361,2010-12-16,2010-12-23,18,18,14,77.7777777778,59.1549295775,29
361,2010-12-16,2010-12-23,362,2010-12-19,2010-12-26,18,15,10,55.5555555556,38.75,49
362,2010-12-19,2010-12-26,363,2010-12-22,2010-12-29,15,18,11,73.3333333333,55.3571428571,25
363,2010-12-22,2010-12-29,364,2010-12-25,2011-01-01,18,17,11,61.1111111111,46.1538461538,35
364,2010-12-25,2011-01-01,365,2010-12-28,2011-01-04,17,18,11,64.7058823529,45.3333333333,41
365,2010-12-28,2011-01-04,366,2010-12-31,2011-01-07,18,17,10,55.5555555556,32.0512820513,53
366,2010-12-31,2011-01-07,367,2011-01-03,2011-01-10,17,15,10,58.8235294118,28.5714285714,50
367,2011-01-03,2011-01-10,368,2011-01-06,2011-01-13,15,15,11,73.3333333333,57.7777777778,19
368,2011-01-06,2011-01-13,369,2011-01-09,2011-01-16,15,18,11,73.3333333333,50.9433962264,26
369,2011-01-09,2011-01-16,370,2011-01-12,2011-01-19,18,20,13,72.2222222222,63.6363636364,24
370,2011-01-12,2011-01-19,371,2011-01-15,2011-01-22,20,18,14,70.0,54.4554455446,46
371,2011-01-15,2011-01-22,372,2011-01-18,2011-01-25,18,18,11,61.1111111111,34.8314606742,58
372,2011-01-18,2011-01-25,373,2011-01-21,2011-01-28,18,19,14,77.7777777778,60.0,28
373,2011-01-21,2011-01-28,374,2011-01-24,2011-01-31,19,18,13,68.4210526316,47.9452054795,38
374,2011-01-24,2011-01-31,375,2011-01-27,2011-02-03,18,18,11,61.1111111111,43.5294117647,48
375,2011-01-27,2011-02-03,376,2011-01-30,2011-02-06,18,16,12,66.6666666667,40.5063291139,47
376,2011-01-30,2011-02-06,377,2011-02-02,2011-02-09,16,17,12,75.0,48.4848484848,34
377,2011-02-02,2011-02-09,378,2011-02-05,2011-02-12,17,16,12,70.5882352941,50.0,39
378,2011-02-05,2011-02-12,379,2011-02-08,2011-02-15,16,16,11,68.75,40.0,39
379,2011-02-08,2011-02-15,380,2011-02-11,2011-02-18,16,14,9,56.25,37.2881355932,37
380,2011-02-11,2011-02-18,381,2011-02-14,2011-02-21,14,19,11,78.5714285714,60.0,20
381,2011-02-14,2011-02-21,382,2011-02-17,2011-02-24,19,19,14,73.6842105263,59.1397849462,38
382,2011-02-17,2011-02-24,383,2011-02-20,2011-02-27,19,16,12,63.1578947368,35.3658536585,53
383,2011-02-20,2011-02-27,384,2011-02-23,2011-03-02,16,14,9,56.25,32.6923076923,35
384,2011-02-23,2011-03-02,385,2011-02-26,2011-03-05,14,16,8,57.1428571429,35.2941176471,22
385,2011-02-26,2011-03-05,386,2011-03-01,2011-03-08,16,17,8,50.0,39.0625,39
386,2011-03-01,2011-03-08,387,2011-03-04,2011-03-11,17,16,13,76.4705882353,62.9032258065,23
387,2011-03-04,2011-03-11,388,2011-03-07,2011-03-14,16,17,11,68.75,36.7088607595,50
388,2011-03-07,2011-03-14,389,2011-03-10,2011-03-17,17,16,12,70.5882352941,40.350877193,34
389,2011-03-10,2011-03-17,390,2011-03-13,2011-03-20,16,19,12,75.0,38.8888888889,33
390,2011-03-13,2011-03-20,391,2011-03-16,2011-03-23,19,19,15,78.9473684211,65.3846153846,18
391,2011-03-16,2011-03-23,392,2011-03-19,2011-03-26,19,19,14,73.6842105263,59.6774193548,25
392,2011-03-19,2011-03-26,393,2011-03-22,2011-03-29,19,17,12,63.1578947368,32.5,54
393,2011-03-22,2011-03-29,394,2011-03-25,2011-04-01,17,18,11,64.7058823529,50.0,25
394,2011-03-25,2011-04-01,395,2011-03-28,2011-04-04,18,18,13,72.2222222222,57.5757575758,28
395,2011-03-28,2011-04-04,396,2011-03-31,2011-04-07,18,19,14,77.7777777778,59.4594594595,30
396,2011-03-31,2011-04-07,397,2011-04-03,2011-04-10,19,19,14,73.6842105263,42.1052631579,55
397,2011-04-03,2011-04-10,398,2011-04-06,2011-04-13,19,19,13,68.4210526316,35.0649350649,50
398,2011-04-06,2011-04-13,399,2011-04-09,2011-04-16,19,18,13,68.4210526316,40.625,38
399,2011-04-09,2011-04-16,400,2011-04-12,2011-04-19,18,19,12,66.6666666667,48.8888888889,23
400,2011-04-12,2011-04-19,401,2011-04-15,2011-04-22,19,16,8,42.1052631579,27.1186440678,43
401,2011-04-15,2011-04-22,402,2011-04-18,2011-04-25,16,13,9,56.25,27.6923076923,47
402,2011-04-18,2011-04-25,403,2011-04-21,2011-04-28,13,20,7,53.8461538462,29.0322580645,22
403,2011-04-21,2011-04-28,404,2011-04-24,2011-05-01,20,17,12,60.0,37.7777777778,56
404,2011-04-24,2011-05-01,405,2011-04-27,2011-05-04,17,18,11,64.7058823529,44.262295082,34
405,2011-04-27,2011-05-04,406,2011-04-30,2011-05-07,18,16,11,61.1111111111,34.7826086957,45
406,2011-04-30,2011-05-07,407,2011-05-03,2011-05-10,16,10,9,56.25,38.2978723404,29
407,2011-05-03,2011-05-10,408,2011-05-06,2011-05-13,10,14,7,70.0,64.0,9
408,2011-05-06,2011-05-13,409,2011-05-09,2011-05-16,14,17,9,64.2857142857,54.7619047619,19
409,2011-05-09,2011-05-16,410,2011-05-12,2011-05-19,17,18,13,76.4705882353,54.5454545455,25
410,2011-05-12,2011-05-19,411,2011-05-15,2011-05-22,18,17,12,66.6666666667,63.3333333333,22
411,2011-05-15,2011-05-22,412,2011-05-18,2011-05-25,17,19,11,64.7058823529,44.8275862069,32
412,2011-05-18,2011-05-25,413,2011-05-21,2011-05-28,19,20,12,63.1578947368,41.5384615385,38
413,2011-05-21,2011-05-28,414,2011-05-24,2011-05-31,20,19,16,80.0,69.8630136986,22
414,2011-05-24,2011-05-31,415,2011-05-27,2011-06-03,19,14,8,42.1052631579,21.6216216216,58
415,2011-05-27,2011-06-03,416,2011-05-30,2011-06-06,14,16,10,71.4285714286,62.5,15
416,2011-05-30,2011-06-06,417,2011-06-02,2011-06-09,16,18,14,87.5,83.0769230769,11
417,2011-06-02,2011-06-09,418,2011-06-05,2011-06-12,18,18,13,72.2222222222,54.2168674699,38
418,2011-06-05,2011-06-12,419,2011-06-08,2011-06-15,18,19,11,61.1111111111,45.9459459459,40
419,2011-06-08,2011-06-15,420,2011-06-11,2011-06-18,19,19,13,68.4210526316,51.8987341772,38
420,2011-06-11,2011-06-18,421,2011-06-14,2011-06-21,19,18,13,68.4210526316,48.5294117647,35
421,2011-06-14,2011-06-21,422,2011-06-17,2011-06-24,18,17,12,66.6666666667,48.4848484848,34
422,2011-06-17,2011-06-24,423,2011-06-20,2011-06-27,17,19,12,70.5882352941,56.862745098,22
423,2011-06-20,2011-06-27,424,2011-06-23,2011-06-30,19,18,10,52.6315789474,44.3181818182,49
424,2011-06-23,2011-06-30,425,2011-06-26,2011-07-03,18,18,11,61.1111111111,31.8181818182,60
425,2011-06-26,2011-07-03,426,2011-06-29,2011-07-06,18,18,11,61.1111111111,37.5,35
426,2011-06-29,2011-07-06,427,2011-07-02,2011-07-09,18,17,9,50.0,27.5862068966,42
427,2011-07-02,2011-07-09,428,2011-07-05,2011-07-12,17,19,12,70.5882352941,48.275862069,30
428,2011-07-05,2011-07-12,429,2011-07-08,2011-07-15,19,19,15,78.9473684211,51.6129032258,30
429,2011-07-08,2011-07-15,430,2011-07-11,2011-07-18,19,17,15,78.9473684211,53.6231884058,32
430,2011-07-11,2011-07-18,431,2011-07-14,2011-07-21,17,18,13,76.4705882353,58.8235294118,21
431,2011-07-14,2011-07-21,432,2011-07-17,2011-07-24,18,19,14,77.7777777778,67.2131147541,20
432,2011-07-17,2011-07-24,433,2011-07-20,2011-07-27,19,19,12,63.1578947368,30.1204819277,58
433,2011-07-20,2011-07-27,434,2011-07-23,2011-07-30,19,16,8,42.1052631579,21.4285714286,44
434,2011-07-23,2011-07-30,435,2011-07-26,2011-08-02,16,14,7,43.75,27.4509803922,37
435,2011-07-26,2011-08-02,436,2011-07-29,2011-08-05,14,17,12,85.7142857143,87.2727272727,7
436,2011-07-29,2011-08-05,437,2011-08-01,2011-08-08,17,16,10,58.8235294118,45.5696202532,43
437,2011-08-01,2011-08-08,438,2011-08-04,2011-08-11,16,16,8,50.0,23.0769230769,50
438,2011-08-04,2011-08-11,439,2011-08-07,2011-08-14,16,18,14,87.5,72.5490196078,14
439,2011-08-07,2011-08-14,440,2011-08-10,2011-08-17,18,15,11,61.1111111111,31.9444444444,49
440,2011-08-10,2011-08-17,441,2011-08-13,2011-08-20,15,14,9,60.0,41.3043478261,27
441,2011-08-13,2011-08-20,442,2011-08-16,2011-08-23,14,18,9,64.2857142857,47.3684210526,20
442,2011-08-16,2011-08-23,443,2011-08-19,2011-08-26,18,18,13,72.2222222222,48.7179487179,40
443,2011-08-19,2011-08-26,444,2011-08-22,2011-08-29,18,17,13,72.2222222222,57.1428571429,24
444,2011-08-22,2011-08-29,445,2011-08-25,2011-09-01,17,17,12,70.5882352941,55.3571428571,25
445,2011-08-25,2011-09-01,446,2011-08-28,2011-09-04,17,19,13,76.4705882353,45.1612903226,34
446,2011-08-28,2011-09-04,447,2011-08-31,2011-09-07,19,14,5,26.3157894737,14.7540983607,52
447,2011-08-31,2011-09-07,448,2011-09-03,2011-09-10,14,18,9,64.2857142857,43.2432432432,21
448,2011-09-03,2011-09-10,449,2011-09-06,2011-09-13,18,18,12,66.6666666667,53.7037037037,25
449,2011-09-06,2011-09-13,450,2011-09-09,2011-09-16,18,17,11,61.1111111111,39.7058823529,41
450,2011-09-09,2011-09-16,451,2011-09-12,2011-09-19,17,16,10,58.8235294118,27.7777777778,39
451,2011-09-12,2011-09-19,452,2011-09-15,2011-09-22,16,18,10,62.5,28.8888888889,32
452,2011-09-15,2011-09-22,453,2011-09-18,2011-09-25,18,14,8,44.4444444444,24.2857142857,53
453,2011-09-18,2011-09-25,454,2011-09-21,2011-09-28,14,16,7,50.0,33.8983050847,39
454,2011-09-21,2011-09-28,455,2011-09-24,2011-10-01,16,18,11,68.75,56.338028169,31
455,2011-09-24,2011-10-01,456,2011-09-27,2011-10-04,18,17,12,66.6666666667,41.4285714286,41
456,2011-09-27,2011-10-04,457,2011-09-30,2011-10-07,17,17,11,64.7058823529,38.7755102041,30
457,2011-09-30,2011-10-07,458,2011-10-03,2011-10-10,17,19,14,82.3529411765,68.4210526316,18
458,2011-10-03,2011-10-10,459,2011-10-06,2011-10-13,19,18,10,52.6315789474,29.7619047619,59
459,2011-10-06,2011-10-13,460,2011-10-09,2011-10-16,18,18,12,66.6666666667,49.2307692308,33
460,2011-10-09,2011-10-16,461,2011-10-12,2011-10-19,18,16,9,50.0,22.5,62
461,2011-10-12,2011-10-19,462,2011-10-15,2011-10-22,16,18,11,68.75,55.3191489362,21
462,2011-10-15,2011-10-22,463,2011-10-18,2011-10-25,18,15,10,55.5555555556,50.9433962264,26
463,2011-10-18,2011-10-25,464,2011-10-21,2011-10-28,15,17,8,53.3333333333,25.0,33
464,2011-10-21,2011-10-28,465,2011-10-24,2011-10-31,17,17,13,76.4705882353,75.4716981132,13
465,2011-10-24,2011-10-31,466,2011-10-27,2011-11-03,17,14,9,52.9411764706,36.2068965517,37
466,2011-10-27,2011-11-03,467,2011-10-30,2011-11-06,14,16,11,78.5714285714,58.5365853659,17
467,2011-10-30,2011-11-06,468,2011-11-02,2011-11-09,16,15,11,68.75,54.0540540541,17
468,2011-11-02,2011-11-09,469,2011-11-05,2011-11-12,15,14,11,73.3333333333,73.5849056604,14
469,2011-11-05,2011-11-12,470,2011-11-08,2011-11-15,14,12,7,50.0,35.1851851852,35
470,2011-11-08,2011-11-15,471,2011-11-11,2011-11-18,12,6,4,33.3333333333,18.9189189189,30
471,2011-11-11,2011-11-18,472,2011-11-14,2011-11-21,6,17,4,66.6666666667,50.0,7
472,2011-11-14,2011-11-21,473,2011-11-17,2011-11-24,17,16,11,64.7058823529,43.1034482759,33
473,2011-11-17,2011-11-24,474,2011-11-20,2011-11-27,16,16,10,62.5,43.3962264151,30
474,2011-11-20,2011-11-27,475,2011-11-23,2011-11-30,16,18,11,68.75,50.8771929825,28
475,2011-11-23,2011-11-30,476,2011-11-26,2011-12-03,18,18,13,72.2222222222,51.3888888889,35
476,2011-11-26,2011-12-03,477,2011-11-29,2011-12-06,18,20,12,66.6666666667,55.0,27
477,2011-11-29,2011-12-06,478,2011-12-02,2011-12-09,20,20,15,75.0,62.6506024096,31
478,2011-12-02,2011-12-09,479,2011-12-05,2011-12-12,20,19,16,80.0,57.6923076923,44
479,2011-12-05,2011-12-12,480,2011-12-08,2011-12-15,19,20,12,63.1578947368,52.4390243902,39
480,2011-12-08,2011-12-15,481,2011-12-11,2011-12-18,20,19,15,75.0,64.6017699115,40
481,2011-12-11,2011-12-18,482,2011-12-14,2011-12-21,19,19,13,68.4210526316,48.0,52
482,2011-12-14,2011-12-21,483,2011-12-17,2011-12-24,19,18,12,63.1578947368,40.4761904762,50
483,2011-12-17,2011-12-24,484,2011-12-20,2011-12-27,18,19,12,66.6666666667,52.0547945205,35
484,2011-12-20,2011-12-27,485,2011-12-23,2011-12-30,19,17,10,52.6315789474,34.9397590361,54
485,2011-12-23,2011-12-30,486,2011-12-26,2012-01-02,17,18,11,64.7058823529,55.3571428571,25
486,2011-12-26,2012-01-02,487,2011-12-29,2012-01-05,18,19,10,55.5555555556,31.5789473684,39
487,2011-12-29,2012-01-05,488,2012-01-01,2012-01-08,19,20,12,63.1578947368,49.3150684932,37
488,2012-01-01,2012-01-08,489,2012-01-04,2012-01-11,20,19,15,75.0,51.5463917526,47
489,2012-01-04,2012-01-11,490,2012-01-07,2012-01-14,19,20,14,73.6842105263,56.1797752809,39
490,2012-01-07,2012-01-14,491,2012-01-10,2012-01-17,20,20,15,75.0,54.5454545455,40
491,2012-01-10,2012-01-17,492,2012-01-13,2012-01-20,20,20,15,75.0,64.8936170213,33
492,2012-01-13,2012-01-20,493,2012-01-16,2012-01-23,20,20,16,80.0,52.2123893805,54
493,2012-01-16,2012-01-23,494,2012-01-19,2012-01-26,20,18,15,75.0,53.2710280374,50
494,2012-01-19,2012-01-26,495,2012-01-22,2012-01-29,18,18,11,61.1111111111,44.8598130841,59
495,2012-01-22,2012-01-29,496,2012-01-25,2012-02-01,18,18,13,72.2222222222,45.2830188679,58
496,2012-01-25,2012-02-01,497,2012-01-28,2012-02-04,18,17,9,50.0,23.75,61
497,2012-01-28,2012-02-04,498,2012-01-31,2012-02-07,17,16,11,64.7058823529,54.0,23
498,2012-01-31,2012-02-07,499,2012-02-03,2012-02-10,16,18,12,75.0,58.0,21
499,2012-02-03,2012-02-10,500,2012-02-06,2012-02-13,18,19,14,77.7777777778,65.7142857143,24
500,2012-02-06,2012-02-13,501,2012-02-09,2012-02-16,19,20,13,68.4210526316,61.7647058824,26
501,2012-02-09,2012-02-16,502,2012-02-12,2012-02-19,20,20,16,80.0,69.2307692308,28
502,2012-02-12,2012-02-19,503,2012-02-15,2012-02-22,20,20,17,85.0,67.3913043478,30
503,2012-02-15,2012-02-22,504,2012-02-18,2012-02-25,20,19,17,85.0,67.7777777778,29
504,2012-02-18,2012-02-25,505,2012-02-21,2012-02-28,19,19,14,73.6842105263,48.8888888889,46
505,2012-02-21,2012-02-28,506,2012-02-24,2012-03-02,19,19,13,68.4210526316,46.25,43
506,2012-02-24,2012-03-02,507,2012-02-27,2012-03-05,19,17,13,68.4210526316,59.4936708861,32
507,2012-02-27,2012-03-05,508,2012-03-01,2012-03-08,17,18,12,70.5882352941,58.904109589,30
508,2012-03-01,2012-03-08,509,2012-03-04,2012-03-11,18,18,14,77.7777777778,51.1363636364,43
509,2012-03-04,2012-03-11,510,2012-03-07,2012-03-14,18,17,13,72.2222222222,45.652173913,50
510,2012-03-07,2012-03-14,511,2012-03-10,2012-03-17,17,18,11,64.7058823529,60.0,30
511,2012-03-10,2012-03-17,512,2012-03-13,2012-03-20,18,18,14,77.7777777778,40.0,66
512,2012-03-13,2012-03-20,513,2012-03-16,2012-03-23,18,19,14,77.7777777778,69.5652173913,21
513,2012-03-16,2012-03-23,514,2012-03-19,2012-03-26,19,18,15,78.9473684211,49.4845360825,49
514,2012-03-19,2012-03-26,515,2012-03-22,2012-03-29,18,18,9,50.0,37.3333333333,47
515,2012-03-22,2012-03-29,516,2012-03-25,2012-04-01,18,19,13,72.2222222222,58.9743589744,32
516,2012-03-25,2012-04-01,517,2012-03-28,2012-04-04,19,18,14,73.6842105263,44.7619047619,58
517,2012-03-28,2012-04-04,518,2012-03-31,2012-04-07,18,15,11,61.1111111111,34.2465753425,48
518,2012-03-31,2012-04-07,519,2012-04-03,2012-04-10,15,13,4,26.6666666667,20.9302325581,34
519,2012-04-03,2012-04-10,520,2012-04-06,2012-04-13,13,18,8,61.5384615385,51.0638297872,23
520,2012-04-06,2012-04-13,521,2012-04-09,2012-04-16,18,17,13,72.2222222222,42.4657534247,42
521,2012-04-09,2012-04-16,522,2012-04-12,2012-04-19,17,19,10,58.8235294118,52.3076923077,31
522,2012-04-12,2012-04-19,523,2012-04-15,2012-04-22,19,20,14,73.6842105263,52.1126760563,34
523,2012-04-15,2012-04-22,524,2012-04-18,2012-04-25,20,20,14,70.0,57.4712643678,37
524,2012-04-18,2012-04-25,525,2012-04-21,2012-04-28,20,18,12,60.0,44.3181818182,49
525,2012-04-21,2012-04-28,526,2012-04-24,2012-05-01,18,17,13,72.2222222222,47.5,42
526,2012-04-24,2012-05-01,527,2012-04-27,2012-05-04,17,19,10,58.8235294118,43.2835820896,38
527,2012-04-27,2012-05-04,528,2012-04-30,2012-05-07,19,17,11,57.8947368421,37.3626373626,57
528,2012-04-30,2012-05-07,529,2012-05-03,2012-05-10,17,17,13,76.4705882353,63.6363636364,24
529,2012-05-03,2012-05-10,530,2012-05-06,2012-05-13,17,17,12,70.5882352941,63.3333333333,22
530,2012-05-06,2012-05-13,531,2012-05-09,2012-05-16,17,17,13,76.4705882353,56.4102564103,34
531,2012-05-09,2012-05-16,532,2012-05-12,2012-05-19,17,18,12,70.5882352941,52.3076923077,31
532,2012-05-12,2012-05-19,533,2012-05-15,2012-05-22,18,19,11,61.1111111111,36.3636363636,42
533,2012-05-15,2012-05-22,534,2012-05-18,2012-05-25,19,18,14,73.6842105263,75.7575757576,16
534,2012-05-18,2012-05-25,535,2012-05-21,2012-05-28,18,18,13,72.2222222222,59.0,41
535,2012-05-21,2012-05-28,536,2012-05-24,2012-05-31,18,19,12,66.6666666667,30.2083333333,67
536,2012-05-24,2012-05-31,537,2012-05-27,2012-06-03,19,19,12,63.1578947368,44.9275362319,38
537,2012-05-27,2012-06-03,538,2012-05-30,2012-06-06,19,19,12,63.1578947368,44.0476190476,47
538,2012-05-30,2012-06-06,539,2012-06-02,2012-06-09,19,19,11,57.8947368421,39.1891891892,45
539,2012-06-02,2012-06-09,540,2012-06-05,2012-06-12,19,17,13,68.4210526316,57.3170731707,35
540,2012-06-05,2012-06-12,541,2012-06-08,2012-06-15,17,18,12,70.5882352941,50.6329113924,39
541,2012-06-08,2012-06-15,542,2012-06-11,2012-06-18,18,18,14,77.7777777778,65.3333333333,26
542,2012-06-11,2012-06-18,543,2012-06-14,2012-06-21,18,18,15,83.3333333333,70.1492537313,20
543,2012-06-14,2012-06-21,544,2012-06-17,2012-06-24,18,19,14,77.7777777778,47.8873239437,37
544,2012-06-17,2012-06-24,545,2012-06-20,2012-06-27,19,18,13,68.4210526316,69.4915254237,18
545,2012-06-20,2012-06-27,546,2012-06-23,2012-06-30,18,17,14,77.7777777778,66.1764705882,23
546,2012-06-23,2012-06-30,547,2012-06-26,2012-07-03,17,15,8,47.0588235294,36.3636363636,42
547,2012-06-26,2012-07-03,548,2012-06-29,2012-07-06,15,17,10,66.6666666667,56.8965517241,25
548,2012-06-29,2012-07-06,549,2012-07-02,2012-07-09,17,19,11,64.7058823529,63.4920634921,23
549,2012-07-02,2012-07-09,550,2012-07-05,2012-07-12,19,19,11,57.8947368421,43.2098765432,46
550,2012-07-05,2012-07-12,551,2012-07-08,2012-07-15,19,20,17,89.4736842105,79.5180722892,17
551,2012-07-08,2012-07-15,552,2012-07-11,2012-07-18,20,20,11,55.0,40.8163265306,58
552,2012-07-11,2012-07-18,553,2012-07-14,2012-07-21,20,18,13,65.0,59.595959596,40
553,2012-07-14,2012-07-21,554,2012-07-17,2012-07-24,18,19,13,72.2222222222,61.2244897959,38
554,2012-07-17,2012-07-24,555,2012-07-20,2012-07-27,19,19,15,78.9473684211,68.2692307692,33
555,2012-07-20,2012-07-27,556,2012-07-23,2012-07-30,19,19,15,78.9473684211,70.5357142857,33
556,2012-07-23,2012-07-30,557,2012-07-26,2012-08-02,19,17,10,52.6315789474,41.3223140496,71
557,2012-07-26,2012-08-02,558,2012-07-29,2012-08-05,17,19,13,76.4705882353,74.6835443038,20
558,2012-07-29,2012-08-05,559,2012-08-01,2012-08-08,19,18,14,73.6842105263,50.0,60
559,2012-08-01,2012-08-08,560,2012-08-04,2012-08-11,18,20,13,72.2222222222,58.1395348837,36
560,2012-08-04,2012-08-11,561,2012-08-07,2012-08-14,20,20,16,80.0,62.8571428571,39
561,2012-08-07,2012-08-14,562,2012-08-10,2012-08-17,20,20,15,75.0,43.8016528926,68
562,2012-08-10,2012-08-17,563,2012-08-13,2012-08-20,20,19,12,60.0,46.6666666667,48
563,2012-08-13,2012-08-20,564,2012-08-16,2012-08-23,19,19,16,84.2105263158,61.8181818182,42
564,2012-08-16,2012-08-23,565,2012-08-19,2012-08-26,19,19,12,63.1578947368,59.3406593407,37
565,2012-08-19,2012-08-26,566,2012-08-22,2012-08-29,19,19,15,78.9473684211,51.0,49
566,2012-08-22,2012-08-29,567,2012-08-25,2012-09-01,19,20,13,68.4210526316,61.4285714286,27
567,2012-08-25,2012-09-01,568,2012-08-28,2012-09-04,20,20,15,75.0,55.421686747,37
568,2012-08-28,2012-09-04,569,2012-08-31,2012-09-07,20,19,16,80.0,68.6868686869,31
569,2012-08-31,2012-09-07,570,2012-09-03,2012-09-10,19,19,14,73.6842105263,67.0,33
570,2012-09-03,2012-09-10,571,2012-09-06,2012-09-13,19,19,15,78.9473684211,68.4210526316,36
571,2012-09-06,2012-09-13,572,2012-09-09,2012-09-16,19,20,15,78.9473684211,38.3333333333,74
572,2012-09-09,2012-09-16,573,2012-09-12,2012-09-19,20,20,15,75.0,56.8421052632,41
573,2012-09-12,2012-09-19,574,2012-09-15,2012-09-22,20,20,17,85.0,63.7254901961,37
574,2012-09-15,2012-09-22,575,2012-09-18,2012-09-25,20,19,15,75.0,64.8148148148,38
575,2012-09-18,2012-09-25,576,2012-09-21,2012-09-28,19,19,16,84.2105263158,69.7916666667,29
576,2012-09-21,2012-09-28,577,2012-09-24,2012-10-01,19,19,16,84.2105263158,55.9139784946,41
577,2012-09-24,2012-10-01,578,2012-09-27,2012-10-04,19,19,14,73.6842105263,60.2739726027,29
578,2012-09-27,2012-10-04,579,2012-09-30,2012-10-07,19,20,12,63.1578947368,60.0,32
579,2012-09-30,2012-10-07,580,2012-10-03,2012-10-10,20,19,12,60.0,44.6601941748,57
580,2012-10-03,2012-10-10,581,2012-10-06,2012-10-13,19,19,13,68.4210526316,47.7777777778,47
581,2012-10-06,2012-10-13,582,2012-10-09,2012-10-16,19,18,14,73.6842105263,60.6741573034,35
582,2012-10-09,2012-10-16,583,2012-10-12,2012-10-19,18,17,11,61.1111111111,55.6962025316,35
583,2012-10-12,2012-10-19,584,2012-10-15,2012-10-22,17,19,13,76.4705882353,60.0,30
584,2012-10-15,2012-10-22,585,2012-10-18,2012-10-25,19,20,14,73.6842105263,61.4457831325,32
585,2012-10-18,2012-10-25,586,2012-10-21,2012-10-28,20,20,15,75.0,66.3043478261,31
586,2012-10-21,2012-10-28,587,2012-10-24,2012-10-31,20,20,17,85.0,58.3333333333,45
587,2012-10-24,2012-10-31,588,2012-10-27,2012-11-03,20,20,18,90.0,85.5555555556,13
588,2012-10-27,2012-11-03,589,2012-10-30,2012-11-06,20,20,16,80.0,71.5789473684,27
589,2012-10-30,2012-11-06,590,2012-11-02,2012-11-09,20,19,14,70.0,63.6363636364,36
590,2012-11-02,2012-11-09,591,2012-11-05,2012-11-12,19,19,15,78.9473684211,64.2201834862,39
591,2012-11-05,2012-11-12,592,2012-11-08,2012-11-15,19,19,15,78.9473684211,59.4339622642,43
592,2012-11-08,2012-11-15,593,2012-11-11,2012-11-18,19,19,12,63.1578947368,43.6170212766,53
593,2012-11-11,2012-11-18,594,2012-11-14,2012-11-21,19,20,15,78.9473684211,68.2352941176,27
594,2012-11-14,2012-11-21,595,2012-11-17,2012-11-24,20,20,16,80.0,70.3703703704,32
595,2012-11-17,2012-11-24,596,2012-11-20,2012-11-27,20,20,17,85.0,78.9915966387,25
596,2012-11-20,2012-11-27,597,2012-11-23,2012-11-30,20,19,14,70.0,53.2786885246,57
597,2012-11-23,2012-11-30,598,2012-11-26,2012-12-03,19,19,15,78.9473684211,65.2173913043,40
598,2012-11-26,2012-12-03,599,2012-11-29,2012-12-06,19,19,13,68.4210526316,52.3364485981,51
599,2012-11-29,2012-12-06,600,2012-12-02,2012-12-09,19,19,15,78.9473684211,56.976744186,37
600,2012-12-02,2012-12-09,601,2012-12-05,2012-12-12,19,19,13,68.4210526316,53.164556962,37
601,2012-12-05,2012-12-12,602,2012-12-08,2012-12-15,19,20,13,68.4210526316,56.338028169,31
602,2012-12-08,2012-12-15,603,2012-12-11,2012-12-18,20,19,16,80.0,72.6315789474,26
603,2012-12-11,2012-12-18,604,2012-12-14,2012-12-21,19,18,13,68.4210526316,48.9583333333,49
604,2012-12-14,2012-12-21,605,2012-12-17,2012-12-24,18,17,13,72.2222222222,61.5384615385,30
605,2012-12-17,2012-12-24,606,2012-12-20,2012-12-27,17,17,12,70.5882352941,55.4054054054,33
606,2012-12-20,2012-12-27,607,2012-12-23,2012-12-30,17,20,11,64.7058823529,42.5287356322,50
607,2012-12-23,2012-12-30,608,2012-12-26,2013-01-02,20,19,14,70.0,48.4210526316,49
608,2012-12-26,2013-01-02,609,2012-12-29,2013-01-05,19,19,13,68.4210526316,43.3734939759,47
609,2012-12-29,2013-01-05,610,2013-01-01,2013-01-08,19,18,11,57.8947368421,39.0804597701,53
610,2013-01-01,2013-01-08,611,2013-01-04,2013-01-11,18,18,15,83.3333333333,67.4698795181,27
611,2013-01-04,2013-01-11,612,2013-01-07,2013-01-14,18,19,14,77.7777777778,56.0,33
612,2013-01-07,2013-01-14,613,2013-01-10,2013-01-17,19,19,14,73.6842105263,50.0,43
613,2013-01-10,2013-01-17,614,2013-01-13,2013-01-20,19,20,14,73.6842105263,62.6865671642,25
614,2013-01-13,2013-01-20,615,2013-01-16,2013-01-23,20,20,15,75.0,64.8351648352,32
615,2013-01-16,2013-01-23,616,2013-01-19,2013-01-26,20,20,17,85.0,84.375,15
616,2013-01-19,2013-01-26,617,2013-01-22,2013-01-29,20,18,14,70.0,53.0612244898,46
617,2013-01-22,2013-01-29,618,2013-01-25,2013-02-01,18,18,14,77.7777777778,74.0740740741,21
618,2013-01-25,2013-02-01,619,2013-01-28,2013-02-04,18,19,14,77.7777777778,42.0454545455,51
619,2013-01-28,2013-02-04,620,2013-01-31,2013-02-07,19,16,13,68.4210526316,56.9230769231,28
620,2013-01-31,2013-02-07,621,2013-02-03,2013-02-10,16,19,13,81.25,73.4693877551,13
621,2013-02-03,2013-02-10,622,2013-02-06,2013-02-13,19,20,18,94.7368421053,86.5853658537,11
622,2013-02-06,2013-02-13,623,2013-02-09,2013-02-16,20,20,16,80.0,63.4408602151,34
623,2013-02-09,2013-02-16,624,2013-02-12,2013-02-19,20,19,14,70.0,40.2298850575,52
624,2013-02-12,2013-02-19,625,2013-02-15,2013-02-22,19,19,13,68.4210526316,63.6363636364,24
625,2013-02-15,2013-02-22,626,2013-02-18,2013-02-25,19,19,15,78.9473684211,69.5652173913,21
626,2013-02-18,2013-02-25,627,2013-02-21,2013-02-28,19,18,13,68.4210526316,57.3170731707,35
627,2013-02-21,2013-02-28,628,2013-02-24,2013-03-03,18,17,12,66.6666666667,44.1860465116,48
628,2013-02-24,2013-03-03,629,2013-02-27,2013-03-06,17,18,14,82.3529411765,55.223880597,30
629,2013-02-27,2013-03-06,630,2013-03-02,2013-03-09,18,18,12,66.6666666667,59.1549295775,29
630,2013-03-02,2013-03-09,631,2013-03-05,2013-03-12,18,18,15,83.3333333333,72.7272727273,21
631,2013-03-05,2013-03-12,632,2013-03-08,2013-03-15,18,17,12,66.6666666667,45.8333333333,39
632,2013-03-08,2013-03-15,633,2013-03-11,2013-03-18,17,15,11,64.7058823529,45.5882352941,37
633,2013-03-11,2013-03-18,634,2013-03-14,2013-03-21,15,16,8,53.3333333333,36.7346938776,31
634,2013-03-14,2013-03-21,635,2013-03-17,2013-03-24,16,17,10,62.5,48.9361702128,24
635,2013-03-17,2013-03-24,636,2013-03-20,2013-03-27,17,16,10,58.8235294118,46.2962962963,29
636,2013-03-20,2013-03-27,637,2013-03-23,2013-03-30,16,19,13,81.25,75.0,15
637,2013-03-23,2013-03-30,638,2013-03-26,2013-04-02,19,17,10,52.6315789474,33.734939759,55
638,2013-03-26,2013-04-02,639,2013-03-29,2013-04-05,17,18,10,58.8235294118,49.2063492063,32
639,2013-03-29,2013-04-05,640,2013-04-01,2013-04-08,18,20,13,72.2222222222,57.8125,27
640,2013-04-01,2013-04-08,641,2013-04-04,2013-04-11,20,18,15,75.0,63.6363636364,28
641,2013-04-04,2013-04-11,642,2013-04-07,2013-04-14,18,17,14,77.7777777778,68.5714285714,22
642,2013-04-07,2013-04-14,643,2013-04-10,2013-04-17,17,19,15,88.2352941176,76.0563380282,17
643,2013-04-10,2013-04-17,644,2013-04-13,2013-04-20,19,18,13,68.4210526316,58.064516129,39
644,2013-04-13,2013-04-20,645,2013-04-16,2013-04-23,18,17,11,61.1111111111,50.0,44
645,2013-04-16,2013-04-23,646,2013-04-19,2013-04-26,17,19,13,76.4705882353,68.6746987952,26
646,2013-04-19,2013-04-26,647,2013-04-22,2013-04-29,19,18,11,57.8947368421,36.1111111111,69
647,2013-04-22,2013-04-29,648,2013-04-25,2013-05-02,18,18,12,66.6666666667,44.0476190476,47
648,2013-04-25,2013-05-02,649,2013-04-28,2013-05-05,18,17,11,61.1111111111,48.3333333333,31
649,2013-04-28,2013-05-05,650,2013-05-01,2013-05-08,17,18,13,76.4705882353,79.1666666667,10
650,2013-05-01,2013-05-08,651,2013-05-04,2013-05-11,18,16,12,66.6666666667,52.7777777778,34
651,2013-05-04,2013-05-11,652,2013-05-07,2013-05-14,16,15,7,43.75,27.7777777778,52
652,2013-05-07,2013-05-14,653,2013-05-10,2013-05-17,15,15,12,80.0,80.3278688525,12
653,2013-05-10,2013-05-17,654,2013-05-13,2013-05-20,15,17,10,66.6666666667,54.6875,29
654,2013-05-13,2013-05-20,655,2013-05-16,2013-05-23,17,15,12,70.5882352941,70.9302325581,25
655,2013-05-16,2013-05-23,656,2013-05-19,2013-05-26,15,18,9,60.0,38.75,49
656,2013-05-19,2013-05-26,657,2013-05-22,2013-05-29,18,18,13,72.2222222222,52.5,38
657,2013-05-22,2013-05-29,658,2013-05-25,2013-06-01,18,17,14,77.7777777778,63.768115942,25
658,2013-05-25,2013-06-01,659,2013-05-28,2013-06-04,17,18,10,58.8235294118,46.4285714286,30
659,2013-05-28,2013-06-04,660,2013-05-31,2013-06-07,18,20,14,77.7777777778,72.602739726,20
660,2013-05-31,2013-06-07,661,2013-06-03,2013-06-10,20,20,14,70.0,45.0549450549,50
661,2013-06-03,2013-06-10,662,2013-06-06,2013-06-13,20,19,13,65.0,52.7777777778,34
662,2013-06-06,2013-06-13,663,2013-06-09,2013-06-16,19,19,14,73.6842105263,69.4444444444,22
663,2013-06-09,2013-06-16,664,2013-06-12,2013-06-19,19,20,15,78.9473684211,65.4320987654,28
664,2013-06-12,2013-06-19,665,2013-06-15,2013-06-22,20,19,14,70.0,70.6666666667,22
665,2013-06-15,2013-06-22,666,2013-06-18,2013-06-25,19,18,11,57.8947368421,30.1075268817,65
666,2013-06-18,2013-06-25,667,2013-06-21,2013-06-28,18,17,12,66.6666666667,48.4848484848,34
667,2013-06-21,2013-06-28,668,2013-06-24,2013-07-01,17,17,12,70.5882352941,47.3684210526,30
668,2013-06-24,2013-07-01,669,2013-06-27,2013-07-04,17,11,5,29.4117647059,18.0,41
669,2013-06-27,2013-07-04,670,2013-06-30,2013-07-06,11,12,6,54.5454545455,41.935483871,18
670,2013-06-30,2013-07-06,671,2013-07-03,2013-07-06,12,6,0,0.0,0.0,36
