1,2008-01-01 - 2008-01-08,2,2008-01-04 - 2008-01-11,0,30,6,60.0,70.0
2,2008-01-04 - 2008-01-11,3,2008-01-07 - 2008-01-14,0,47,5,47.191011236,75.0
3,2008-01-07 - 2008-01-14,4,2008-01-10 - 2008-01-17,0,24,5,63.0769230769,75.0
4,2008-01-10 - 2008-01-17,5,2008-01-13 - 2008-01-20,0,24,5,65.2173913043,75.0
5,2008-01-13 - 2008-01-20,6,2008-01-16 - 2008-01-23,0,27,4,60.8695652174,80.0
6,2008-01-16 - 2008-01-23,7,2008-01-19 - 2008-01-26,0,19,4,73.6111111111,80.0
7,2008-01-19 - 2008-01-26,8,2008-01-22 - 2008-01-29,0,25,3,71.9101123596,85.0
8,2008-01-22 - 2008-01-29,9,2008-01-25 - 2008-02-01,0,39,5,51.8518518519,75.0
9,2008-01-25 - 2008-02-01,10,2008-01-28 - 2008-02-04,0,27,5,61.4285714286,73.6842105263
10,2008-01-28 - 2008-02-04,11,2008-01-31 - 2008-02-07,0,39,4,56.1797752809,80.0
11,2008-01-31 - 2008-02-07,12,2008-02-03 - 2008-02-10,0,58,7,44.2307692308,65.0
12,2008-02-03 - 2008-02-10,13,2008-02-06 - 2008-02-13,0,28,4,64.5569620253,77.7777777778
13,2008-02-06 - 2008-02-13,14,2008-02-09 - 2008-02-16,0,55,7,37.5,63.1578947368
14,2008-02-09 - 2008-02-16,15,2008-02-12 - 2008-02-19,0,25,3,64.2857142857,85.0
15,2008-02-12 - 2008-02-19,16,2008-02-15 - 2008-02-22,0,40,6,42.0289855072,70.0
16,2008-02-15 - 2008-02-22,17,2008-02-18 - 2008-02-25,0,21,4,70.4225352113,80.0
17,2008-02-18 - 2008-02-25,18,2008-02-21 - 2008-02-28,0,22,6,70.2702702703,68.4210526316
18,2008-02-21 - 2008-02-28,19,2008-02-24 - 2008-03-02,0,26,3,63.3802816901,84.2105263158
19,2008-02-24 - 2008-03-02,20,2008-02-27 - 2008-03-05,0,38,9,42.4242424242,55.0
20,2008-02-27 - 2008-03-05,21,2008-03-01 - 2008-03-08,0,22,4,68.115942029,77.7777777778
21,2008-03-01 - 2008-03-08,22,2008-03-04 - 2008-03-11,0,35,4,62.3655913978,80.0
22,2008-03-04 - 2008-03-11,23,2008-03-07 - 2008-03-14,0,57,7,31.3253012048,63.1578947368
23,2008-03-07 - 2008-03-14,24,2008-03-10 - 2008-03-17,0,26,6,57.3770491803,70.0
24,2008-03-10 - 2008-03-17,25,2008-03-13 - 2008-03-20,0,24,6,66.6666666667,70.0
25,2008-03-13 - 2008-03-20,26,2008-03-16 - 2008-03-23,0,49,5,54.6296296296,75.0
26,2008-03-16 - 2008-03-23,27,2008-03-19 - 2008-03-26,0,55,7,40.2173913043,65.0
27,2008-03-19 - 2008-03-26,28,2008-03-22 - 2008-03-29,0,16,3,77.1428571429,84.2105263158
28,2008-03-22 - 2008-03-29,29,2008-03-25 - 2008-04-01,0,32,4,61.4457831325,80.0
29,2008-03-25 - 2008-04-01,30,2008-03-28 - 2008-04-04,0,40,6,48.0519480519,68.4210526316
30,2008-03-28 - 2008-04-04,31,2008-03-31 - 2008-04-07,0,34,5,55.2631578947,75.0
31,2008-03-31 - 2008-04-07,32,2008-04-03 - 2008-04-10,0,44,7,38.0281690141,65.0
32,2008-04-03 - 2008-04-10,33,2008-04-06 - 2008-04-13,0,44,10,30.1587301587,50.0
33,2008-04-06 - 2008-04-13,34,2008-04-09 - 2008-04-16,0,30,5,56.5217391304,72.2222222222
34,2008-04-09 - 2008-04-16,35,2008-04-12 - 2008-04-19,0,32,6,58.4415584416,70.0
35,2008-04-12 - 2008-04-19,36,2008-04-15 - 2008-04-22,0,44,8,36.231884058,57.8947368421
36,2008-04-15 - 2008-04-22,37,2008-04-18 - 2008-04-25,0,29,4,50.8474576271,78.9473684211
37,2008-04-18 - 2008-04-25,38,2008-04-21 - 2008-04-28,0,38,6,45.7142857143,70.0
38,2008-04-21 - 2008-04-28,39,2008-04-24 - 2008-05-01,0,34,6,52.7777777778,70.0
39,2008-04-24 - 2008-05-01,40,2008-04-27 - 2008-05-04,0,43,6,45.5696202532,70.0
40,2008-04-27 - 2008-05-04,41,2008-04-30 - 2008-05-07,0,15,4,80.5194805195,80.0
41,2008-04-30 - 2008-05-07,42,2008-05-03 - 2008-05-10,0,44,6,42.1052631579,68.4210526316
42,2008-05-03 - 2008-05-10,43,2008-05-06 - 2008-05-13,0,33,5,58.2278481013,75.0
43,2008-05-06 - 2008-05-13,44,2008-05-09 - 2008-05-16,0,26,4,62.3188405797,80.0
44,2008-05-09 - 2008-05-16,45,2008-05-12 - 2008-05-19,0,42,6,46.835443038,70.0
45,2008-05-12 - 2008-05-19,46,2008-05-15 - 2008-05-22,0,22,2,66.6666666667,89.4736842105
46,2008-05-15 - 2008-05-22,47,2008-05-18 - 2008-05-25,0,27,5,61.4285714286,75.0
47,2008-05-18 - 2008-05-25,48,2008-05-21 - 2008-05-28,0,27,2,63.5135135135,90.0
48,2008-05-21 - 2008-05-28,49,2008-05-24 - 2008-05-31,0,18,2,70.4918032787,89.4736842105
49,2008-05-24 - 2008-05-31,50,2008-05-27 - 2008-06-03,0,27,4,57.1428571429,80.0
50,2008-05-27 - 2008-06-03,51,2008-05-30 - 2008-06-06,0,23,5,53.0612244898,73.6842105263
51,2008-05-30 - 2008-06-06,52,2008-06-02 - 2008-06-09,0,29,4,52.4590163934,78.9473684211
52,2008-06-02 - 2008-06-09,53,2008-06-05 - 2008-06-12,0,26,7,50.9433962264,63.1578947368
53,2008-06-05 - 2008-06-12,54,2008-06-08 - 2008-06-15,0,30,7,53.125,63.1578947368
54,2008-06-08 - 2008-06-15,55,2008-06-11 - 2008-06-18,0,35,5,47.7611940299,75.0
55,2008-06-11 - 2008-06-18,56,2008-06-14 - 2008-06-21,0,36,7,50.0,65.0
56,2008-06-14 - 2008-06-21,57,2008-06-17 - 2008-06-24,0,25,5,67.9487179487,75.0
57,2008-06-17 - 2008-06-24,58,2008-06-20 - 2008-06-27,0,46,5,57.0093457944,75.0
58,2008-06-20 - 2008-06-27,59,2008-06-23 - 2008-06-30,0,41,4,58.5858585859,80.0
59,2008-06-23 - 2008-06-30,60,2008-06-26 - 2008-07-03,0,36,4,57.1428571429,80.0
60,2008-06-26 - 2008-07-03,61,2008-06-29 - 2008-07-06,0,40,6,51.2195121951,70.0
61,2008-06-29 - 2008-07-06,62,2008-07-02 - 2008-07-09,0,34,8,50.0,60.0
62,2008-07-02 - 2008-07-09,63,2008-07-05 - 2008-07-12,0,24,4,54.7169811321,76.4705882353
63,2008-07-05 - 2008-07-12,64,2008-07-08 - 2008-07-15,0,30,6,54.5454545455,68.4210526316
64,2008-07-08 - 2008-07-15,65,2008-07-11 - 2008-07-18,0,39,5,40.0,72.2222222222
65,2008-07-11 - 2008-07-18,66,2008-07-14 - 2008-07-21,0,29,4,56.0606060606,78.9473684211
66,2008-07-14 - 2008-07-21,67,2008-07-17 - 2008-07-24,0,19,4,67.2413793103,78.9473684211
67,2008-07-17 - 2008-07-24,68,2008-07-20 - 2008-07-27,0,25,5,55.3571428571,72.2222222222
68,2008-07-20 - 2008-07-27,69,2008-07-23 - 2008-07-30,0,22,3,66.6666666667,85.0
69,2008-07-23 - 2008-07-30,70,2008-07-26 - 2008-08-02,0,39,7,50.6329113924,65.0
70,2008-07-26 - 2008-08-02,71,2008-07-29 - 2008-08-05,0,40,7,56.043956044,65.0
71,2008-07-29 - 2008-08-05,72,2008-08-01 - 2008-08-08,0,51,7,43.956043956,63.1578947368
72,2008-08-01 - 2008-08-08,73,2008-08-04 - 2008-08-11,0,37,5,58.8888888889,75.0
73,2008-08-04 - 2008-08-11,74,2008-08-07 - 2008-08-14,0,35,4,58.8235294118,80.0
74,2008-08-07 - 2008-08-14,75,2008-08-10 - 2008-08-17,0,61,8,26.5060240964,60.0
75,2008-08-10 - 2008-08-17,76,2008-08-13 - 2008-08-20,0,34,5,46.875,75.0
76,2008-08-13 - 2008-08-20,77,2008-08-16 - 2008-08-23,0,28,6,54.0983606557,70.0
77,2008-08-16 - 2008-08-23,78,2008-08-19 - 2008-08-26,0,44,9,32.3076923077,55.0
78,2008-08-19 - 2008-08-26,79,2008-08-22 - 2008-08-29,0,21,4,48.7804878049,73.3333333333
79,2008-08-22 - 2008-08-29,80,2008-08-25 - 2008-09-01,0,17,4,65.306122449,75.0
80,2008-08-25 - 2008-09-01,81,2008-08-28 - 2008-09-04,0,12,1,81.5384615385,94.7368421053
81,2008-08-28 - 2008-09-04,82,2008-08-31 - 2008-09-07,0,32,6,54.2857142857,70.0
82,2008-08-31 - 2008-09-07,83,2008-09-03 - 2008-09-10,0,33,5,55.4054054054,75.0
83,2008-09-03 - 2008-09-10,84,2008-09-06 - 2008-09-13,0,33,4,58.2278481013,80.0
84,2008-09-06 - 2008-09-13,85,2008-09-09 - 2008-09-16,0,32,6,49.2063492063,66.6666666667
85,2008-09-09 - 2008-09-16,86,2008-09-12 - 2008-09-19,0,15,1,75.0,93.75
86,2008-09-12 - 2008-09-19,87,2008-09-15 - 2008-09-22,0,24,5,61.9047619048,73.6842105263
87,2008-09-15 - 2008-09-22,88,2008-09-18 - 2008-09-25,0,24,3,64.1791044776,85.0
88,2008-09-18 - 2008-09-25,89,2008-09-21 - 2008-09-28,0,34,4,64.5833333333,80.0
89,2008-09-21 - 2008-09-28,90,2008-09-24 - 2008-10-01,0,46,7,53.5353535354,65.0
90,2008-09-24 - 2008-10-01,91,2008-09-27 - 2008-10-04,0,48,6,47.8260869565,70.0
91,2008-09-27 - 2008-10-04,92,2008-09-30 - 2008-10-07,0,38,5,52.5,75.0
92,2008-09-30 - 2008-10-07,93,2008-10-03 - 2008-10-10,0,44,5,48.8372093023,75.0
93,2008-10-03 - 2008-10-10,94,2008-10-06 - 2008-10-13,0,30,6,64.7058823529,70.0
94,2008-10-06 - 2008-10-13,95,2008-10-09 - 2008-10-16,0,43,7,57.4257425743,65.0
95,2008-10-09 - 2008-10-16,96,2008-10-12 - 2008-10-19,0,68,8,33.9805825243,60.0
96,2008-10-12 - 2008-10-19,97,2008-10-15 - 2008-10-22,0,31,4,60.2564102564,78.9473684211
97,2008-10-15 - 2008-10-22,98,2008-10-18 - 2008-10-25,0,48,6,46.0674157303,70.0
98,2008-10-18 - 2008-10-25,99,2008-10-21 - 2008-10-28,0,30,3,62.962962963,85.0
99,2008-10-21 - 2008-10-28,100,2008-10-24 - 2008-10-31,0,20,3,72.602739726,85.0
100,2008-10-24 - 2008-10-31,101,2008-10-27 - 2008-11-03,0,35,4,61.5384615385,80.0
101,2008-10-27 - 2008-11-03,102,2008-10-30 - 2008-11-06,0,57,7,30.487804878,65.0
102,2008-10-30 - 2008-11-06,103,2008-11-02 - 2008-11-09,0,11,3,79.6296296296,85.0
103,2008-11-02 - 2008-11-09,104,2008-11-05 - 2008-11-12,0,31,6,60.2564102564,70.0
104,2008-11-05 - 2008-11-12,105,2008-11-08 - 2008-11-15,0,24,3,70.7317073171,84.2105263158
105,2008-11-08 - 2008-11-15,106,2008-11-11 - 2008-11-18,0,56,7,39.7849462366,63.1578947368
106,2008-11-11 - 2008-11-18,107,2008-11-14 - 2008-11-21,0,33,4,59.2592592593,80.0
107,2008-11-14 - 2008-11-21,108,2008-11-17 - 2008-11-24,0,37,5,51.3157894737,75.0
108,2008-11-17 - 2008-11-24,109,2008-11-20 - 2008-11-27,0,29,7,56.7164179104,65.0
109,2008-11-20 - 2008-11-27,110,2008-11-23 - 2008-11-30,0,70,10,23.0769230769,50.0
110,2008-11-23 - 2008-11-30,111,2008-11-26 - 2008-12-03,0,25,5,56.1403508772,73.6842105263
111,2008-11-26 - 2008-12-03,112,2008-11-29 - 2008-12-06,0,20,6,63.6363636364,68.4210526316
112,2008-11-29 - 2008-12-06,113,2008-12-02 - 2008-12-09,0,29,4,66.6666666667,78.9473684211
113,2008-12-02 - 2008-12-09,114,2008-12-05 - 2008-12-12,0,51,6,50.0,68.4210526316
114,2008-12-05 - 2008-12-12,115,2008-12-08 - 2008-12-15,0,33,4,65.625,78.9473684211
115,2008-12-08 - 2008-12-15,116,2008-12-11 - 2008-12-18,0,49,7,44.3181818182,65.0
116,2008-12-11 - 2008-12-18,117,2008-12-14 - 2008-12-21,0,36,4,62.8865979381,80.0
117,2008-12-14 - 2008-12-21,118,2008-12-17 - 2008-12-24,0,55,8,36.0465116279,60.0
118,2008-12-17 - 2008-12-24,119,2008-12-20 - 2008-12-27,0,34,8,50.7246376812,57.8947368421
119,2008-12-20 - 2008-12-27,120,2008-12-23 - 2008-12-30,0,45,7,52.6315789474,65.0
120,2008-12-23 - 2008-12-30,121,2008-12-26 - 2009-01-02,0,41,6,45.3333333333,68.4210526316
121,2008-12-26 - 2009-01-02,122,2008-12-29 - 2009-01-05,0,36,8,37.9310344828,57.8947368421
122,2008-12-29 - 2009-01-05,123,2009-01-01 - 2009-01-08,0,35,7,47.7611940299,65.0
123,2009-01-01 - 2009-01-08,124,2009-01-04 - 2009-01-11,0,31,6,47.4576271186,68.4210526316
124,2009-01-04 - 2009-01-11,125,2009-01-07 - 2009-01-14,0,31,5,46.5517241379,75.0
125,2009-01-07 - 2009-01-14,126,2009-01-10 - 2009-01-17,0,21,4,67.1875,80.0
126,2009-01-10 - 2009-01-17,127,2009-01-13 - 2009-01-20,0,25,4,67.9487179487,80.0
127,2009-01-13 - 2009-01-20,128,2009-01-16 - 2009-01-23,0,34,4,61.3636363636,80.0
128,2009-01-16 - 2009-01-23,129,2009-01-19 - 2009-01-26,0,25,4,71.2643678161,80.0
129,2009-01-19 - 2009-01-26,130,2009-01-22 - 2009-01-29,0,32,6,58.4415584416,70.0
130,2009-01-22 - 2009-01-29,131,2009-01-25 - 2009-02-01,0,36,5,48.5714285714,73.6842105263
131,2009-01-25 - 2009-02-01,132,2009-01-28 - 2009-02-04,0,25,3,66.2162162162,85.0
132,2009-01-28 - 2009-02-04,133,2009-01-31 - 2009-02-07,0,28,5,67.4418604651,75.0
133,2009-01-31 - 2009-02-07,134,2009-02-03 - 2009-02-10,0,70,8,32.6923076923,60.0
134,2009-02-03 - 2009-02-10,135,2009-02-06 - 2009-02-13,0,31,6,50.0,64.7058823529
135,2009-02-06 - 2009-02-13,136,2009-02-09 - 2009-02-16,0,41,5,50.6024096386,73.6842105263
136,2009-02-09 - 2009-02-16,137,2009-02-12 - 2009-02-19,0,43,7,48.8095238095,65.0
137,2009-02-12 - 2009-02-19,138,2009-02-15 - 2009-02-22,0,34,5,59.5238095238,73.6842105263
138,2009-02-15 - 2009-02-22,139,2009-02-18 - 2009-02-25,0,38,5,52.5,75.0
139,2009-02-18 - 2009-02-25,140,2009-02-21 - 2009-02-28,0,44,9,35.2941176471,52.6315789474
140,2009-02-21 - 2009-02-28,141,2009-02-24 - 2009-03-03,0,28,4,59.4202898551,78.9473684211
141,2009-02-24 - 2009-03-03,142,2009-02-27 - 2009-03-06,0,29,6,55.3846153846,70.0
142,2009-02-27 - 2009-03-06,143,2009-03-02 - 2009-03-09,0,32,5,50.7692307692,73.6842105263
143,2009-03-02 - 2009-03-09,144,2009-03-05 - 2009-03-12,0,37,9,37.2881355932,55.0
144,2009-03-05 - 2009-03-12,145,2009-03-08 - 2009-03-15,0,41,8,48.1012658228,60.0
145,2009-03-08 - 2009-03-15,146,2009-03-11 - 2009-03-18,0,42,6,49.3975903614,68.4210526316
146,2009-03-11 - 2009-03-18,147,2009-03-14 - 2009-03-21,0,28,5,68.1818181818,73.6842105263
147,2009-03-14 - 2009-03-21,148,2009-03-17 - 2009-03-24,0,55,4,48.5981308411,78.9473684211
148,2009-03-17 - 2009-03-24,149,2009-03-20 - 2009-03-27,0,42,6,43.2432432432,68.4210526316
149,2009-03-20 - 2009-03-27,150,2009-03-23 - 2009-03-30,0,24,5,52.9411764706,72.2222222222
150,2009-03-23 - 2009-03-30,151,2009-03-26 - 2009-04-02,0,29,4,53.2258064516,78.9473684211
151,2009-03-26 - 2009-04-02,152,2009-03-29 - 2009-04-05,0,29,7,50.0,63.1578947368
152,2009-03-29 - 2009-04-05,153,2009-04-01 - 2009-04-08,0,34,5,59.5238095238,73.6842105263
153,2009-04-01 - 2009-04-08,154,2009-04-04 - 2009-04-11,0,39,5,61.0,75.0
154,2009-04-04 - 2009-04-11,155,2009-04-07 - 2009-04-14,0,50,6,43.1818181818,70.0
155,2009-04-07 - 2009-04-14,156,2009-04-10 - 2009-04-17,0,37,10,32.7272727273,44.4444444444
156,2009-04-10 - 2009-04-17,157,2009-04-13 - 2009-04-20,0,28,6,53.3333333333,68.4210526316
157,2009-04-13 - 2009-04-20,158,2009-04-16 - 2009-04-23,0,22,6,61.4035087719,66.6666666667
158,2009-04-16 - 2009-04-23,159,2009-04-19 - 2009-04-26,0,36,6,45.4545454545,66.6666666667
159,2009-04-19 - 2009-04-26,160,2009-04-22 - 2009-04-29,0,36,4,43.75,78.9473684211
160,2009-04-22 - 2009-04-29,161,2009-04-25 - 2009-05-02,0,33,10,31.25,50.0
161,2009-04-25 - 2009-05-02,162,2009-04-28 - 2009-05-05,0,20,3,55.5555555556,80.0
162,2009-04-28 - 2009-05-05,163,2009-05-01 - 2009-05-08,0,16,2,74.1935483871,88.2352941176
163,2009-05-01 - 2009-05-08,164,2009-05-04 - 2009-05-11,0,20,3,74.025974026,82.3529411765
164,2009-05-04 - 2009-05-11,165,2009-05-07 - 2009-05-14,0,39,6,61.7647058824,70.0
165,2009-05-07 - 2009-05-14,166,2009-05-10 - 2009-05-17,0,63,5,50.78125,72.2222222222
166,2009-05-10 - 2009-05-17,167,2009-05-13 - 2009-05-20,0,38,3,67.7966101695,85.0
167,2009-05-13 - 2009-05-20,168,2009-05-16 - 2009-05-23,0,63,5,43.75,75.0
168,2009-05-16 - 2009-05-23,169,2009-05-19 - 2009-05-26,0,21,5,74.0740740741,75.0
169,2009-05-19 - 2009-05-26,170,2009-05-22 - 2009-05-29,0,48,5,61.6,75.0
170,2009-05-22 - 2009-05-29,171,2009-05-25 - 2009-06-01,0,74,7,45.5882352941,65.0
171,2009-05-25 - 2009-06-01,172,2009-05-28 - 2009-06-04,0,53,4,58.59375,78.9473684211
172,2009-05-28 - 2009-06-04,173,2009-05-31 - 2009-06-07,0,73,7,34.2342342342,63.1578947368
173,2009-05-31 - 2009-06-07,174,2009-06-03 - 2009-06-10,0,34,5,66.0,73.6842105263
174,2009-06-03 - 2009-06-10,175,2009-06-06 - 2009-06-13,0,68,7,45.1612903226,65.0
175,2009-06-06 - 2009-06-13,176,2009-06-09 - 2009-06-16,0,54,4,59.0909090909,78.9473684211
176,2009-06-09 - 2009-06-16,177,2009-06-12 - 2009-06-19,0,50,4,61.8320610687,80.0
177,2009-06-12 - 2009-06-19,178,2009-06-15 - 2009-06-22,0,52,5,54.3859649123,75.0
178,2009-06-15 - 2009-06-22,179,2009-06-18 - 2009-06-25,0,39,3,65.4867256637,85.0
179,2009-06-18 - 2009-06-25,180,2009-06-21 - 2009-06-28,0,39,4,60.6060606061,78.9473684211
180,2009-06-21 - 2009-06-28,181,2009-06-24 - 2009-07-01,0,52,5,52.7272727273,75.0
181,2009-06-24 - 2009-07-01,182,2009-06-27 - 2009-07-04,0,52,5,53.1531531532,75.0
182,2009-06-27 - 2009-07-04,183,2009-06-30 - 2009-07-07,0,40,4,65.5172413793,80.0
183,2009-06-30 - 2009-07-07,184,2009-07-03 - 2009-07-10,0,63,7,50.3937007874,65.0
184,2009-07-03 - 2009-07-10,185,2009-07-06 - 2009-07-13,0,60,7,41.7475728155,63.1578947368
185,2009-07-06 - 2009-07-13,186,2009-07-09 - 2009-07-16,0,40,4,59.1836734694,78.9473684211
186,2009-07-09 - 2009-07-16,187,2009-07-12 - 2009-07-19,0,68,7,45.6,65.0
187,2009-07-12 - 2009-07-19,188,2009-07-15 - 2009-07-22,0,75,6,40.0,70.0
188,2009-07-15 - 2009-07-22,189,2009-07-18 - 2009-07-25,0,39,5,61.0,73.6842105263
189,2009-07-18 - 2009-07-25,190,2009-07-21 - 2009-07-28,0,71,5,55.900621118,75.0
190,2009-07-21 - 2009-07-28,191,2009-07-24 - 2009-07-31,0,59,5,58.4507042254,75.0
191,2009-07-24 - 2009-07-31,192,2009-07-27 - 2009-08-03,0,55,4,63.0872483221,80.0
192,2009-07-27 - 2009-08-03,193,2009-07-30 - 2009-08-06,0,92,9,34.2857142857,55.0
193,2009-07-30 - 2009-08-06,194,2009-08-02 - 2009-08-09,0,44,7,56.4356435644,65.0
194,2009-08-02 - 2009-08-09,195,2009-08-05 - 2009-08-12,0,53,6,50.0,70.0
195,2009-08-05 - 2009-08-12,196,2009-08-08 - 2009-08-15,0,43,6,49.4117647059,70.0
196,2009-08-08 - 2009-08-15,197,2009-08-11 - 2009-08-18,0,49,5,61.1111111111,75.0
197,2009-08-11 - 2009-08-18,198,2009-08-14 - 2009-08-21,0,62,4,53.0303030303,78.9473684211
198,2009-08-14 - 2009-08-21,199,2009-08-17 - 2009-08-24,0,59,7,46.3636363636,65.0
199,2009-08-17 - 2009-08-24,200,2009-08-20 - 2009-08-27,0,41,3,66.393442623,84.2105263158
200,2009-08-20 - 2009-08-27,201,2009-08-23 - 2009-08-30,0,47,3,64.1221374046,85.0
201,2009-08-23 - 2009-08-30,202,2009-08-26 - 2009-09-02,0,33,4,71.5517241379,80.0
202,2009-08-26 - 2009-09-02,203,2009-08-29 - 2009-09-05,0,51,4,60.4651162791,80.0
203,2009-08-29 - 2009-09-05,204,2009-09-01 - 2009-09-08,0,41,4,66.1157024793,80.0
204,2009-09-01 - 2009-09-08,205,2009-09-04 - 2009-09-11,0,31,2,77.2058823529,90.0
205,2009-09-04 - 2009-09-11,206,2009-09-07 - 2009-09-14,0,44,4,67.8832116788,80.0
206,2009-09-07 - 2009-09-14,207,2009-09-10 - 2009-09-17,0,47,5,67.1328671329,75.0
207,2009-09-10 - 2009-09-17,208,2009-09-13 - 2009-09-20,0,53,2,61.0294117647,89.4736842105
208,2009-09-13 - 2009-09-20,209,2009-09-16 - 2009-09-23,0,41,4,61.320754717,80.0
209,2009-09-16 - 2009-09-23,210,2009-09-19 - 2009-09-26,0,60,6,51.6129032258,70.0
210,2009-09-19 - 2009-09-26,211,2009-09-22 - 2009-09-29,0,48,3,64.7058823529,85.0
211,2009-09-22 - 2009-09-29,212,2009-09-25 - 2009-10-02,0,83,8,35.15625,60.0
212,2009-09-25 - 2009-10-02,213,2009-09-28 - 2009-10-05,0,27,3,69.6629213483,84.2105263158
213,2009-09-28 - 2009-10-05,214,2009-10-01 - 2009-10-08,0,35,5,64.6464646465,75.0
214,2009-10-01 - 2009-10-08,215,2009-10-04 - 2009-10-11,0,34,2,73.0158730159,90.0
215,2009-10-04 - 2009-10-11,216,2009-10-07 - 2009-10-14,0,76,5,47.5862068966,75.0
216,2009-10-07 - 2009-10-14,217,2009-10-10 - 2009-10-17,0,64,5,52.5925925926,75.0
217,2009-10-10 - 2009-10-17,218,2009-10-13 - 2009-10-20,0,51,4,55.2631578947,80.0
218,2009-10-13 - 2009-10-20,219,2009-10-16 - 2009-10-23,0,43,4,60.9090909091,80.0
219,2009-10-16 - 2009-10-23,220,2009-10-19 - 2009-10-26,0,75,5,45.652173913,75.0
220,2009-10-19 - 2009-10-26,221,2009-10-22 - 2009-10-29,0,52,4,55.9322033898,80.0
221,2009-10-22 - 2009-10-29,222,2009-10-25 - 2009-11-01,0,61,4,55.4744525547,80.0
222,2009-10-25 - 2009-11-01,223,2009-10-28 - 2009-11-04,0,58,5,50.4273504274,75.0
223,2009-10-28 - 2009-11-04,224,2009-10-31 - 2009-11-07,0,36,3,66.3551401869,85.0
224,2009-10-31 - 2009-11-07,225,2009-11-03 - 2009-11-10,0,41,4,62.3853211009,80.0
225,2009-11-03 - 2009-11-10,226,2009-11-06 - 2009-11-13,0,55,6,53.3898305085,70.0
226,2009-11-06 - 2009-11-13,227,2009-11-09 - 2009-11-16,0,50,5,59.3495934959,73.6842105263
227,2009-11-09 - 2009-11-16,228,2009-11-12 - 2009-11-19,0,69,6,52.7397260274,70.0
228,2009-11-12 - 2009-11-19,229,2009-11-15 - 2009-11-22,0,51,4,65.0684931507,78.9473684211
229,2009-11-15 - 2009-11-22,230,2009-11-18 - 2009-11-25,0,44,3,68.5714285714,84.2105263158
230,2009-11-18 - 2009-11-25,231,2009-11-21 - 2009-11-28,0,65,5,51.1278195489,73.6842105263
231,2009-11-21 - 2009-11-28,232,2009-11-24 - 2009-12-01,0,57,6,45.1923076923,66.6666666667
232,2009-11-24 - 2009-12-01,233,2009-11-27 - 2009-12-04,0,46,3,57.7981651376,85.0
233,2009-11-27 - 2009-12-04,234,2009-11-30 - 2009-12-07,0,57,6,49.5575221239,70.0
234,2009-11-30 - 2009-12-07,235,2009-12-03 - 2009-12-10,0,65,6,55.1724137931,70.0
235,2009-12-03 - 2009-12-10,236,2009-12-06 - 2009-12-13,0,31,2,76.8656716418,89.4736842105
236,2009-12-06 - 2009-12-13,237,2009-12-09 - 2009-12-16,0,68,6,48.0916030534,70.0
237,2009-12-09 - 2009-12-16,238,2009-12-12 - 2009-12-19,0,46,4,57.0093457944,80.0
238,2009-12-12 - 2009-12-19,239,2009-12-15 - 2009-12-22,0,34,5,67.619047619,75.0
239,2009-12-15 - 2009-12-22,240,2009-12-18 - 2009-12-25,0,42,4,64.1025641026,78.9473684211
240,2009-12-18 - 2009-12-25,241,2009-12-21 - 2009-12-28,0,42,5,64.406779661,73.6842105263
241,2009-12-21 - 2009-12-28,242,2009-12-24 - 2009-12-31,0,72,12,38.4615384615,40.0
242,2009-12-24 - 2009-12-31,243,2009-12-27 - 2010-01-03,0,20,2,82.6086956522,88.8888888889
243,2009-12-27 - 2010-01-03,244,2009-12-30 - 2010-01-06,0,50,5,62.962962963,73.6842105263
244,2009-12-30 - 2010-01-06,245,2010-01-02 - 2010-01-09,0,50,5,65.034965035,75.0
245,2010-01-02 - 2010-01-09,246,2010-01-05 - 2010-01-12,0,77,7,42.962962963,65.0
246,2010-01-05 - 2010-01-12,247,2010-01-08 - 2010-01-15,0,54,5,45.4545454545,72.2222222222
247,2010-01-08 - 2010-01-15,248,2010-01-11 - 2010-01-18,0,45,3,62.1848739496,85.0
248,2010-01-11 - 2010-01-18,249,2010-01-14 - 2010-01-21,0,40,4,64.6017699115,80.0
249,2010-01-14 - 2010-01-21,250,2010-01-17 - 2010-01-24,0,51,5,50.9615384615,73.6842105263
250,2010-01-17 - 2010-01-24,251,2010-01-20 - 2010-01-27,0,42,5,63.1578947368,75.0
251,2010-01-20 - 2010-01-27,252,2010-01-23 - 2010-01-30,0,79,6,44.3661971831,70.0
252,2010-01-23 - 2010-01-30,253,2010-01-26 - 2010-02-02,0,43,4,66.1417322835,80.0
253,2010-01-26 - 2010-02-02,254,2010-01-29 - 2010-02-05,0,61,7,43.5185185185,63.1578947368
254,2010-01-29 - 2010-02-05,255,2010-02-01 - 2010-02-08,0,32,2,75.7575757576,90.0
255,2010-02-01 - 2010-02-08,256,2010-02-04 - 2010-02-11,0,45,4,63.4146341463,80.0
256,2010-02-04 - 2010-02-11,257,2010-02-07 - 2010-02-14,0,57,5,45.7142857143,72.2222222222
257,2010-02-07 - 2010-02-14,258,2010-02-10 - 2010-02-17,0,26,2,78.1512605042,89.4736842105
258,2010-02-10 - 2010-02-17,259,2010-02-13 - 2010-02-20,0,69,4,57.1428571429,80.0
259,2010-02-13 - 2010-02-20,260,2010-02-16 - 2010-02-23,0,68,5,52.7777777778,73.6842105263
260,2010-02-16 - 2010-02-23,261,2010-02-19 - 2010-02-26,0,65,5,51.8518518519,73.6842105263
261,2010-02-19 - 2010-02-26,262,2010-02-22 - 2010-03-01,0,43,3,61.9469026549,85.0
262,2010-02-22 - 2010-03-01,263,2010-02-25 - 2010-03-04,0,58,6,49.5652173913,70.0
263,2010-02-25 - 2010-03-04,264,2010-02-28 - 2010-03-07,0,71,5,46.6165413534,75.0
264,2010-02-28 - 2010-03-07,265,2010-03-03 - 2010-03-10,0,52,4,56.6666666667,80.0
265,2010-03-03 - 2010-03-10,266,2010-03-06 - 2010-03-13,0,56,6,50.0,70.0
266,2010-03-06 - 2010-03-13,267,2010-03-09 - 2010-03-16,0,29,2,72.641509434,90.0
267,2010-03-09 - 2010-03-16,268,2010-03-12 - 2010-03-19,0,53,5,49.5238095238,73.6842105263
268,2010-03-12 - 2010-03-19,269,2010-03-15 - 2010-03-22,0,41,3,61.320754717,84.2105263158
269,2010-03-15 - 2010-03-22,270,2010-03-18 - 2010-03-25,0,34,4,66.0,78.9473684211
270,2010-03-18 - 2010-03-25,271,2010-03-21 - 2010-03-28,0,45,5,56.7307692308,73.6842105263
271,2010-03-21 - 2010-03-28,272,2010-03-24 - 2010-03-31,0,43,5,66.6666666667,75.0
272,2010-03-24 - 2010-03-31,273,2010-03-27 - 2010-04-03,0,51,5,62.7737226277,75.0
273,2010-03-27 - 2010-04-03,274,2010-03-30 - 2010-04-06,0,70,5,57.8313253012,75.0
274,2010-03-30 - 2010-04-06,275,2010-04-02 - 2010-04-09,0,58,4,59.1549295775,80.0
275,2010-04-02 - 2010-04-09,276,2010-04-05 - 2010-04-12,0,66,5,49.6183206107,75.0
276,2010-04-05 - 2010-04-12,277,2010-04-08 - 2010-04-15,0,65,8,41.9642857143,60.0
277,2010-04-08 - 2010-04-15,278,2010-04-11 - 2010-04-18,0,49,4,65.2482269504,80.0
278,2010-04-11 - 2010-04-18,279,2010-04-14 - 2010-04-21,0,68,5,53.4246575342,75.0
279,2010-04-14 - 2010-04-21,280,2010-04-17 - 2010-04-24,0,69,5,54.0,75.0
280,2010-04-17 - 2010-04-24,281,2010-04-20 - 2010-04-27,0,57,5,54.7619047619,75.0
281,2010-04-20 - 2010-04-27,282,2010-04-23 - 2010-04-30,0,55,3,61.2676056338,85.0
282,2010-04-23 - 2010-04-30,283,2010-04-26 - 2010-05-03,0,48,4,63.0769230769,80.0
283,2010-04-26 - 2010-05-03,284,2010-04-29 - 2010-05-06,0,51,4,63.829787234,80.0
284,2010-04-29 - 2010-05-06,285,2010-05-02 - 2010-05-09,0,75,5,51.9230769231,75.0
285,2010-05-02 - 2010-05-09,286,2010-05-05 - 2010-05-12,0,41,2,75.8823529412,90.0
286,2010-05-05 - 2010-05-12,287,2010-05-08 - 2010-05-15,0,65,5,60.1226993865,75.0
287,2010-05-08 - 2010-05-15,288,2010-05-11 - 2010-05-18,0,57,4,61.4864864865,78.9473684211
288,2010-05-11 - 2010-05-18,289,2010-05-14 - 2010-05-21,0,47,3,62.6984126984,84.2105263158
289,2010-05-14 - 2010-05-21,290,2010-05-17 - 2010-05-24,0,44,5,61.4035087719,73.6842105263
290,2010-05-17 - 2010-05-24,291,2010-05-20 - 2010-05-27,0,43,4,57.0,78.9473684211
291,2010-05-20 - 2010-05-27,292,2010-05-23 - 2010-05-30,0,25,3,76.4150943396,85.0
292,2010-05-23 - 2010-05-30,293,2010-05-26 - 2010-06-02,0,31,3,75.3968253968,85.0
293,2010-05-26 - 2010-06-02,294,2010-05-29 - 2010-06-05,0,46,3,65.9259259259,85.0
294,2010-05-29 - 2010-06-05,295,2010-06-01 - 2010-06-08,0,44,4,62.3931623932,80.0
295,2010-06-01 - 2010-06-08,296,2010-06-04 - 2010-06-11,0,58,6,52.8455284553,70.0
296,2010-06-04 - 2010-06-11,297,2010-06-07 - 2010-06-14,0,37,5,66.6666666667,75.0
297,2010-06-07 - 2010-06-14,298,2010-06-10 - 2010-06-17,0,53,5,53.0973451327,73.6842105263
298,2010-06-10 - 2010-06-17,299,2010-06-13 - 2010-06-20,0,33,3,73.1707317073,85.0
299,2010-06-13 - 2010-06-20,300,2010-06-16 - 2010-06-23,0,58,6,46.2962962963,68.4210526316
300,2010-06-16 - 2010-06-23,301,2010-06-19 - 2010-06-26,0,67,6,42.735042735,68.4210526316
301,2010-06-19 - 2010-06-26,302,2010-06-22 - 2010-06-29,0,37,4,62.2448979592,78.9473684211
302,2010-06-22 - 2010-06-29,303,2010-06-25 - 2010-07-02,0,30,5,71.4285714286,75.0
303,2010-06-25 - 2010-07-02,304,2010-06-28 - 2010-07-05,0,53,4,63.9455782313,80.0
304,2010-06-28 - 2010-07-05,305,2010-07-01 - 2010-07-08,0,89,6,40.6666666667,68.4210526316
305,2010-07-01 - 2010-07-08,306,2010-07-04 - 2010-07-11,0,58,5,48.2142857143,73.6842105263
306,2010-07-04 - 2010-07-11,307,2010-07-07 - 2010-07-14,0,47,3,57.6576576577,84.2105263158
307,2010-07-07 - 2010-07-14,308,2010-07-10 - 2010-07-17,0,28,3,75.8620689655,84.2105263158
308,2010-07-10 - 2010-07-17,309,2010-07-13 - 2010-07-20,0,71,5,47.0149253731,73.6842105263
309,2010-07-13 - 2010-07-20,310,2010-07-16 - 2010-07-23,0,43,3,59.0476190476,84.2105263158
310,2010-07-16 - 2010-07-23,311,2010-07-19 - 2010-07-26,0,51,5,52.3364485981,73.6842105263
311,2010-07-19 - 2010-07-26,312,2010-07-22 - 2010-07-29,0,42,5,56.25,70.5882352941
312,2010-07-22 - 2010-07-29,313,2010-07-25 - 2010-08-01,0,62,6,34.7368421053,66.6666666667
313,2010-07-25 - 2010-08-01,314,2010-07-28 - 2010-08-04,0,46,6,43.9024390244,66.6666666667
314,2010-07-28 - 2010-08-04,315,2010-07-31 - 2010-08-07,0,39,4,57.6086956522,78.9473684211
315,2010-07-31 - 2010-08-07,316,2010-08-03 - 2010-08-10,0,51,6,50.4854368932,70.0
316,2010-08-03 - 2010-08-10,317,2010-08-06 - 2010-08-13,0,47,3,64.9253731343,85.0
317,2010-08-06 - 2010-08-13,318,2010-08-09 - 2010-08-16,0,58,6,52.4590163934,70.0
318,2010-08-09 - 2010-08-16,319,2010-08-12 - 2010-08-19,0,44,4,62.0689655172,80.0
319,2010-08-12 - 2010-08-19,320,2010-08-15 - 2010-08-22,0,66,5,47.2,75.0
320,2010-08-15 - 2010-08-22,321,2010-08-18 - 2010-08-25,0,39,4,63.8888888889,80.0
321,2010-08-18 - 2010-08-25,322,2010-08-21 - 2010-08-28,0,48,3,59.3220338983,85.0
322,2010-08-21 - 2010-08-28,323,2010-08-24 - 2010-08-31,0,56,6,36.3636363636,68.4210526316
323,2010-08-24 - 2010-08-31,324,2010-08-27 - 2010-09-03,0,45,7,38.3561643836,58.8235294118
324,2010-08-27 - 2010-09-03,325,2010-08-30 - 2010-09-06,0,28,3,57.5757575758,81.25
325,2010-08-30 - 2010-09-06,326,2010-09-02 - 2010-09-09,0,56,5,49.5495495495,73.6842105263
326,2010-09-02 - 2010-09-09,327,2010-09-05 - 2010-09-12,0,53,6,54.7008547009,70.0
327,2010-09-05 - 2010-09-12,328,2010-09-08 - 2010-09-15,0,55,6,54.9180327869,70.0
328,2010-09-08 - 2010-09-15,329,2010-09-11 - 2010-09-18,0,46,4,61.0169491525,80.0
329,2010-09-11 - 2010-09-18,330,2010-09-14 - 2010-09-21,0,66,7,41.0714285714,65.0
330,2010-09-14 - 2010-09-21,331,2010-09-17 - 2010-09-24,0,32,3,62.7906976744,84.2105263158
331,2010-09-17 - 2010-09-24,332,2010-09-20 - 2010-09-27,0,39,6,54.1176470588,68.4210526316
332,2010-09-20 - 2010-09-27,333,2010-09-23 - 2010-09-30,0,51,7,44.5652173913,61.1111111111
333,2010-09-23 - 2010-09-30,334,2010-09-26 - 2010-10-03,0,67,7,36.1904761905,65.0
334,2010-09-26 - 2010-10-03,335,2010-09-29 - 2010-10-06,0,39,5,57.1428571429,75.0
335,2010-09-29 - 2010-10-06,336,2010-10-02 - 2010-10-09,0,21,4,68.6567164179,77.7777777778
336,2010-10-02 - 2010-10-09,337,2010-10-05 - 2010-10-12,0,56,8,37.0786516854,60.0
337,2010-10-05 - 2010-10-12,338,2010-10-08 - 2010-10-15,0,37,4,58.8888888889,78.9473684211
338,2010-10-08 - 2010-10-15,339,2010-10-11 - 2010-10-18,0,58,6,42.5742574257,68.4210526316
339,2010-10-11 - 2010-10-18,340,2010-10-14 - 2010-10-21,0,58,9,36.2637362637,52.6315789474
340,2010-10-14 - 2010-10-21,341,2010-10-17 - 2010-10-24,0,35,4,64.6464646465,78.9473684211
341,2010-10-17 - 2010-10-24,342,2010-10-20 - 2010-10-27,0,59,5,45.871559633,75.0
342,2010-10-20 - 2010-10-27,343,2010-10-23 - 2010-10-30,0,29,4,67.0454545455,80.0
343,2010-10-23 - 2010-10-30,344,2010-10-26 - 2010-11-02,0,50,5,51.4563106796,75.0
344,2010-10-26 - 2010-11-02,345,2010-10-29 - 2010-11-05,0,46,6,51.0638297872,70.0
345,2010-10-29 - 2010-11-05,346,2010-11-01 - 2010-11-08,0,39,5,57.1428571429,75.0
346,2010-11-01 - 2010-11-08,347,2010-11-04 - 2010-11-11,0,50,7,46.2365591398,65.0
347,2010-11-04 - 2010-11-11,348,2010-11-07 - 2010-11-14,0,40,5,56.9892473118,73.6842105263
348,2010-11-07 - 2010-11-14,349,2010-11-10 - 2010-11-17,0,45,6,43.75,66.6666666667
349,2010-11-10 - 2010-11-17,350,2010-11-13 - 2010-11-20,0,22,6,60.0,66.6666666667
350,2010-11-13 - 2010-11-20,351,2010-11-16 - 2010-11-23,0,43,6,50.5747126437,68.4210526316
351,2010-11-16 - 2010-11-23,352,2010-11-19 - 2010-11-26,0,32,3,67.0103092784,85.0
352,2010-11-19 - 2010-11-26,353,2010-11-22 - 2010-11-29,0,53,4,49.5238095238,80.0
353,2010-11-22 - 2010-11-29,354,2010-11-25 - 2010-12-02,0,48,7,43.5294117647,65.0
354,2010-11-25 - 2010-12-02,355,2010-11-28 - 2010-12-05,0,30,4,63.4146341463,80.0
355,2010-11-28 - 2010-12-05,356,2010-12-01 - 2010-12-08,0,50,6,48.4536082474,70.0
356,2010-12-01 - 2010-12-08,357,2010-12-04 - 2010-12-11,0,41,6,54.9450549451,70.0
357,2010-12-04 - 2010-12-11,358,2010-12-07 - 2010-12-14,0,48,6,52.9411764706,68.4210526316
358,2010-12-07 - 2010-12-14,359,2010-12-10 - 2010-12-17,0,52,7,49.5145631068,65.0
359,2010-12-10 - 2010-12-17,360,2010-12-13 - 2010-12-20,0,53,5,48.0392156863,75.0
360,2010-12-13 - 2010-12-20,361,2010-12-16 - 2010-12-23,0,40,4,57.8947368421,78.9473684211
361,2010-12-16 - 2010-12-23,362,2010-12-19 - 2010-12-26,0,54,7,48.5714285714,65.0
362,2010-12-19 - 2010-12-26,363,2010-12-22 - 2010-12-29,0,46,7,46.511627907,63.1578947368
363,2010-12-22 - 2010-12-29,364,2010-12-25 - 2011-01-01,0,35,7,57.8313253012,65.0
364,2010-12-25 - 2011-01-01,365,2010-12-28 - 2011-01-04,0,39,5,67.7685950413,73.6842105263
365,2010-12-28 - 2011-01-04,366,2010-12-31 - 2011-01-07,0,70,6,41.1764705882,66.6666666667
366,2010-12-31 - 2011-01-07,367,2011-01-03 - 2011-01-10,0,63,5,36.3636363636,72.2222222222
367,2011-01-03 - 2011-01-10,368,2011-01-06 - 2011-01-13,0,37,5,47.1428571429,73.6842105263
368,2011-01-06 - 2011-01-13,369,2011-01-09 - 2011-01-16,0,53,7,41.1111111111,63.1578947368
369,2011-01-09 - 2011-01-16,370,2011-01-12 - 2011-01-19,0,49,5,48.4210526316,73.6842105263
370,2011-01-12 - 2011-01-19,371,2011-01-15 - 2011-01-22,0,28,3,72.0,84.2105263158
371,2011-01-15 - 2011-01-22,372,2011-01-18 - 2011-01-25,0,68,8,39.8230088496,60.0
372,2011-01-18 - 2011-01-25,373,2011-01-21 - 2011-01-28,0,44,5,59.6330275229,73.6842105263
373,2011-01-21 - 2011-01-28,374,2011-01-24 - 2011-01-31,0,40,3,63.3027522936,84.2105263158
374,2011-01-24 - 2011-01-31,375,2011-01-27 - 2011-02-03,0,49,6,50.0,68.4210526316
375,2011-01-27 - 2011-02-03,376,2011-01-30 - 2011-02-06,0,50,5,51.9230769231,72.2222222222
376,2011-01-30 - 2011-02-06,377,2011-02-02 - 2011-02-09,0,46,6,52.0833333333,68.4210526316
377,2011-02-02 - 2011-02-09,378,2011-02-05 - 2011-02-12,0,50,6,50.0,68.4210526316
378,2011-02-05 - 2011-02-12,379,2011-02-08 - 2011-02-15,0,52,5,48.5148514851,73.6842105263
379,2011-02-08 - 2011-02-15,380,2011-02-11 - 2011-02-18,0,32,6,58.9743589744,68.4210526316
380,2011-02-11 - 2011-02-18,381,2011-02-14 - 2011-02-21,0,43,4,55.6701030928,77.7777777778
381,2011-02-14 - 2011-02-21,382,2011-02-17 - 2011-02-24,0,22,3,80.701754386,84.2105263158
382,2011-02-17 - 2011-02-24,383,2011-02-20 - 2011-02-27,0,66,6,46.7741935484,70.0
383,2011-02-20 - 2011-02-27,384,2011-02-23 - 2011-03-02,0,30,4,65.9090909091,78.9473684211
384,2011-02-23 - 2011-03-02,385,2011-02-26 - 2011-03-05,0,51,6,44.5652173913,68.4210526316
385,2011-02-26 - 2011-03-05,386,2011-03-01 - 2011-03-08,0,29,4,68.8172043011,77.7777777778
386,2011-03-01 - 2011-03-08,387,2011-03-04 - 2011-03-11,0,33,3,70.2702702703,83.3333333333
387,2011-03-04 - 2011-03-11,388,2011-03-07 - 2011-03-14,0,74,7,34.5132743363,65.0
388,2011-03-07 - 2011-03-14,389,2011-03-10 - 2011-03-17,0,28,3,64.1025641026,83.3333333333
389,2011-03-10 - 2011-03-17,390,2011-03-13 - 2011-03-20,0,41,4,51.1904761905,80.0
390,2011-03-13 - 2011-03-20,391,2011-03-16 - 2011-03-23,0,35,5,56.7901234568,75.0
391,2011-03-16 - 2011-03-23,392,2011-03-19 - 2011-03-26,0,42,5,44.7368421053,75.0
392,2011-03-19 - 2011-03-26,393,2011-03-22 - 2011-03-29,0,67,8,29.4736842105,60.0
393,2011-03-22 - 2011-03-29,394,2011-03-25 - 2011-04-01,0,41,6,48.75,70.0
394,2011-03-25 - 2011-04-01,395,2011-03-28 - 2011-04-04,0,34,4,62.2222222222,78.9473684211
395,2011-03-28 - 2011-04-04,396,2011-03-31 - 2011-04-07,0,61,4,46.017699115,80.0
396,2011-03-31 - 2011-04-07,397,2011-04-03 - 2011-04-10,0,55,5,51.3274336283,75.0
397,2011-04-03 - 2011-04-10,398,2011-04-06 - 2011-04-13,0,56,6,45.0980392157,70.0
398,2011-04-06 - 2011-04-13,399,2011-04-09 - 2011-04-16,0,54,6,37.2093023256,70.0
399,2011-04-09 - 2011-04-16,400,2011-04-12 - 2011-04-19,0,27,5,59.7014925373,75.0
400,2011-04-12 - 2011-04-19,401,2011-04-15 - 2011-04-22,0,37,5,53.164556962,75.0
401,2011-04-15 - 2011-04-22,402,2011-04-18 - 2011-04-25,0,43,5,47.5609756098,75.0
402,2011-04-18 - 2011-04-25,403,2011-04-21 - 2011-04-28,0,43,8,48.8095238095,60.0
403,2011-04-21 - 2011-04-28,404,2011-04-24 - 2011-05-01,0,31,3,67.7083333333,84.2105263158
404,2011-04-24 - 2011-05-01,405,2011-04-27 - 2011-05-04,0,60,6,44.4444444444,70.0
405,2011-04-27 - 2011-05-04,406,2011-04-30 - 2011-05-07,0,37,3,57.9545454545,85.0
406,2011-04-30 - 2011-05-07,407,2011-05-03 - 2011-05-10,0,25,4,67.1052631579,80.0
407,2011-05-03 - 2011-05-10,408,2011-05-06 - 2011-05-13,0,41,7,50.6024096386,65.0
408,2011-05-06 - 2011-05-13,409,2011-05-09 - 2011-05-16,0,47,7,38.961038961,61.1111111111
409,2011-05-09 - 2011-05-16,410,2011-05-12 - 2011-05-19,0,36,3,45.4545454545,80.0
410,2011-05-12 - 2011-05-19,411,2011-05-15 - 2011-05-22,0,20,3,73.3333333333,83.3333333333
411,2011-05-15 - 2011-05-22,412,2011-05-18 - 2011-05-25,0,41,4,59.4059405941,78.9473684211
412,2011-05-18 - 2011-05-25,413,2011-05-21 - 2011-05-28,0,68,8,33.3333333333,57.8947368421
413,2011-05-21 - 2011-05-28,414,2011-05-24 - 2011-05-31,0,54,6,47.0588235294,70.0
414,2011-05-24 - 2011-05-31,415,2011-05-27 - 2011-06-03,0,53,6,47.0,70.0
415,2011-05-27 - 2011-06-03,416,2011-05-30 - 2011-06-06,0,60,8,40.5940594059,60.0
416,2011-05-30 - 2011-06-06,417,2011-06-02 - 2011-06-09,0,38,5,60.0,75.0
417,2011-06-02 - 2011-06-09,418,2011-06-05 - 2011-06-12,0,39,5,58.064516129,73.6842105263
418,2011-06-05 - 2011-06-12,419,2011-06-08 - 2011-06-15,0,59,7,36.5591397849,63.1578947368
419,2011-06-08 - 2011-06-15,420,2011-06-11 - 2011-06-18,0,26,5,63.8888888889,75.0
420,2011-06-11 - 2011-06-18,421,2011-06-14 - 2011-06-21,0,38,4,50.6493506494,80.0
421,2011-06-14 - 2011-06-21,422,2011-06-17 - 2011-06-24,0,47,7,45.9770114943,65.0
422,2011-06-17 - 2011-06-24,423,2011-06-20 - 2011-06-27,0,43,3,57.8431372549,83.3333333333
423,2011-06-20 - 2011-06-27,424,2011-06-23 - 2011-06-30,0,56,9,40.4255319149,52.6315789474
424,2011-06-23 - 2011-06-30,425,2011-06-26 - 2011-07-03,0,55,6,41.4893617021,64.7058823529
425,2011-06-26 - 2011-07-03,426,2011-06-29 - 2011-07-06,0,46,8,35.2112676056,52.9411764706
426,2011-06-29 - 2011-07-06,427,2011-07-02 - 2011-07-09,0,41,6,51.1904761905,66.6666666667
427,2011-07-02 - 2011-07-09,428,2011-07-05 - 2011-07-12,0,41,5,55.9139784946,73.6842105263
428,2011-07-05 - 2011-07-12,429,2011-07-08 - 2011-07-15,0,65,7,30.8510638298,63.1578947368
429,2011-07-08 - 2011-07-15,430,2011-07-11 - 2011-07-18,0,43,4,57.8431372549,77.7777777778
430,2011-07-11 - 2011-07-18,431,2011-07-14 - 2011-07-21,0,27,3,69.3181818182,84.2105263158
431,2011-07-14 - 2011-07-21,432,2011-07-17 - 2011-07-24,0,37,4,61.4583333333,80.0
432,2011-07-17 - 2011-07-24,433,2011-07-20 - 2011-07-27,0,59,6,41.5841584158,70.0
433,2011-07-20 - 2011-07-27,434,2011-07-23 - 2011-07-30,0,36,4,60.4395604396,78.9473684211
434,2011-07-23 - 2011-07-30,435,2011-07-26 - 2011-08-02,0,63,9,38.2352941176,55.0
435,2011-07-26 - 2011-08-02,436,2011-07-29 - 2011-08-05,0,37,5,62.6262626263,72.2222222222
436,2011-07-29 - 2011-08-05,437,2011-08-01 - 2011-08-08,0,53,6,47.0,66.6666666667
437,2011-08-01 - 2011-08-08,438,2011-08-04 - 2011-08-11,0,44,4,50.0,80.0
438,2011-08-04 - 2011-08-11,439,2011-08-07 - 2011-08-14,0,51,7,43.3333333333,65.0
439,2011-08-07 - 2011-08-14,440,2011-08-10 - 2011-08-17,0,41,5,54.4444444444,73.6842105263
440,2011-08-10 - 2011-08-17,441,2011-08-13 - 2011-08-20,0,57,10,31.3253012048,47.3684210526
441,2011-08-13 - 2011-08-20,442,2011-08-16 - 2011-08-23,0,61,5,43.5185185185,73.6842105263
442,2011-08-16 - 2011-08-23,443,2011-08-19 - 2011-08-26,0,58,7,38.2978723404,63.1578947368
443,2011-08-19 - 2011-08-26,444,2011-08-22 - 2011-08-29,0,43,5,44.1558441558,72.2222222222
444,2011-08-22 - 2011-08-29,445,2011-08-25 - 2011-09-01,0,39,5,45.8333333333,73.6842105263
445,2011-08-25 - 2011-09-01,446,2011-08-28 - 2011-09-04,0,30,5,57.1428571429,73.6842105263
446,2011-08-28 - 2011-09-04,447,2011-08-31 - 2011-09-07,0,39,7,42.6470588235,63.1578947368
447,2011-08-31 - 2011-09-07,448,2011-09-03 - 2011-09-10,0,34,8,40.350877193,57.8947368421
448,2011-09-03 - 2011-09-10,449,2011-09-06 - 2011-09-13,0,34,5,58.024691358,75.0
449,2011-09-06 - 2011-09-13,450,2011-09-09 - 2011-09-16,0,51,6,43.3333333333,70.0
450,2011-09-09 - 2011-09-16,451,2011-09-12 - 2011-09-19,0,75,9,31.1926605505,55.0
451,2011-09-12 - 2011-09-19,452,2011-09-15 - 2011-09-22,0,46,6,47.7272727273,68.4210526316
452,2011-09-15 - 2011-09-22,453,2011-09-18 - 2011-09-25,0,61,7,32.967032967,63.1578947368
453,2011-09-18 - 2011-09-25,454,2011-09-21 - 2011-09-28,0,65,8,36.8932038835,57.8947368421
454,2011-09-21 - 2011-09-28,455,2011-09-24 - 2011-10-01,0,37,4,59.7826086957,78.9473684211
455,2011-09-24 - 2011-10-01,456,2011-09-27 - 2011-10-04,0,46,5,45.8823529412,75.0
456,2011-09-27 - 2011-10-04,457,2011-09-30 - 2011-10-07,0,33,8,35.2941176471,55.5555555556
457,2011-09-30 - 2011-10-07,458,2011-10-03 - 2011-10-10,0,25,4,65.2777777778,78.9473684211
458,2011-10-03 - 2011-10-10,459,2011-10-06 - 2011-10-13,0,32,4,65.2173913043,78.9473684211
459,2011-10-06 - 2011-10-13,460,2011-10-09 - 2011-10-16,0,40,5,51.2195121951,73.6842105263
460,2011-10-09 - 2011-10-16,461,2011-10-12 - 2011-10-19,0,47,6,47.191011236,68.4210526316
461,2011-10-12 - 2011-10-19,462,2011-10-15 - 2011-10-22,0,25,4,70.9302325581,80.0
462,2011-10-15 - 2011-10-22,463,2011-10-18 - 2011-10-25,0,51,4,47.4226804124,78.9473684211
463,2011-10-18 - 2011-10-25,464,2011-10-21 - 2011-10-28,0,35,8,44.4444444444,57.8947368421
464,2011-10-21 - 2011-10-28,465,2011-10-24 - 2011-10-31,0,33,4,57.6923076923,78.9473684211
465,2011-10-24 - 2011-10-31,466,2011-10-27 - 2011-11-03,0,46,7,48.3146067416,65.0
466,2011-10-27 - 2011-11-03,467,2011-10-30 - 2011-11-06,0,49,6,48.9583333333,70.0
467,2011-10-30 - 2011-11-06,468,2011-11-02 - 2011-11-09,0,41,5,48.1012658228,75.0
468,2011-11-02 - 2011-11-09,469,2011-11-05 - 2011-11-12,0,25,6,66.2162162162,70.0
469,2011-11-05 - 2011-11-12,470,2011-11-08 - 2011-11-15,0,40,5,45.2054794521,72.2222222222
470,2011-11-08 - 2011-11-15,471,2011-11-11 - 2011-11-18,0,31,6,56.338028169,70.0
471,2011-11-11 - 2011-11-18,472,2011-11-14 - 2011-11-21,0,32,6,54.9295774648,70.0
472,2011-11-14 - 2011-11-21,473,2011-11-17 - 2011-11-24,0,38,4,60.0,80.0
473,2011-11-17 - 2011-11-24,474,2011-11-20 - 2011-11-27,0,60,5,52.380952381,75.0
474,2011-11-20 - 2011-11-27,475,2011-11-23 - 2011-11-30,0,41,4,54.9450549451,77.7777777778
475,2011-11-23 - 2011-11-30,476,2011-11-26 - 2011-12-03,0,23,3,64.6153846154,82.3529411765
476,2011-11-26 - 2011-12-03,477,2011-11-29 - 2011-12-06,0,27,5,61.9718309859,75.0
477,2011-11-29 - 2011-12-06,478,2011-12-02 - 2011-12-09,0,25,5,67.5324675325,75.0
478,2011-12-02 - 2011-12-09,479,2011-12-05 - 2011-12-12,0,50,5,55.3571428571,75.0
479,2011-12-05 - 2011-12-12,480,2011-12-08 - 2011-12-15,0,47,5,55.2380952381,75.0
480,2011-12-08 - 2011-12-15,481,2011-12-11 - 2011-12-18,0,46,5,54.0,75.0
481,2011-12-11 - 2011-12-18,482,2011-12-14 - 2011-12-21,0,41,6,50.0,70.0
482,2011-12-14 - 2011-12-21,483,2011-12-17 - 2011-12-24,0,28,4,66.265060241,80.0
483,2011-12-17 - 2011-12-24,484,2011-12-20 - 2011-12-27,0,28,4,65.8536585366,78.9473684211
484,2011-12-20 - 2011-12-27,485,2011-12-23 - 2011-12-30,0,54,9,41.3043478261,55.0
485,2011-12-23 - 2011-12-30,486,2011-12-26 - 2012-01-02,0,41,4,53.9325842697,78.9473684211
486,2011-12-26 - 2012-01-02,487,2011-12-29 - 2012-01-05,0,40,7,44.4444444444,61.1111111111
487,2011-12-29 - 2012-01-05,488,2012-01-01 - 2012-01-08,0,47,6,53.9215686275,70.0
488,2012-01-01 - 2012-01-08,489,2012-01-04 - 2012-01-11,0,45,6,54.0816326531,70.0
489,2012-01-04 - 2012-01-11,490,2012-01-07 - 2012-01-14,0,54,6,49.0566037736,70.0
490,2012-01-07 - 2012-01-14,491,2012-01-10 - 2012-01-17,0,50,4,57.6271186441,80.0
491,2012-01-10 - 2012-01-17,492,2012-01-13 - 2012-01-20,0,13,1,86.4583333333,94.4444444444
492,2012-01-13 - 2012-01-20,493,2012-01-16 - 2012-01-23,0,45,4,57.9439252336,78.9473684211
493,2012-01-16 - 2012-01-23,494,2012-01-19 - 2012-01-26,0,55,5,60.1449275362,75.0
494,2012-01-19 - 2012-01-26,495,2012-01-22 - 2012-01-29,0,71,6,52.6666666667,70.0
495,2012-01-22 - 2012-01-29,496,2012-01-25 - 2012-02-01,0,65,5,46.7213114754,73.6842105263
496,2012-01-25 - 2012-02-01,497,2012-01-28 - 2012-02-04,0,42,5,57.1428571429,73.6842105263
497,2012-01-28 - 2012-02-04,498,2012-01-31 - 2012-02-07,0,35,5,59.7701149425,73.6842105263
498,2012-01-31 - 2012-02-07,499,2012-02-03 - 2012-02-10,0,39,5,59.375,75.0
499,2012-02-03 - 2012-02-10,500,2012-02-06 - 2012-02-13,0,48,4,52.4752475248,78.9473684211
500,2012-02-06 - 2012-02-13,501,2012-02-09 - 2012-02-16,0,37,5,61.4583333333,75.0
501,2012-02-09 - 2012-02-16,502,2012-02-12 - 2012-02-19,0,32,4,68.0,80.0
502,2012-02-12 - 2012-02-19,503,2012-02-15 - 2012-02-22,0,37,5,63.0,75.0
503,2012-02-15 - 2012-02-22,504,2012-02-18 - 2012-02-25,0,24,1,74.7368421053,94.7368421053
504,2012-02-18 - 2012-02-25,505,2012-02-21 - 2012-02-28,0,39,5,59.375,75.0
505,2012-02-21 - 2012-02-28,506,2012-02-24 - 2012-03-02,0,33,5,65.625,75.0
506,2012-02-24 - 2012-03-02,507,2012-02-27 - 2012-03-05,0,57,6,49.1071428571,70.0
507,2012-02-27 - 2012-03-05,508,2012-03-01 - 2012-03-08,0,40,4,59.1836734694,80.0
508,2012-03-01 - 2012-03-08,509,2012-03-04 - 2012-03-11,0,52,6,50.9433962264,68.4210526316
509,2012-03-04 - 2012-03-11,510,2012-03-07 - 2012-03-14,0,42,3,60.7476635514,84.2105263158
510,2012-03-07 - 2012-03-14,511,2012-03-10 - 2012-03-17,0,41,5,61.6822429907,73.6842105263
511,2012-03-10 - 2012-03-17,512,2012-03-13 - 2012-03-20,0,47,3,64.3939393939,84.2105263158
512,2012-03-13 - 2012-03-20,513,2012-03-16 - 2012-03-23,0,41,3,64.0350877193,84.2105263158
513,2012-03-16 - 2012-03-23,514,2012-03-19 - 2012-03-26,0,41,4,60.9523809524,78.9473684211
514,2012-03-19 - 2012-03-26,515,2012-03-22 - 2012-03-29,0,59,6,38.5416666667,66.6666666667
515,2012-03-22 - 2012-03-29,516,2012-03-25 - 2012-04-01,0,33,2,67.6470588235,89.4736842105
516,2012-03-25 - 2012-04-01,517,2012-03-28 - 2012-04-04,0,51,7,51.4285714286,63.1578947368
517,2012-03-28 - 2012-04-04,518,2012-03-31 - 2012-04-07,0,62,7,33.3333333333,61.1111111111
518,2012-03-31 - 2012-04-07,519,2012-04-03 - 2012-04-10,0,27,8,46.0,52.9411764706
519,2012-04-03 - 2012-04-10,520,2012-04-06 - 2012-04-13,0,38,7,50.6493506494,63.1578947368
520,2012-04-06 - 2012-04-13,521,2012-04-09 - 2012-04-16,0,41,6,50.0,68.4210526316
521,2012-04-09 - 2012-04-16,522,2012-04-12 - 2012-04-19,0,52,7,43.4782608696,63.1578947368
522,2012-04-12 - 2012-04-19,523,2012-04-15 - 2012-04-22,0,27,3,67.0731707317,84.2105263158
523,2012-04-15 - 2012-04-22,524,2012-04-18 - 2012-04-25,0,24,3,75.2577319588,85.0
524,2012-04-18 - 2012-04-25,525,2012-04-21 - 2012-04-28,0,43,4,62.2807017544,80.0
525,2012-04-21 - 2012-04-28,526,2012-04-24 - 2012-05-01,0,60,8,38.7755102041,60.0
526,2012-04-24 - 2012-05-01,527,2012-04-27 - 2012-05-04,0,57,10,33.7209302326,47.3684210526
527,2012-04-27 - 2012-05-04,528,2012-04-30 - 2012-05-07,0,22,4,74.4186046512,77.7777777778
528,2012-04-30 - 2012-05-07,529,2012-05-03 - 2012-05-10,0,36,4,62.8865979381,78.9473684211
529,2012-05-03 - 2012-05-10,530,2012-05-06 - 2012-05-13,0,53,6,43.6170212766,68.4210526316
530,2012-05-06 - 2012-05-13,531,2012-05-09 - 2012-05-16,0,34,5,56.9620253165,72.2222222222
531,2012-05-09 - 2012-05-16,532,2012-05-12 - 2012-05-19,0,45,5,51.0869565217,72.2222222222
532,2012-05-12 - 2012-05-19,533,2012-05-15 - 2012-05-22,0,30,4,61.038961039,78.9473684211
533,2012-05-15 - 2012-05-22,534,2012-05-18 - 2012-05-25,0,39,6,54.6511627907,68.4210526316
534,2012-05-18 - 2012-05-25,535,2012-05-21 - 2012-05-28,0,40,4,64.9122807018,78.9473684211
535,2012-05-21 - 2012-05-28,536,2012-05-24 - 2012-05-31,0,38,4,64.1509433962,77.7777777778
536,2012-05-24 - 2012-05-31,537,2012-05-27 - 2012-06-03,0,47,5,48.9130434783,70.5882352941
537,2012-05-27 - 2012-06-03,538,2012-05-30 - 2012-06-06,0,30,4,60.5263157895,77.7777777778
538,2012-05-30 - 2012-06-06,539,2012-06-02 - 2012-06-09,0,40,7,50.0,65.0
539,2012-06-02 - 2012-06-09,540,2012-06-05 - 2012-06-12,0,29,6,61.8421052632,70.0
540,2012-06-05 - 2012-06-12,541,2012-06-08 - 2012-06-15,0,39,8,51.8518518519,60.0
541,2012-06-08 - 2012-06-15,542,2012-06-11 - 2012-06-18,0,28,3,69.8924731183,84.2105263158
542,2012-06-11 - 2012-06-18,543,2012-06-14 - 2012-06-21,0,25,4,70.9302325581,77.7777777778
543,2012-06-14 - 2012-06-21,544,2012-06-17 - 2012-06-24,0,36,5,56.0975609756,72.2222222222
544,2012-06-17 - 2012-06-24,545,2012-06-20 - 2012-06-27,0,29,5,66.6666666667,75.0
545,2012-06-20 - 2012-06-27,546,2012-06-23 - 2012-06-30,0,42,3,63.1578947368,85.0
546,2012-06-23 - 2012-06-30,547,2012-06-26 - 2012-07-03,0,57,8,40.625,60.0
547,2012-06-26 - 2012-07-03,548,2012-06-29 - 2012-07-06,0,40,7,49.3670886076,58.8235294118
548,2012-06-29 - 2012-07-06,549,2012-07-02 - 2012-07-09,0,32,6,54.9295774648,60.0
549,2012-07-02 - 2012-07-09,550,2012-07-05 - 2012-07-12,0,35,4,62.3655913978,77.7777777778
550,2012-07-05 - 2012-07-12,551,2012-07-08 - 2012-07-15,0,37,5,64.7619047619,73.6842105263
551,2012-07-08 - 2012-07-15,552,2012-07-11 - 2012-07-18,0,55,6,51.3274336283,70.0
552,2012-07-11 - 2012-07-18,553,2012-07-14 - 2012-07-21,0,39,5,63.2075471698,75.0
553,2012-07-14 - 2012-07-21,554,2012-07-17 - 2012-07-24,0,50,6,56.1403508772,68.4210526316
554,2012-07-17 - 2012-07-24,555,2012-07-20 - 2012-07-27,0,36,5,70.0,75.0
555,2012-07-20 - 2012-07-27,556,2012-07-23 - 2012-07-30,0,31,2,74.7967479675,88.8888888889
556,2012-07-23 - 2012-07-30,557,2012-07-26 - 2012-08-02,0,43,3,67.6691729323,84.2105263158
557,2012-07-26 - 2012-08-02,558,2012-07-29 - 2012-08-05,0,43,5,65.873015873,75.0
558,2012-07-29 - 2012-08-05,559,2012-08-01 - 2012-08-08,0,36,3,74.2857142857,85.0
559,2012-08-01 - 2012-08-08,560,2012-08-04 - 2012-08-11,0,55,5,56.6929133858,73.6842105263
560,2012-08-04 - 2012-08-11,561,2012-08-07 - 2012-08-14,0,36,2,73.5294117647,90.0
561,2012-08-07 - 2012-08-14,562,2012-08-10 - 2012-08-17,0,54,4,62.5,80.0
562,2012-08-10 - 2012-08-17,563,2012-08-13 - 2012-08-20,0,66,5,55.1020408163,75.0
563,2012-08-13 - 2012-08-20,564,2012-08-16 - 2012-08-23,0,71,5,56.4417177914,75.0
564,2012-08-16 - 2012-08-23,565,2012-08-19 - 2012-08-26,0,76,5,52.7950310559,75.0
565,2012-08-19 - 2012-08-26,566,2012-08-22 - 2012-08-29,0,67,5,45.5284552846,75.0
566,2012-08-22 - 2012-08-29,567,2012-08-25 - 2012-09-01,0,35,5,61.1111111111,75.0
567,2012-08-25 - 2012-09-01,568,2012-08-28 - 2012-09-04,0,58,6,44.2307692308,70.0
568,2012-08-28 - 2012-09-04,569,2012-08-31 - 2012-09-07,0,24,3,77.358490566,85.0
569,2012-08-31 - 2012-09-07,570,2012-09-03 - 2012-09-10,0,47,7,58.0357142857,65.0
570,2012-09-03 - 2012-09-10,571,2012-09-06 - 2012-09-13,0,39,4,65.7894736842,78.9473684211
571,2012-09-06 - 2012-09-13,572,2012-09-09 - 2012-09-16,0,79,4,34.1666666667,80.0
572,2012-09-09 - 2012-09-16,573,2012-09-12 - 2012-09-19,0,31,5,67.3684210526,75.0
573,2012-09-12 - 2012-09-19,574,2012-09-15 - 2012-09-22,0,41,4,64.347826087,80.0
574,2012-09-15 - 2012-09-22,575,2012-09-18 - 2012-09-25,0,35,4,71.5447154472,80.0
575,2012-09-18 - 2012-09-25,576,2012-09-21 - 2012-09-28,0,45,2,64.2857142857,90.0
576,2012-09-21 - 2012-09-28,577,2012-09-24 - 2012-10-01,0,35,4,63.9175257732,80.0
577,2012-09-24 - 2012-10-01,578,2012-09-27 - 2012-10-04,0,35,5,62.3655913978,73.6842105263
578,2012-09-27 - 2012-10-04,579,2012-09-30 - 2012-10-07,0,43,5,59.8130841121,75.0
579,2012-09-30 - 2012-10-07,580,2012-10-03 - 2012-10-10,0,55,7,50.0,65.0
580,2012-10-03 - 2012-10-10,581,2012-10-06 - 2012-10-13,0,32,3,62.3529411765,84.2105263158
581,2012-10-06 - 2012-10-13,582,2012-10-09 - 2012-10-16,0,41,5,57.7319587629,73.6842105263
582,2012-10-09 - 2012-10-16,583,2012-10-12 - 2012-10-19,0,27,3,70.3296703297,83.3333333333
583,2012-10-12 - 2012-10-19,584,2012-10-15 - 2012-10-22,0,47,5,53.4653465347,75.0
584,2012-10-15 - 2012-10-22,585,2012-10-18 - 2012-10-25,0,29,4,68.8172043011,80.0
585,2012-10-18 - 2012-10-25,586,2012-10-21 - 2012-10-28,0,33,3,69.1588785047,85.0
586,2012-10-21 - 2012-10-28,587,2012-10-24 - 2012-10-31,0,44,3,60.0,85.0
587,2012-10-24 - 2012-10-31,588,2012-10-27 - 2012-11-03,0,52,8,46.9387755102,60.0
588,2012-10-27 - 2012-11-03,589,2012-10-30 - 2012-11-06,0,71,6,48.1751824818,70.0
589,2012-10-30 - 2012-11-06,590,2012-11-02 - 2012-11-09,0,34,3,69.3693693694,85.0
590,2012-11-02 - 2012-11-09,591,2012-11-05 - 2012-11-12,0,46,7,57.4074074074,65.0
591,2012-11-05 - 2012-11-12,592,2012-11-08 - 2012-11-15,0,27,3,71.5789473684,84.2105263158
592,2012-11-08 - 2012-11-15,593,2012-11-11 - 2012-11-18,0,50,4,57.264957265,80.0
593,2012-11-11 - 2012-11-18,594,2012-11-14 - 2012-11-21,0,46,5,60.0,75.0
594,2012-11-14 - 2012-11-21,595,2012-11-17 - 2012-11-24,0,33,4,70.0,80.0
595,2012-11-17 - 2012-11-24,596,2012-11-20 - 2012-11-27,0,36,4,72.7272727273,80.0
596,2012-11-20 - 2012-11-27,597,2012-11-23 - 2012-11-30,0,55,5,60.7142857143,75.0
597,2012-11-23 - 2012-11-30,598,2012-11-26 - 2012-12-03,0,52,4,59.0551181102,80.0
598,2012-11-26 - 2012-12-03,599,2012-11-29 - 2012-12-06,0,48,5,59.3220338983,75.0
599,2012-11-29 - 2012-12-06,600,2012-12-02 - 2012-12-09,0,54,5,48.5714285714,73.6842105263
600,2012-12-02 - 2012-12-09,601,2012-12-05 - 2012-12-12,0,41,6,57.7319587629,70.0
601,2012-12-05 - 2012-12-12,602,2012-12-08 - 2012-12-15,0,49,8,41.6666666667,57.8947368421
602,2012-12-08 - 2012-12-15,603,2012-12-11 - 2012-12-18,0,30,4,70.297029703,80.0
603,2012-12-11 - 2012-12-18,604,2012-12-14 - 2012-12-21,0,38,4,62.7450980392,80.0
604,2012-12-14 - 2012-12-21,605,2012-12-17 - 2012-12-24,0,34,4,63.829787234,80.0
605,2012-12-17 - 2012-12-24,606,2012-12-20 - 2012-12-27,0,49,7,42.3529411765,63.1578947368
606,2012-12-20 - 2012-12-27,607,2012-12-23 - 2012-12-30,0,46,8,48.3146067416,60.0
607,2012-12-23 - 2012-12-30,608,2012-12-26 - 2013-01-02,0,47,6,52.0408163265,70.0
608,2012-12-26 - 2013-01-02,609,2012-12-29 - 2013-01-05,0,39,6,56.6666666667,70.0
609,2012-12-29 - 2013-01-05,610,2013-01-01 - 2013-01-08,0,56,5,51.724137931,75.0
610,2013-01-01 - 2013-01-08,611,2013-01-04 - 2013-01-11,0,62,6,43.119266055,70.0
611,2013-01-04 - 2013-01-11,612,2013-01-07 - 2013-01-14,0,43,5,47.5609756098,73.6842105263
612,2013-01-07 - 2013-01-14,613,2013-01-10 - 2013-01-17,0,46,7,43.9024390244,63.1578947368
613,2013-01-10 - 2013-01-17,614,2013-01-13 - 2013-01-20,0,28,6,64.1025641026,66.6666666667
614,2013-01-13 - 2013-01-20,615,2013-01-16 - 2013-01-23,0,45,4,60.1769911504,80.0
615,2013-01-16 - 2013-01-23,616,2013-01-19 - 2013-01-26,0,14,3,85.5670103093,85.0
616,2013-01-19 - 2013-01-26,617,2013-01-22 - 2013-01-29,0,55,5,50.4504504505,75.0
617,2013-01-22 - 2013-01-29,618,2013-01-25 - 2013-02-01,0,60,8,40.0,60.0
618,2013-01-25 - 2013-02-01,619,2013-01-28 - 2013-02-04,0,41,5,56.3829787234,73.6842105263
619,2013-01-28 - 2013-02-04,620,2013-01-31 - 2013-02-07,0,32,6,60.4938271605,68.4210526316
620,2013-01-31 - 2013-02-07,621,2013-02-03 - 2013-02-10,0,21,3,70.8333333333,83.3333333333
621,2013-02-03 - 2013-02-10,622,2013-02-06 - 2013-02-13,0,25,4,69.8795180723,78.9473684211
622,2013-02-06 - 2013-02-13,623,2013-02-09 - 2013-02-16,0,48,4,54.7169811321,80.0
623,2013-02-09 - 2013-02-16,624,2013-02-12 - 2013-02-19,0,42,6,52.2727272727,70.0
624,2013-02-12 - 2013-02-19,625,2013-02-15 - 2013-02-22,0,16,3,77.7777777778,84.2105263158
625,2013-02-15 - 2013-02-22,626,2013-02-18 - 2013-02-25,0,24,4,70.7317073171,80.0
626,2013-02-18 - 2013-02-25,627,2013-02-21 - 2013-02-28,0,35,6,61.5384615385,70.0
627,2013-02-21 - 2013-02-28,628,2013-02-24 - 2013-03-03,0,41,4,61.6822429907,78.9473684211
628,2013-02-24 - 2013-03-03,629,2013-02-27 - 2013-03-06,0,49,5,47.311827957,72.2222222222
629,2013-02-27 - 2013-03-06,630,2013-03-02 - 2013-03-09,0,33,5,62.9213483146,75.0
630,2013-03-02 - 2013-03-09,631,2013-03-05 - 2013-03-12,0,33,3,63.3333333333,83.3333333333
631,2013-03-05 - 2013-03-12,632,2013-03-08 - 2013-03-15,0,31,4,61.25,78.9473684211
632,2013-03-08 - 2013-03-15,633,2013-03-11 - 2013-03-18,0,13,2,82.1917808219,89.4736842105
633,2013-03-11 - 2013-03-18,634,2013-03-14 - 2013-03-21,0,40,5,46.6666666667,73.6842105263
634,2013-03-14 - 2013-03-21,635,2013-03-17 - 2013-03-24,0,24,6,61.2903225806,68.4210526316
635,2013-03-17 - 2013-03-24,636,2013-03-20 - 2013-03-27,0,32,7,48.3870967742,61.1111111111
636,2013-03-20 - 2013-03-27,637,2013-03-23 - 2013-03-30,0,25,4,68.75,78.9473684211
637,2013-03-23 - 2013-03-30,638,2013-03-26 - 2013-04-02,0,52,7,44.0860215054,63.1578947368
638,2013-03-26 - 2013-04-02,639,2013-03-29 - 2013-04-05,0,51,7,34.6153846154,61.1111111111
639,2013-03-29 - 2013-04-05,640,2013-04-01 - 2013-04-08,0,40,7,43.661971831,63.1578947368
640,2013-04-01 - 2013-04-08,641,2013-04-04 - 2013-04-11,0,24,4,71.0843373494,80.0
641,2013-04-04 - 2013-04-11,642,2013-04-07 - 2013-04-14,0,34,6,59.0361445783,70.0
642,2013-04-07 - 2013-04-14,643,2013-04-10 - 2013-04-17,0,27,3,72.1649484536,84.2105263158
643,2013-04-10 - 2013-04-17,644,2013-04-13 - 2013-04-20,0,49,4,57.3913043478,78.9473684211
644,2013-04-13 - 2013-04-20,645,2013-04-16 - 2013-04-23,0,27,4,75.8928571429,78.9473684211
645,2013-04-16 - 2013-04-23,646,2013-04-19 - 2013-04-26,0,57,5,56.1538461538,73.6842105263
646,2013-04-19 - 2013-04-26,647,2013-04-22 - 2013-04-29,0,55,4,49.0740740741,78.9473684211
647,2013-04-22 - 2013-04-29,648,2013-04-25 - 2013-05-02,0,47,4,46.5909090909,77.7777777778
648,2013-04-25 - 2013-05-02,649,2013-04-28 - 2013-05-05,0,20,3,68.75,84.2105263158
649,2013-04-28 - 2013-05-05,650,2013-05-01 - 2013-05-08,0,23,4,69.7368421053,80.0
650,2013-05-01 - 2013-05-08,651,2013-05-04 - 2013-05-11,0,45,5,57.5471698113,75.0
651,2013-05-04 - 2013-05-11,652,2013-05-07 - 2013-05-14,0,73,7,38.1355932203,63.1578947368
652,2013-05-07 - 2013-05-14,653,2013-05-10 - 2013-05-17,0,30,4,67.7419354839,77.7777777778
653,2013-05-10 - 2013-05-17,654,2013-05-13 - 2013-05-20,0,42,6,55.7894736842,70.0
654,2013-05-13 - 2013-05-20,655,2013-05-16 - 2013-05-23,0,24,3,80.487804878,85.0
655,2013-05-16 - 2013-05-23,656,2013-05-19 - 2013-05-26,0,83,7,39.8550724638,65.0
656,2013-05-19 - 2013-05-26,657,2013-05-22 - 2013-05-29,0,49,5,55.0458715596,75.0
657,2013-05-22 - 2013-05-29,658,2013-05-25 - 2013-06-01,0,51,5,50.4854368932,73.6842105263
658,2013-05-25 - 2013-06-01,659,2013-05-28 - 2013-06-04,0,63,8,32.9787234043,60.0
659,2013-05-28 - 2013-06-04,660,2013-05-31 - 2013-06-07,0,19,2,82.0754716981,90.0
660,2013-05-31 - 2013-06-07,661,2013-06-03 - 2013-06-10,0,72,8,32.0754716981,60.0
661,2013-06-03 - 2013-06-10,662,2013-06-06 - 2013-06-13,0,21,3,71.6216216216,84.2105263158
662,2013-06-06 - 2013-06-13,663,2013-06-09 - 2013-06-16,0,25,3,70.2380952381,85.0
663,2013-06-09 - 2013-06-16,664,2013-06-12 - 2013-06-19,0,31,3,71.2962962963,85.0
664,2013-06-12 - 2013-06-19,665,2013-06-15 - 2013-06-22,0,50,6,50.0,68.4210526316
665,2013-06-15 - 2013-06-22,666,2013-06-18 - 2013-06-25,0,38,4,64.8148148148,80.0
666,2013-06-18 - 2013-06-25,667,2013-06-21 - 2013-06-28,0,82,9,28.0701754386,55.0
667,2013-06-21 - 2013-06-28,668,2013-06-24 - 2013-07-01,0,43,5,51.1363636364,73.6842105263
668,2013-06-24 - 2013-07-01,669,2013-06-27 - 2013-07-04,0,47,9,36.4864864865,52.6315789474
669,2013-06-27 - 2013-07-04,670,2013-06-30 - 2013-07-06,0,34,6,52.7777777778,70.0
670,2013-06-30 - 2013-07-06,671,2013-07-03 - 2013-07-06,0,47,14,22.9508196721,30.0
