1,2008-01-01 - 2008-01-08,2,2008-01-04 - 2008-01-11,0,5,1,73.6842105263,87.5
2,2008-01-04 - 2008-01-11,3,2008-01-07 - 2008-01-14,0,10,4,54.5454545455,60.0
3,2008-01-07 - 2008-01-14,4,2008-01-10 - 2008-01-17,0,8,3,61.9047619048,66.6666666667
4,2008-01-10 - 2008-01-17,5,2008-01-13 - 2008-01-20,0,10,3,60.0,66.6666666667
5,2008-01-13 - 2008-01-20,6,2008-01-16 - 2008-01-23,0,5,0,75.0,100.0
6,2008-01-16 - 2008-01-23,7,2008-01-19 - 2008-01-26,0,11,4,52.1739130435,60.0
7,2008-01-19 - 2008-01-26,8,2008-01-22 - 2008-01-29,0,9,2,62.5,75.0
8,2008-01-22 - 2008-01-29,9,2008-01-25 - 2008-02-01,0,5,1,80.0,90.0
9,2008-01-25 - 2008-02-01,10,2008-01-28 - 2008-02-04,0,7,2,72.0,77.7777777778
10,2008-01-28 - 2008-02-04,11,2008-01-31 - 2008-02-07,0,19,4,34.4827586207,55.5555555556
11,2008-01-31 - 2008-02-07,12,2008-02-03 - 2008-02-10,0,11,3,52.1739130435,62.5
12,2008-02-03 - 2008-02-10,13,2008-02-06 - 2008-02-13,0,13,3,50.0,66.6666666667
13,2008-02-06 - 2008-02-13,14,2008-02-09 - 2008-02-16,0,10,4,50.0,50.0
14,2008-02-09 - 2008-02-16,15,2008-02-12 - 2008-02-19,0,8,3,42.8571428571,50.0
15,2008-02-12 - 2008-02-19,16,2008-02-15 - 2008-02-22,0,2,1,88.8888888889,85.7142857143
16,2008-02-15 - 2008-02-22,17,2008-02-18 - 2008-02-25,0,7,2,70.8333333333,75.0
17,2008-02-18 - 2008-02-25,18,2008-02-21 - 2008-02-28,0,14,4,33.3333333333,50.0
18,2008-02-21 - 2008-02-28,19,2008-02-24 - 2008-03-02,0,2,1,81.8181818182,83.3333333333
19,2008-02-24 - 2008-03-02,20,2008-02-27 - 2008-03-05,0,9,4,40.0,50.0
20,2008-02-27 - 2008-03-05,21,2008-03-01 - 2008-03-08,1,0,0,100.0,100.0
21,2008-03-01 - 2008-03-08,22,2008-03-04 - 2008-03-11,0,13,4,45.8333333333,60.0
22,2008-03-04 - 2008-03-11,23,2008-03-07 - 2008-03-14,0,20,4,28.5714285714,60.0
23,2008-03-07 - 2008-03-14,24,2008-03-10 - 2008-03-17,0,5,2,77.2727272727,80.0
24,2008-03-10 - 2008-03-17,25,2008-03-13 - 2008-03-20,0,9,2,62.5,77.7777777778
25,2008-03-13 - 2008-03-20,26,2008-03-16 - 2008-03-23,0,6,2,72.7272727273,77.7777777778
26,2008-03-16 - 2008-03-23,27,2008-03-19 - 2008-03-26,0,10,2,56.5217391304,77.7777777778
27,2008-03-19 - 2008-03-26,28,2008-03-22 - 2008-03-29,0,10,2,56.5217391304,75.0
28,2008-03-22 - 2008-03-29,29,2008-03-25 - 2008-04-01,0,20,6,25.9259259259,40.0
29,2008-03-25 - 2008-04-01,30,2008-03-28 - 2008-04-04,0,9,4,10.0,20.0
30,2008-03-28 - 2008-04-04,31,2008-03-31 - 2008-04-07,0,10,4,23.0769230769,33.3333333333
31,2008-03-31 - 2008-04-07,32,2008-04-03 - 2008-04-10,0,5,2,37.5,50.0
32,2008-04-03 - 2008-04-10,33,2008-04-06 - 2008-04-13,0,8,2,46.6666666667,71.4285714286
33,2008-04-06 - 2008-04-13,34,2008-04-09 - 2008-04-16,0,2,1,85.7142857143,85.7142857143
34,2008-04-09 - 2008-04-16,35,2008-04-12 - 2008-04-19,0,15,5,46.4285714286,50.0
35,2008-04-12 - 2008-04-19,36,2008-04-15 - 2008-04-22,0,19,4,34.4827586207,55.5555555556
36,2008-04-15 - 2008-04-22,37,2008-04-18 - 2008-04-25,0,15,4,40.0,55.5555555556
37,2008-04-18 - 2008-04-25,38,2008-04-21 - 2008-04-28,0,2,0,80.0,100.0
38,2008-04-21 - 2008-04-28,39,2008-04-24 - 2008-05-01,0,8,4,52.9411764706,50.0
39,2008-04-24 - 2008-05-01,40,2008-04-27 - 2008-05-04,0,8,3,50.0,50.0
40,2008-04-27 - 2008-05-04,41,2008-04-30 - 2008-05-07,0,3,1,81.25,83.3333333333
41,2008-04-30 - 2008-05-07,42,2008-05-03 - 2008-05-10,0,15,3,25.0,50.0
42,2008-05-03 - 2008-05-10,43,2008-05-06 - 2008-05-13,0,2,1,60.0,66.6666666667
43,2008-05-06 - 2008-05-13,44,2008-05-09 - 2008-05-16,0,2,1,75.0,80.0
44,2008-05-09 - 2008-05-16,45,2008-05-12 - 2008-05-19,0,7,3,56.25,62.5
45,2008-05-12 - 2008-05-19,46,2008-05-15 - 2008-05-22,0,9,3,43.75,57.1428571429
46,2008-05-15 - 2008-05-22,47,2008-05-18 - 2008-05-25,0,4,2,55.5555555556,60.0
47,2008-05-18 - 2008-05-25,48,2008-05-21 - 2008-05-28,0,21,7,16.0,30.0
48,2008-05-21 - 2008-05-28,49,2008-05-24 - 2008-05-31,0,6,2,50.0,66.6666666667
49,2008-05-24 - 2008-05-31,50,2008-05-27 - 2008-06-03,0,6,3,62.5,62.5
50,2008-05-27 - 2008-06-03,51,2008-05-30 - 2008-06-06,0,17,5,22.7272727273,44.4444444444
51,2008-05-30 - 2008-06-06,52,2008-06-02 - 2008-06-09,0,10,5,33.3333333333,37.5
52,2008-06-02 - 2008-06-09,53,2008-06-05 - 2008-06-12,0,11,5,8.33333333333,16.6666666667
53,2008-06-05 - 2008-06-12,54,2008-06-08 - 2008-06-15,1,0,0,100.0,100.0
54,2008-06-08 - 2008-06-15,55,2008-06-11 - 2008-06-18,0,17,8,0.0,0.0
55,2008-06-11 - 2008-06-18,56,2008-06-14 - 2008-06-21,0,2,1,60.0,66.6666666667
56,2008-06-14 - 2008-06-21,57,2008-06-17 - 2008-06-24,0,4,2,20.0,33.3333333333
57,2008-06-17 - 2008-06-24,58,2008-06-20 - 2008-06-27,0,4,1,42.8571428571,66.6666666667
58,2008-06-20 - 2008-06-27,59,2008-06-23 - 2008-06-30,0,4,2,77.7777777778,75.0
59,2008-06-23 - 2008-06-30,60,2008-06-26 - 2008-07-03,0,5,1,68.75,83.3333333333
60,2008-06-26 - 2008-07-03,61,2008-06-29 - 2008-07-06,0,4,1,71.4285714286,83.3333333333
61,2008-06-29 - 2008-07-06,62,2008-07-02 - 2008-07-09,0,5,2,50.0,60.0
62,2008-07-02 - 2008-07-09,63,2008-07-05 - 2008-07-12,0,6,3,45.4545454545,50.0
63,2008-07-05 - 2008-07-12,64,2008-07-08 - 2008-07-15,0,12,3,45.4545454545,66.6666666667
64,2008-07-08 - 2008-07-15,65,2008-07-11 - 2008-07-18,0,14,5,22.2222222222,37.5
65,2008-07-11 - 2008-07-18,66,2008-07-14 - 2008-07-21,0,13,3,50.0,66.6666666667
66,2008-07-14 - 2008-07-21,67,2008-07-17 - 2008-07-24,0,13,4,48.0,55.5555555556
67,2008-07-17 - 2008-07-24,68,2008-07-20 - 2008-07-27,0,7,3,65.0,62.5
68,2008-07-20 - 2008-07-27,69,2008-07-23 - 2008-07-30,0,15,5,31.8181818182,44.4444444444
69,2008-07-23 - 2008-07-30,70,2008-07-26 - 2008-08-02,0,3,1,83.3333333333,85.7142857143
70,2008-07-26 - 2008-08-02,71,2008-07-29 - 2008-08-05,0,12,3,62.5,70.0
71,2008-07-29 - 2008-08-05,72,2008-08-01 - 2008-08-08,0,21,4,44.7368421053,60.0
72,2008-08-01 - 2008-08-08,73,2008-08-04 - 2008-08-11,0,16,2,51.5151515152,77.7777777778
73,2008-08-04 - 2008-08-11,74,2008-08-07 - 2008-08-14,0,15,5,28.5714285714,44.4444444444
74,2008-08-07 - 2008-08-14,75,2008-08-10 - 2008-08-17,0,5,2,54.5454545455,66.6666666667
75,2008-08-10 - 2008-08-17,76,2008-08-13 - 2008-08-20,0,6,1,60.0,85.7142857143
76,2008-08-13 - 2008-08-20,77,2008-08-16 - 2008-08-23,0,11,4,38.8888888889,55.5555555556
77,2008-08-16 - 2008-08-23,78,2008-08-19 - 2008-08-26,0,4,2,75.0,75.0
78,2008-08-19 - 2008-08-26,79,2008-08-22 - 2008-08-29,0,10,4,33.3333333333,42.8571428571
79,2008-08-22 - 2008-08-29,80,2008-08-25 - 2008-09-01,0,6,2,62.5,71.4285714286
80,2008-08-25 - 2008-09-01,81,2008-08-28 - 2008-09-04,0,14,3,26.3157894737,57.1428571429
81,2008-08-28 - 2008-09-04,82,2008-08-31 - 2008-09-07,0,8,3,50.0,62.5
82,2008-08-31 - 2008-09-07,83,2008-09-03 - 2008-09-10,0,16,6,23.8095238095,33.3333333333
83,2008-09-03 - 2008-09-10,84,2008-09-06 - 2008-09-13,0,9,5,0.0,0.0
84,2008-09-06 - 2008-09-13,85,2008-09-09 - 2008-09-16,0,2,1,60.0,66.6666666667
85,2008-09-09 - 2008-09-16,86,2008-09-12 - 2008-09-19,0,4,1,71.4285714286,83.3333333333
86,2008-09-12 - 2008-09-19,87,2008-09-15 - 2008-09-22,0,2,1,88.2352941176,87.5
87,2008-09-15 - 2008-09-22,88,2008-09-18 - 2008-09-25,0,11,4,50.0,55.5555555556
88,2008-09-18 - 2008-09-25,89,2008-09-21 - 2008-09-28,0,10,4,33.3333333333,42.8571428571
89,2008-09-21 - 2008-09-28,90,2008-09-24 - 2008-10-01,0,6,3,68.4210526316,62.5
90,2008-09-24 - 2008-10-01,91,2008-09-27 - 2008-10-04,0,17,3,39.2857142857,62.5
91,2008-09-27 - 2008-10-04,92,2008-09-30 - 2008-10-07,0,9,4,55.0,55.5555555556
92,2008-09-30 - 2008-10-07,93,2008-10-03 - 2008-10-10,0,20,6,33.3333333333,40.0
93,2008-10-03 - 2008-10-10,94,2008-10-06 - 2008-10-13,0,12,3,47.8260869565,62.5
94,2008-10-06 - 2008-10-13,95,2008-10-09 - 2008-10-16,0,15,3,44.4444444444,70.0
95,2008-10-09 - 2008-10-16,96,2008-10-12 - 2008-10-19,0,12,5,40.0,50.0
96,2008-10-12 - 2008-10-19,97,2008-10-15 - 2008-10-22,0,8,3,68.0,66.6666666667
97,2008-10-15 - 2008-10-22,98,2008-10-18 - 2008-10-25,0,14,3,48.1481481481,62.5
98,2008-10-18 - 2008-10-25,99,2008-10-21 - 2008-10-28,0,14,4,33.3333333333,50.0
99,2008-10-21 - 2008-10-28,100,2008-10-24 - 2008-10-31,0,5,2,58.3333333333,66.6666666667
100,2008-10-24 - 2008-10-31,101,2008-10-27 - 2008-11-03,0,9,3,65.3846153846,70.0
101,2008-10-27 - 2008-11-03,102,2008-10-30 - 2008-11-06,0,16,4,42.8571428571,60.0
102,2008-10-30 - 2008-11-06,103,2008-11-02 - 2008-11-09,0,12,4,52.0,60.0
103,2008-11-02 - 2008-11-09,104,2008-11-05 - 2008-11-12,0,14,4,51.724137931,60.0
104,2008-11-05 - 2008-11-12,105,2008-11-08 - 2008-11-15,0,11,2,60.7142857143,80.0
105,2008-11-08 - 2008-11-15,106,2008-11-11 - 2008-11-18,0,17,3,43.3333333333,66.6666666667
106,2008-11-11 - 2008-11-18,107,2008-11-14 - 2008-11-21,0,10,3,54.5454545455,66.6666666667
107,2008-11-14 - 2008-11-21,108,2008-11-17 - 2008-11-24,0,1,0,95.0,100.0
108,2008-11-17 - 2008-11-24,109,2008-11-20 - 2008-11-27,0,17,6,32.0,40.0
109,2008-11-20 - 2008-11-27,110,2008-11-23 - 2008-11-30,0,17,5,5.55555555556,16.6666666667
110,2008-11-23 - 2008-11-30,111,2008-11-26 - 2008-12-03,0,6,3,14.2857142857,25.0
111,2008-11-26 - 2008-12-03,112,2008-11-29 - 2008-12-06,0,3,1,72.7272727273,80.0
112,2008-11-29 - 2008-12-06,113,2008-12-02 - 2008-12-09,0,10,3,47.3684210526,62.5
113,2008-12-02 - 2008-12-09,114,2008-12-05 - 2008-12-12,0,6,2,66.6666666667,71.4285714286
114,2008-12-05 - 2008-12-12,115,2008-12-08 - 2008-12-15,0,9,2,68.9655172414,80.0
115,2008-12-08 - 2008-12-15,116,2008-12-11 - 2008-12-18,0,16,5,20.0,37.5
116,2008-12-11 - 2008-12-18,117,2008-12-14 - 2008-12-21,0,11,3,52.1739130435,66.6666666667
117,2008-12-14 - 2008-12-21,118,2008-12-17 - 2008-12-24,0,16,2,51.5151515152,77.7777777778
118,2008-12-17 - 2008-12-24,119,2008-12-20 - 2008-12-27,0,10,2,68.75,77.7777777778
119,2008-12-20 - 2008-12-27,120,2008-12-23 - 2008-12-30,0,20,5,39.3939393939,50.0
120,2008-12-23 - 2008-12-30,121,2008-12-26 - 2009-01-02,0,12,4,29.4117647059,42.8571428571
121,2008-12-26 - 2009-01-02,122,2008-12-29 - 2009-01-05,0,12,4,25.0,42.8571428571
122,2008-12-29 - 2009-01-05,123,2009-01-01 - 2009-01-08,1,0,0,100.0,100.0
123,2009-01-01 - 2009-01-08,124,2009-01-04 - 2009-01-11,0,7,3,12.5,25.0
124,2009-01-04 - 2009-01-11,125,2009-01-07 - 2009-01-14,1,0,0,100.0,100.0
125,2009-01-07 - 2009-01-14,126,2009-01-10 - 2009-01-17,0,6,2,50.0,66.6666666667
126,2009-01-10 - 2009-01-17,127,2009-01-13 - 2009-01-20,0,2,1,84.6153846154,85.7142857143
127,2009-01-13 - 2009-01-20,128,2009-01-16 - 2009-01-23,0,9,4,43.75,50.0
128,2009-01-16 - 2009-01-23,129,2009-01-19 - 2009-01-26,0,4,2,55.5555555556,60.0
129,2009-01-19 - 2009-01-26,130,2009-01-22 - 2009-01-29,0,4,2,55.5555555556,60.0
130,2009-01-22 - 2009-01-29,131,2009-01-25 - 2009-02-01,0,12,5,14.2857142857,28.5714285714
131,2009-01-25 - 2009-02-01,132,2009-01-28 - 2009-02-04,0,3,1,66.6666666667,80.0
132,2009-01-28 - 2009-02-04,133,2009-01-31 - 2009-02-07,0,8,3,52.9411764706,62.5
133,2009-01-31 - 2009-02-07,134,2009-02-03 - 2009-02-10,0,12,2,50.0,75.0
134,2009-02-03 - 2009-02-10,135,2009-02-06 - 2009-02-13,0,15,2,53.125,77.7777777778
135,2009-02-06 - 2009-02-13,136,2009-02-09 - 2009-02-16,0,13,3,40.9090909091,66.6666666667
136,2009-02-09 - 2009-02-16,137,2009-02-12 - 2009-02-19,0,9,4,52.6315789474,50.0
137,2009-02-12 - 2009-02-19,138,2009-02-15 - 2009-02-22,0,9,1,60.8695652174,87.5
138,2009-02-15 - 2009-02-22,139,2009-02-18 - 2009-02-25,0,7,2,65.0,77.7777777778
139,2009-02-18 - 2009-02-25,140,2009-02-21 - 2009-02-28,0,9,4,52.6315789474,55.5555555556
140,2009-02-21 - 2009-02-28,141,2009-02-24 - 2009-03-03,0,5,1,73.6842105263,87.5
141,2009-02-24 - 2009-03-03,142,2009-02-27 - 2009-03-06,0,18,6,25.0,40.0
142,2009-02-27 - 2009-03-06,143,2009-03-02 - 2009-03-09,0,5,2,61.5384615385,66.6666666667
143,2009-03-02 - 2009-03-09,144,2009-03-05 - 2009-03-12,0,6,3,40.0,40.0
144,2009-03-05 - 2009-03-12,145,2009-03-08 - 2009-03-15,0,15,6,6.25,14.2857142857
145,2009-03-08 - 2009-03-15,146,2009-03-11 - 2009-03-18,0,2,1,77.7777777778,80.0
146,2009-03-11 - 2009-03-18,147,2009-03-14 - 2009-03-21,0,4,2,84.6153846154,80.0
147,2009-03-14 - 2009-03-21,148,2009-03-17 - 2009-03-24,0,13,2,53.5714285714,77.7777777778
148,2009-03-17 - 2009-03-24,149,2009-03-20 - 2009-03-27,0,11,4,50.0,50.0
149,2009-03-20 - 2009-03-27,150,2009-03-23 - 2009-03-30,0,15,4,31.8181818182,50.0
150,2009-03-23 - 2009-03-30,151,2009-03-26 - 2009-04-02,0,6,2,62.5,75.0
151,2009-03-26 - 2009-04-02,152,2009-03-29 - 2009-04-05,0,9,2,57.1428571429,75.0
152,2009-03-29 - 2009-04-05,153,2009-04-01 - 2009-04-08,0,7,2,70.8333333333,77.7777777778
153,2009-04-01 - 2009-04-08,154,2009-04-04 - 2009-04-11,0,14,2,60.0,80.0
154,2009-04-04 - 2009-04-11,155,2009-04-07 - 2009-04-14,0,8,3,61.9047619048,62.5
155,2009-04-07 - 2009-04-14,156,2009-04-10 - 2009-04-17,0,14,4,12.5,33.3333333333
156,2009-04-10 - 2009-04-17,157,2009-04-13 - 2009-04-20,0,13,5,23.5294117647,37.5
157,2009-04-13 - 2009-04-20,158,2009-04-16 - 2009-04-23,0,2,1,71.4285714286,75.0
158,2009-04-16 - 2009-04-23,159,2009-04-19 - 2009-04-26,0,9,5,0.0,0.0
159,2009-04-19 - 2009-04-26,160,2009-04-22 - 2009-04-29,0,6,3,14.2857142857,25.0
160,2009-04-22 - 2009-04-29,161,2009-04-25 - 2009-05-02,0,7,3,12.5,25.0
161,2009-04-25 - 2009-05-02,162,2009-04-28 - 2009-05-05,0,5,1,50.0,75.0
162,2009-04-28 - 2009-05-05,163,2009-05-01 - 2009-05-08,0,1,0,87.5,100.0
163,2009-05-01 - 2009-05-08,164,2009-05-04 - 2009-05-11,0,4,2,75.0,75.0
164,2009-05-04 - 2009-05-11,165,2009-05-07 - 2009-05-14,0,11,2,56.0,77.7777777778
165,2009-05-07 - 2009-05-14,166,2009-05-10 - 2009-05-17,0,16,5,44.8275862069,50.0
166,2009-05-10 - 2009-05-17,167,2009-05-13 - 2009-05-20,0,6,1,79.3103448276,90.0
167,2009-05-13 - 2009-05-20,168,2009-05-16 - 2009-05-23,0,20,4,37.5,60.0
168,2009-05-16 - 2009-05-23,169,2009-05-19 - 2009-05-26,0,10,3,65.5172413793,70.0
169,2009-05-19 - 2009-05-26,170,2009-05-22 - 2009-05-29,0,13,2,71.1111111111,80.0
170,2009-05-22 - 2009-05-29,171,2009-05-25 - 2009-06-01,0,25,3,51.9230769231,70.0
171,2009-05-25 - 2009-06-01,172,2009-05-28 - 2009-06-04,0,22,3,45.0,66.6666666667
172,2009-05-28 - 2009-06-04,173,2009-05-31 - 2009-06-07,0,27,6,15.625,33.3333333333
173,2009-05-31 - 2009-06-07,174,2009-06-03 - 2009-06-10,0,10,2,58.3333333333,75.0
174,2009-06-03 - 2009-06-10,175,2009-06-06 - 2009-06-13,0,21,6,27.5862068966,40.0
175,2009-06-06 - 2009-06-13,176,2009-06-09 - 2009-06-16,0,3,1,81.25,83.3333333333
176,2009-06-09 - 2009-06-16,177,2009-06-12 - 2009-06-19,0,26,4,25.7142857143,60.0
177,2009-06-12 - 2009-06-19,178,2009-06-15 - 2009-06-22,0,9,3,64.0,70.0
178,2009-06-15 - 2009-06-22,179,2009-06-18 - 2009-06-25,0,6,1,78.5714285714,88.8888888889
179,2009-06-18 - 2009-06-25,180,2009-06-21 - 2009-06-28,0,6,1,78.5714285714,88.8888888889
180,2009-06-21 - 2009-06-28,181,2009-06-24 - 2009-07-01,0,17,4,39.2857142857,60.0
181,2009-06-24 - 2009-07-01,182,2009-06-27 - 2009-07-04,0,13,3,50.0,66.6666666667
182,2009-06-27 - 2009-07-04,183,2009-06-30 - 2009-07-07,0,14,3,50.0,66.6666666667
183,2009-06-30 - 2009-07-07,184,2009-07-03 - 2009-07-10,0,13,4,35.0,50.0
184,2009-07-03 - 2009-07-10,185,2009-07-06 - 2009-07-13,0,13,5,7.14285714286,16.6666666667
185,2009-07-06 - 2009-07-13,186,2009-07-09 - 2009-07-16,0,3,1,62.5,75.0
186,2009-07-09 - 2009-07-16,187,2009-07-12 - 2009-07-19,0,4,1,80.0,87.5
187,2009-07-12 - 2009-07-19,188,2009-07-15 - 2009-07-22,0,13,4,48.0,60.0
188,2009-07-15 - 2009-07-22,189,2009-07-18 - 2009-07-25,0,10,3,56.5217391304,66.6666666667
189,2009-07-18 - 2009-07-25,190,2009-07-21 - 2009-07-28,0,11,3,42.1052631579,62.5
190,2009-07-21 - 2009-07-28,191,2009-07-24 - 2009-07-31,0,16,3,46.6666666667,66.6666666667
191,2009-07-24 - 2009-07-31,192,2009-07-27 - 2009-08-03,0,22,4,40.5405405405,55.5555555556
192,2009-07-27 - 2009-08-03,193,2009-07-30 - 2009-08-06,0,12,3,45.4545454545,62.5
193,2009-07-30 - 2009-08-06,194,2009-08-02 - 2009-08-09,0,19,6,17.3913043478,33.3333333333
194,2009-08-02 - 2009-08-09,195,2009-08-05 - 2009-08-12,0,5,2,58.3333333333,66.6666666667
195,2009-08-05 - 2009-08-12,196,2009-08-08 - 2009-08-15,0,13,4,31.5789473684,55.5555555556
196,2009-08-08 - 2009-08-15,197,2009-08-11 - 2009-08-18,0,9,3,57.1428571429,62.5
197,2009-08-11 - 2009-08-18,198,2009-08-14 - 2009-08-21,0,11,3,59.2592592593,66.6666666667
198,2009-08-14 - 2009-08-21,199,2009-08-17 - 2009-08-24,0,15,3,51.6129032258,70.0
199,2009-08-17 - 2009-08-24,200,2009-08-20 - 2009-08-27,0,11,2,59.2592592593,80.0
200,2009-08-20 - 2009-08-27,201,2009-08-23 - 2009-08-30,0,8,2,69.2307692308,77.7777777778
201,2009-08-23 - 2009-08-30,202,2009-08-26 - 2009-09-02,0,21,2,48.7804878049,80.0
202,2009-08-26 - 2009-09-02,203,2009-08-29 - 2009-09-05,0,14,3,50.0,70.0
203,2009-08-29 - 2009-09-05,204,2009-09-01 - 2009-09-08,0,21,4,38.2352941176,60.0
204,2009-09-01 - 2009-09-08,205,2009-09-04 - 2009-09-11,0,3,1,88.4615384615,90.0
205,2009-09-04 - 2009-09-11,206,2009-09-07 - 2009-09-14,0,10,2,66.6666666667,80.0
206,2009-09-07 - 2009-09-14,207,2009-09-10 - 2009-09-17,0,25,4,41.8604651163,60.0
207,2009-09-10 - 2009-09-17,208,2009-09-13 - 2009-09-20,0,15,2,54.5454545455,80.0
208,2009-09-13 - 2009-09-20,209,2009-09-16 - 2009-09-23,0,17,3,51.4285714286,70.0
209,2009-09-16 - 2009-09-23,210,2009-09-19 - 2009-09-26,0,20,4,39.3939393939,60.0
210,2009-09-19 - 2009-09-26,211,2009-09-22 - 2009-09-29,0,14,2,67.4418604651,80.0
211,2009-09-22 - 2009-09-29,212,2009-09-25 - 2009-10-02,0,23,3,43.9024390244,70.0
212,2009-09-25 - 2009-10-02,213,2009-09-28 - 2009-10-05,0,14,3,53.3333333333,70.0
213,2009-09-28 - 2009-10-05,214,2009-10-01 - 2009-10-08,1,0,0,100.0,100.0
214,2009-10-01 - 2009-10-08,215,2009-10-04 - 2009-10-11,0,13,2,65.7894736842,80.0
215,2009-10-04 - 2009-10-11,216,2009-10-07 - 2009-10-14,0,17,4,45.1612903226,60.0
216,2009-10-07 - 2009-10-14,217,2009-10-10 - 2009-10-17,0,21,3,44.7368421053,70.0
217,2009-10-10 - 2009-10-17,218,2009-10-13 - 2009-10-20,0,11,2,64.5161290323,77.7777777778
218,2009-10-13 - 2009-10-20,219,2009-10-16 - 2009-10-23,0,12,2,60.0,77.7777777778
219,2009-10-16 - 2009-10-23,220,2009-10-19 - 2009-10-26,0,9,2,62.5,75.0
220,2009-10-19 - 2009-10-26,221,2009-10-22 - 2009-10-29,0,4,1,83.3333333333,87.5
221,2009-10-22 - 2009-10-29,222,2009-10-25 - 2009-11-01,0,5,1,85.7142857143,88.8888888889
222,2009-10-25 - 2009-11-01,223,2009-10-28 - 2009-11-04,0,23,3,50.0,70.0
223,2009-10-28 - 2009-11-04,224,2009-10-31 - 2009-11-07,0,7,1,75.0,88.8888888889
224,2009-10-31 - 2009-11-07,225,2009-11-03 - 2009-11-10,0,10,2,62.962962963,77.7777777778
225,2009-11-03 - 2009-11-10,226,2009-11-06 - 2009-11-13,0,8,1,69.2307692308,87.5
226,2009-11-06 - 2009-11-13,227,2009-11-09 - 2009-11-16,0,5,1,82.1428571429,88.8888888889
227,2009-11-09 - 2009-11-16,228,2009-11-12 - 2009-11-19,0,25,3,43.1818181818,70.0
228,2009-11-12 - 2009-11-19,229,2009-11-15 - 2009-11-22,0,25,3,46.8085106383,70.0
229,2009-11-15 - 2009-11-22,230,2009-11-18 - 2009-11-25,0,4,0,88.2352941176,100.0
230,2009-11-18 - 2009-11-25,231,2009-11-21 - 2009-11-28,0,21,4,40.0,60.0
231,2009-11-21 - 2009-11-28,232,2009-11-24 - 2009-12-01,0,20,2,41.1764705882,77.7777777778
232,2009-11-24 - 2009-12-01,233,2009-11-27 - 2009-12-04,0,12,4,42.8571428571,55.5555555556
233,2009-11-27 - 2009-12-04,234,2009-11-30 - 2009-12-07,0,9,3,57.1428571429,62.5
234,2009-11-30 - 2009-12-07,235,2009-12-03 - 2009-12-10,0,17,3,51.4285714286,66.6666666667
235,2009-12-03 - 2009-12-10,236,2009-12-06 - 2009-12-13,0,19,4,42.4242424242,55.5555555556
236,2009-12-06 - 2009-12-13,237,2009-12-09 - 2009-12-16,0,21,5,27.5862068966,44.4444444444
237,2009-12-09 - 2009-12-16,238,2009-12-12 - 2009-12-19,0,5,1,82.1428571429,90.0
238,2009-12-12 - 2009-12-19,239,2009-12-15 - 2009-12-22,0,10,2,67.7419354839,80.0
239,2009-12-15 - 2009-12-22,240,2009-12-18 - 2009-12-25,0,9,2,75.6756756757,80.0
240,2009-12-18 - 2009-12-25,241,2009-12-21 - 2009-12-28,0,17,3,50.0,70.0
241,2009-12-21 - 2009-12-28,242,2009-12-24 - 2009-12-31,0,23,5,30.303030303,44.4444444444
242,2009-12-24 - 2009-12-31,243,2009-12-27 - 2010-01-03,0,5,1,80.7692307692,88.8888888889
243,2009-12-27 - 2010-01-03,244,2009-12-30 - 2010-01-06,0,9,2,77.5,80.0
244,2009-12-30 - 2010-01-06,245,2010-01-02 - 2010-01-09,0,23,5,45.2380952381,50.0
245,2010-01-02 - 2010-01-09,246,2010-01-05 - 2010-01-12,0,19,2,56.8181818182,80.0
246,2010-01-05 - 2010-01-12,247,2010-01-08 - 2010-01-15,0,12,1,62.5,88.8888888889
247,2010-01-08 - 2010-01-15,248,2010-01-11 - 2010-01-18,0,20,2,45.9459459459,80.0
248,2010-01-11 - 2010-01-18,249,2010-01-14 - 2010-01-21,0,15,5,37.5,50.0
249,2010-01-14 - 2010-01-21,250,2010-01-17 - 2010-01-24,0,2,0,88.8888888889,100.0
250,2010-01-17 - 2010-01-24,251,2010-01-20 - 2010-01-27,0,15,2,54.5454545455,77.7777777778
251,2010-01-20 - 2010-01-27,252,2010-01-23 - 2010-01-30,0,28,4,33.3333333333,60.0
252,2010-01-23 - 2010-01-30,253,2010-01-26 - 2010-02-02,0,8,1,75.7575757576,90.0
253,2010-01-26 - 2010-02-02,254,2010-01-29 - 2010-02-05,0,19,4,34.4827586207,60.0
254,2010-01-29 - 2010-02-05,255,2010-02-01 - 2010-02-08,0,10,2,52.380952381,75.0
255,2010-02-01 - 2010-02-08,256,2010-02-04 - 2010-02-11,0,6,1,71.4285714286,87.5
256,2010-02-04 - 2010-02-11,257,2010-02-07 - 2010-02-14,0,10,1,62.962962963,88.8888888889
257,2010-02-07 - 2010-02-14,258,2010-02-10 - 2010-02-17,0,14,4,48.1481481481,60.0
258,2010-02-10 - 2010-02-17,259,2010-02-13 - 2010-02-20,0,11,2,72.5,80.0
259,2010-02-13 - 2010-02-20,260,2010-02-16 - 2010-02-23,0,34,6,17.0731707317,40.0
260,2010-02-16 - 2010-02-23,261,2010-02-19 - 2010-02-26,0,13,2,38.0952380952,71.4285714286
261,2010-02-19 - 2010-02-26,262,2010-02-22 - 2010-03-01,0,5,2,72.2222222222,75.0
262,2010-02-22 - 2010-03-01,263,2010-02-25 - 2010-03-04,0,13,4,38.0952380952,55.5555555556
263,2010-02-25 - 2010-03-04,264,2010-02-28 - 2010-03-07,0,8,2,70.3703703704,77.7777777778
264,2010-02-28 - 2010-03-07,265,2010-03-03 - 2010-03-10,0,17,4,37.037037037,55.5555555556
265,2010-03-03 - 2010-03-10,266,2010-03-06 - 2010-03-13,0,24,5,22.5806451613,44.4444444444
266,2010-03-06 - 2010-03-13,267,2010-03-09 - 2010-03-16,0,7,1,69.5652173913,88.8888888889
267,2010-03-09 - 2010-03-16,268,2010-03-12 - 2010-03-19,0,19,3,32.1428571429,70.0
268,2010-03-12 - 2010-03-19,269,2010-03-15 - 2010-03-22,0,9,2,62.5,77.7777777778
269,2010-03-15 - 2010-03-22,270,2010-03-18 - 2010-03-25,0,13,3,48.0,66.6666666667
270,2010-03-18 - 2010-03-25,271,2010-03-21 - 2010-03-28,0,12,2,45.4545454545,71.4285714286
271,2010-03-21 - 2010-03-28,272,2010-03-24 - 2010-03-31,0,10,3,58.3333333333,66.6666666667
272,2010-03-24 - 2010-03-31,273,2010-03-27 - 2010-04-03,0,8,1,74.1935483871,90.0
273,2010-03-27 - 2010-04-03,274,2010-03-30 - 2010-04-06,0,15,3,53.125,70.0
274,2010-03-30 - 2010-04-06,275,2010-04-02 - 2010-04-09,0,5,1,75.0,87.5
275,2010-04-02 - 2010-04-09,276,2010-04-05 - 2010-04-12,0,20,5,25.9259259259,50.0
276,2010-04-05 - 2010-04-12,277,2010-04-08 - 2010-04-15,0,19,6,17.3913043478,25.0
277,2010-04-08 - 2010-04-15,278,2010-04-11 - 2010-04-18,0,14,4,0.0,0.0
278,2010-04-11 - 2010-04-18,279,2010-04-14 - 2010-04-21,0,8,4,11.1111111111,20.0
279,2010-04-14 - 2010-04-21,280,2010-04-17 - 2010-04-24,0,11,2,38.8888888889,71.4285714286
280,2010-04-17 - 2010-04-24,281,2010-04-20 - 2010-04-27,0,10,2,64.2857142857,80.0
281,2010-04-20 - 2010-04-27,282,2010-04-23 - 2010-04-30,0,7,2,76.6666666667,77.7777777778
282,2010-04-23 - 2010-04-30,283,2010-04-26 - 2010-05-03,0,17,1,63.0434782609,90.0
283,2010-04-26 - 2010-05-03,284,2010-04-29 - 2010-05-06,0,23,5,30.303030303,50.0
284,2010-04-29 - 2010-05-06,285,2010-05-02 - 2010-05-09,0,30,4,26.8292682927,60.0
285,2010-05-02 - 2010-05-09,286,2010-05-05 - 2010-05-12,0,8,2,63.6363636364,75.0
286,2010-05-05 - 2010-05-12,287,2010-05-08 - 2010-05-15,0,13,2,59.375,80.0
287,2010-05-08 - 2010-05-15,288,2010-05-11 - 2010-05-18,0,17,4,48.4848484848,60.0
288,2010-05-11 - 2010-05-18,289,2010-05-14 - 2010-05-21,0,14,3,44.0,66.6666666667
289,2010-05-14 - 2010-05-21,290,2010-05-17 - 2010-05-24,0,23,5,28.125,50.0
290,2010-05-17 - 2010-05-24,291,2010-05-20 - 2010-05-27,0,19,6,17.3913043478,33.3333333333
291,2010-05-20 - 2010-05-27,292,2010-05-23 - 2010-05-30,0,2,1,71.4285714286,75.0
292,2010-05-23 - 2010-05-30,293,2010-05-26 - 2010-06-02,0,24,4,36.8421052632,60.0
293,2010-05-26 - 2010-06-02,294,2010-05-29 - 2010-06-05,0,14,4,41.6666666667,55.5555555556
294,2010-05-29 - 2010-06-05,295,2010-06-01 - 2010-06-08,0,7,2,36.3636363636,60.0
295,2010-06-01 - 2010-06-08,296,2010-06-04 - 2010-06-11,0,16,6,38.4615384615,40.0
296,2010-06-04 - 2010-06-11,297,2010-06-07 - 2010-06-14,0,11,2,42.1052631579,66.6666666667
297,2010-06-07 - 2010-06-14,298,2010-06-10 - 2010-06-17,0,8,2,38.4615384615,66.6666666667
298,2010-06-10 - 2010-06-17,299,2010-06-13 - 2010-06-20,0,4,2,80.0,77.7777777778
299,2010-06-13 - 2010-06-20,300,2010-06-16 - 2010-06-23,0,11,3,52.1739130435,66.6666666667
300,2010-06-16 - 2010-06-23,301,2010-06-19 - 2010-06-26,0,20,3,41.1764705882,70.0
301,2010-06-19 - 2010-06-26,302,2010-06-22 - 2010-06-29,0,12,2,42.8571428571,77.7777777778
302,2010-06-22 - 2010-06-29,303,2010-06-25 - 2010-07-02,0,4,1,81.8181818182,88.8888888889
303,2010-06-25 - 2010-07-02,304,2010-06-28 - 2010-07-05,0,7,1,76.6666666667,90.0
304,2010-06-28 - 2010-07-05,305,2010-07-01 - 2010-07-08,0,18,3,47.0588235294,70.0
305,2010-07-01 - 2010-07-08,306,2010-07-04 - 2010-07-11,0,9,4,66.6666666667,60.0
306,2010-07-04 - 2010-07-11,307,2010-07-07 - 2010-07-14,0,11,1,60.7142857143,87.5
307,2010-07-07 - 2010-07-14,308,2010-07-10 - 2010-07-17,0,4,0,86.6666666667,100.0
308,2010-07-10 - 2010-07-17,309,2010-07-13 - 2010-07-20,0,28,4,33.3333333333,60.0
309,2010-07-13 - 2010-07-20,310,2010-07-16 - 2010-07-23,0,12,2,55.5555555556,77.7777777778
310,2010-07-16 - 2010-07-23,311,2010-07-19 - 2010-07-26,0,10,3,60.0,70.0
311,2010-07-19 - 2010-07-26,312,2010-07-22 - 2010-07-29,0,18,3,35.7142857143,70.0
312,2010-07-22 - 2010-07-29,313,2010-07-25 - 2010-08-01,0,8,3,63.6363636364,70.0
313,2010-07-25 - 2010-08-01,314,2010-07-28 - 2010-08-04,0,11,3,60.7142857143,70.0
314,2010-07-28 - 2010-08-04,315,2010-07-31 - 2010-08-07,0,10,3,67.7419354839,70.0
315,2010-07-31 - 2010-08-07,316,2010-08-03 - 2010-08-10,0,10,2,68.75,77.7777777778
316,2010-08-03 - 2010-08-10,317,2010-08-06 - 2010-08-13,0,25,4,41.8604651163,60.0
317,2010-08-06 - 2010-08-13,318,2010-08-09 - 2010-08-16,0,15,1,62.5,90.0
318,2010-08-09 - 2010-08-16,319,2010-08-12 - 2010-08-19,0,13,2,58.064516129,80.0
319,2010-08-12 - 2010-08-19,320,2010-08-15 - 2010-08-22,0,13,4,60.6060606061,60.0
320,2010-08-15 - 2010-08-22,321,2010-08-18 - 2010-08-25,0,11,2,68.5714285714,80.0
321,2010-08-18 - 2010-08-25,322,2010-08-21 - 2010-08-28,0,19,3,40.625,70.0
322,2010-08-21 - 2010-08-28,323,2010-08-24 - 2010-08-31,0,17,3,39.2857142857,66.6666666667
323,2010-08-24 - 2010-08-31,324,2010-08-27 - 2010-09-03,0,13,4,18.75,42.8571428571
324,2010-08-27 - 2010-09-03,325,2010-08-30 - 2010-09-06,1,0,0,100.0,100.0
325,2010-08-30 - 2010-09-06,326,2010-09-02 - 2010-09-09,0,15,3,42.3076923077,62.5
326,2010-09-02 - 2010-09-09,327,2010-09-05 - 2010-09-12,0,8,2,70.3703703704,77.7777777778
327,2010-09-05 - 2010-09-12,328,2010-09-08 - 2010-09-15,0,24,6,11.1111111111,33.3333333333
328,2010-09-08 - 2010-09-15,329,2010-09-11 - 2010-09-18,0,7,2,61.1111111111,75.0
329,2010-09-11 - 2010-09-18,330,2010-09-14 - 2010-09-21,0,15,4,42.3076923077,60.0
330,2010-09-14 - 2010-09-21,331,2010-09-17 - 2010-09-24,0,3,1,83.3333333333,87.5
331,2010-09-17 - 2010-09-24,332,2010-09-20 - 2010-09-27,0,12,4,42.8571428571,55.5555555556
332,2010-09-20 - 2010-09-27,333,2010-09-23 - 2010-09-30,0,13,3,35.0,62.5
333,2010-09-23 - 2010-09-30,334,2010-09-26 - 2010-10-03,0,8,2,57.8947368421,75.0
334,2010-09-26 - 2010-10-03,335,2010-09-29 - 2010-10-06,0,11,2,52.1739130435,80.0
335,2010-09-29 - 2010-10-06,336,2010-10-02 - 2010-10-09,0,14,5,30.0,44.4444444444
336,2010-10-02 - 2010-10-09,337,2010-10-05 - 2010-10-12,0,10,3,47.3684210526,62.5
337,2010-10-05 - 2010-10-12,338,2010-10-08 - 2010-10-15,0,12,4,42.8571428571,55.5555555556
338,2010-10-08 - 2010-10-15,339,2010-10-11 - 2010-10-18,0,20,7,23.0769230769,30.0
339,2010-10-11 - 2010-10-18,340,2010-10-14 - 2010-10-21,0,5,2,50.0,60.0
340,2010-10-14 - 2010-10-21,341,2010-10-17 - 2010-10-24,0,11,4,42.1052631579,55.5555555556
341,2010-10-17 - 2010-10-24,342,2010-10-20 - 2010-10-27,0,1,0,90.9090909091,100.0
342,2010-10-20 - 2010-10-27,343,2010-10-23 - 2010-10-30,0,16,5,23.8095238095,44.4444444444
343,2010-10-23 - 2010-10-30,344,2010-10-26 - 2010-11-02,0,17,3,37.037037037,66.6666666667
344,2010-10-26 - 2010-11-02,345,2010-10-29 - 2010-11-05,0,12,3,50.0,66.6666666667
345,2010-10-29 - 2010-11-05,346,2010-11-01 - 2010-11-08,0,12,2,36.8421052632,75.0
346,2010-11-01 - 2010-11-08,347,2010-11-04 - 2010-11-11,0,9,3,64.0,70.0
347,2010-11-04 - 2010-11-11,348,2010-11-07 - 2010-11-14,0,11,3,56.0,66.6666666667
348,2010-11-07 - 2010-11-14,349,2010-11-10 - 2010-11-17,0,3,0,88.0,100.0
349,2010-11-10 - 2010-11-17,350,2010-11-13 - 2010-11-20,0,13,3,45.8333333333,66.6666666667
350,2010-11-13 - 2010-11-20,351,2010-11-16 - 2010-11-23,0,10,3,61.5384615385,70.0
351,2010-11-16 - 2010-11-23,352,2010-11-19 - 2010-11-26,0,14,4,48.1481481481,60.0
352,2010-11-19 - 2010-11-26,353,2010-11-22 - 2010-11-29,0,31,8,8.82352941176,20.0
353,2010-11-22 - 2010-11-29,354,2010-11-25 - 2010-12-02,0,5,1,61.5384615385,83.3333333333
354,2010-11-25 - 2010-12-02,355,2010-11-28 - 2010-12-05,0,14,4,39.1304347826,60.0
355,2010-11-28 - 2010-12-05,356,2010-12-01 - 2010-12-08,0,21,5,25.0,50.0
356,2010-12-01 - 2010-12-08,357,2010-12-04 - 2010-12-11,0,8,3,60.0,66.6666666667
357,2010-12-04 - 2010-12-11,358,2010-12-07 - 2010-12-14,0,5,2,81.4814814815,80.0
358,2010-12-07 - 2010-12-14,359,2010-12-10 - 2010-12-17,0,16,4,54.2857142857,60.0
359,2010-12-10 - 2010-12-17,360,2010-12-13 - 2010-12-20,0,19,3,45.7142857143,70.0
360,2010-12-13 - 2010-12-20,361,2010-12-16 - 2010-12-23,0,15,4,46.4285714286,60.0
361,2010-12-16 - 2010-12-23,362,2010-12-19 - 2010-12-26,0,8,2,57.8947368421,71.4285714286
362,2010-12-19 - 2010-12-26,363,2010-12-22 - 2010-12-29,0,12,3,53.8461538462,62.5
363,2010-12-22 - 2010-12-29,364,2010-12-25 - 2011-01-01,0,21,6,19.2307692308,33.3333333333
364,2010-12-25 - 2011-01-01,365,2010-12-28 - 2011-01-04,0,10,3,64.2857142857,66.6666666667
365,2010-12-28 - 2011-01-04,366,2010-12-31 - 2011-01-07,0,23,5,17.8571428571,37.5
366,2010-12-31 - 2011-01-07,367,2011-01-03 - 2011-01-10,0,5,1,64.2857142857,83.3333333333
367,2011-01-03 - 2011-01-10,368,2011-01-06 - 2011-01-13,0,10,3,44.4444444444,62.5
368,2011-01-06 - 2011-01-13,369,2011-01-09 - 2011-01-16,0,11,2,54.1666666667,75.0
369,2011-01-09 - 2011-01-16,370,2011-01-12 - 2011-01-19,0,2,1,87.5,85.7142857143
370,2011-01-12 - 2011-01-19,371,2011-01-15 - 2011-01-22,0,13,2,55.1724137931,77.7777777778
371,2011-01-15 - 2011-01-22,372,2011-01-18 - 2011-01-25,0,17,4,41.3793103448,55.5555555556
372,2011-01-18 - 2011-01-25,373,2011-01-21 - 2011-01-28,0,12,3,29.4117647059,50.0
373,2011-01-21 - 2011-01-28,374,2011-01-24 - 2011-01-31,0,6,3,53.8461538462,50.0
374,2011-01-24 - 2011-01-31,375,2011-01-27 - 2011-02-03,0,6,1,64.7058823529,83.3333333333
375,2011-01-27 - 2011-02-03,376,2011-01-30 - 2011-02-06,0,12,3,42.8571428571,62.5
376,2011-01-30 - 2011-02-06,377,2011-02-02 - 2011-02-09,0,14,2,51.724137931,77.7777777778
377,2011-02-02 - 2011-02-09,378,2011-02-05 - 2011-02-12,0,10,2,56.5217391304,77.7777777778
378,2011-02-05 - 2011-02-12,379,2011-02-08 - 2011-02-15,0,17,5,26.0869565217,50.0
379,2011-02-08 - 2011-02-15,380,2011-02-11 - 2011-02-18,0,15,6,6.25,14.2857142857
380,2011-02-11 - 2011-02-18,381,2011-02-14 - 2011-02-21,0,6,2,25.0,50.0
381,2011-02-14 - 2011-02-21,382,2011-02-17 - 2011-02-24,0,24,4,22.5806451613,50.0
382,2011-02-17 - 2011-02-24,383,2011-02-20 - 2011-02-27,0,17,5,26.0869565217,44.4444444444
383,2011-02-20 - 2011-02-27,384,2011-02-23 - 2011-03-02,0,3,1,70.0,83.3333333333
384,2011-02-23 - 2011-03-02,385,2011-02-26 - 2011-03-05,0,11,4,35.2941176471,50.0
385,2011-02-26 - 2011-03-05,386,2011-03-01 - 2011-03-08,0,12,4,29.4117647059,42.8571428571
386,2011-03-01 - 2011-03-08,387,2011-03-04 - 2011-03-11,0,6,2,25.0,50.0
387,2011-03-04 - 2011-03-11,388,2011-03-07 - 2011-03-14,0,9,2,57.1428571429,75.0
388,2011-03-07 - 2011-03-14,389,2011-03-10 - 2011-03-17,0,11,3,47.619047619,66.6666666667
389,2011-03-10 - 2011-03-17,390,2011-03-13 - 2011-03-20,0,23,4,28.125,60.0
390,2011-03-13 - 2011-03-20,391,2011-03-16 - 2011-03-23,0,7,2,66.6666666667,77.7777777778
391,2011-03-16 - 2011-03-23,392,2011-03-19 - 2011-03-26,0,7,2,58.8235294118,71.4285714286
392,2011-03-19 - 2011-03-26,393,2011-03-22 - 2011-03-29,0,21,6,4.54545454545,25.0
393,2011-03-22 - 2011-03-29,394,2011-03-25 - 2011-04-01,0,5,1,72.2222222222,85.7142857143
394,2011-03-25 - 2011-04-01,395,2011-03-28 - 2011-04-04,0,14,5,17.6470588235,28.5714285714
395,2011-03-28 - 2011-04-04,396,2011-03-31 - 2011-04-07,0,11,2,45.0,75.0
396,2011-03-31 - 2011-04-07,397,2011-04-03 - 2011-04-10,0,17,5,29.1666666667,44.4444444444
397,2011-04-03 - 2011-04-10,398,2011-04-06 - 2011-04-13,0,5,1,61.5384615385,83.3333333333
398,2011-04-06 - 2011-04-13,399,2011-04-09 - 2011-04-16,0,14,5,33.3333333333,44.4444444444
399,2011-04-09 - 2011-04-16,400,2011-04-12 - 2011-04-19,0,4,2,42.8571428571,50.0
400,2011-04-12 - 2011-04-19,401,2011-04-15 - 2011-04-22,0,8,3,55.5555555556,66.6666666667
401,2011-04-15 - 2011-04-22,402,2011-04-18 - 2011-04-25,0,20,7,9.09090909091,22.2222222222
402,2011-04-18 - 2011-04-25,403,2011-04-21 - 2011-04-28,0,7,3,0.0,0.0
403,2011-04-21 - 2011-04-28,404,2011-04-24 - 2011-05-01,0,10,2,65.5172413793,80.0
404,2011-04-24 - 2011-05-01,405,2011-04-27 - 2011-05-04,0,19,4,24.0,55.5555555556
405,2011-04-27 - 2011-05-04,406,2011-04-30 - 2011-05-07,0,16,5,27.2727272727,37.5
406,2011-04-30 - 2011-05-07,407,2011-05-03 - 2011-05-10,0,9,4,0.0,0.0
407,2011-05-03 - 2011-05-10,408,2011-05-06 - 2011-05-13,0,7,3,0.0,0.0
408,2011-05-06 - 2011-05-13,409,2011-05-09 - 2011-05-16,1,0,0,100.0,100.0
409,2011-05-09 - 2011-05-16,410,2011-05-12 - 2011-05-19,0,10,3,41.1764705882,62.5
410,2011-05-12 - 2011-05-19,411,2011-05-15 - 2011-05-22,0,11,3,54.1666666667,62.5
411,2011-05-15 - 2011-05-22,412,2011-05-18 - 2011-05-25,0,19,6,17.3913043478,25.0
412,2011-05-18 - 2011-05-25,413,2011-05-21 - 2011-05-28,0,6,3,0.0,0.0
413,2011-05-21 - 2011-05-28,414,2011-05-24 - 2011-05-31,1,0,0,100.0,100.0
414,2011-05-24 - 2011-05-31,415,2011-05-27 - 2011-06-03,0,4,2,75.0,75.0
415,2011-05-27 - 2011-06-03,416,2011-05-30 - 2011-06-06,0,10,3,37.5,57.1428571429
416,2011-05-30 - 2011-06-06,417,2011-06-02 - 2011-06-09,0,8,2,61.9047619048,71.4285714286
417,2011-06-02 - 2011-06-09,418,2011-06-05 - 2011-06-12,0,19,5,20.8333333333,37.5
418,2011-06-05 - 2011-06-12,419,2011-06-08 - 2011-06-15,0,16,5,36.0,44.4444444444
419,2011-06-08 - 2011-06-15,420,2011-06-11 - 2011-06-18,0,16,2,60.0,80.0
420,2011-06-11 - 2011-06-18,421,2011-06-14 - 2011-06-21,0,19,3,45.7142857143,66.6666666667
421,2011-06-14 - 2011-06-21,422,2011-06-17 - 2011-06-24,0,12,3,52.0,66.6666666667
422,2011-06-17 - 2011-06-24,423,2011-06-20 - 2011-06-27,0,15,4,28.5714285714,55.5555555556
423,2011-06-20 - 2011-06-27,424,2011-06-23 - 2011-06-30,0,18,7,5.26315789474,12.5
424,2011-06-23 - 2011-06-30,425,2011-06-26 - 2011-07-03,0,26,5,16.1290322581,37.5
425,2011-06-26 - 2011-07-03,426,2011-06-29 - 2011-07-06,0,12,3,50.0,66.6666666667
426,2011-06-29 - 2011-07-06,427,2011-07-02 - 2011-07-09,0,16,6,11.1111111111,25.0
427,2011-07-02 - 2011-07-09,428,2011-07-05 - 2011-07-12,0,5,1,66.6666666667,83.3333333333
428,2011-07-05 - 2011-07-12,429,2011-07-08 - 2011-07-15,0,25,8,7.40740740741,20.0
429,2011-07-08 - 2011-07-15,430,2011-07-11 - 2011-07-18,0,2,0,71.4285714286,100.0
430,2011-07-11 - 2011-07-18,431,2011-07-14 - 2011-07-21,0,18,6,21.7391304348,33.3333333333
431,2011-07-14 - 2011-07-21,432,2011-07-17 - 2011-07-24,0,9,3,50.0,62.5
432,2011-07-17 - 2011-07-24,433,2011-07-20 - 2011-07-27,0,12,3,47.8260869565,62.5
433,2011-07-20 - 2011-07-27,434,2011-07-23 - 2011-07-30,0,11,5,0.0,0.0
434,2011-07-23 - 2011-07-30,435,2011-07-26 - 2011-08-02,0,6,3,0.0,0.0
435,2011-07-26 - 2011-08-02,436,2011-07-29 - 2011-08-05,0,8,2,20.0,50.0
436,2011-07-29 - 2011-08-05,437,2011-08-01 - 2011-08-08,0,17,5,26.0869565217,37.5
437,2011-08-01 - 2011-08-08,438,2011-08-04 - 2011-08-11,0,7,3,12.5,25.0
438,2011-08-04 - 2011-08-11,439,2011-08-07 - 2011-08-14,0,14,3,39.1304347826,62.5
439,2011-08-07 - 2011-08-14,440,2011-08-10 - 2011-08-17,0,12,2,58.6206896552,77.7777777778
440,2011-08-10 - 2011-08-17,441,2011-08-13 - 2011-08-20,0,20,8,0.0,0.0
441,2011-08-13 - 2011-08-20,442,2011-08-16 - 2011-08-23,0,10,3,16.6666666667,40.0
442,2011-08-16 - 2011-08-23,443,2011-08-19 - 2011-08-26,0,6,3,68.4210526316,62.5
443,2011-08-19 - 2011-08-26,444,2011-08-22 - 2011-08-29,0,12,4,20.0,33.3333333333
444,2011-08-22 - 2011-08-29,445,2011-08-25 - 2011-09-01,0,7,1,58.8235294118,83.3333333333
445,2011-08-25 - 2011-09-01,446,2011-08-28 - 2011-09-04,0,13,3,40.9090909091,62.5
446,2011-08-28 - 2011-09-04,447,2011-08-31 - 2011-09-07,0,10,5,9.09090909091,16.6666666667
447,2011-08-31 - 2011-09-07,448,2011-09-03 - 2011-09-10,0,12,6,0.0,0.0
448,2011-09-03 - 2011-09-10,449,2011-09-06 - 2011-09-13,1,0,0,100.0,100.0
449,2011-09-06 - 2011-09-13,450,2011-09-09 - 2011-09-16,0,7,2,63.1578947368,75.0
450,2011-09-09 - 2011-09-16,451,2011-09-12 - 2011-09-19,0,13,6,0.0,0.0
451,2011-09-12 - 2011-09-19,452,2011-09-15 - 2011-09-22,0,3,2,0.0,0.0
452,2011-09-15 - 2011-09-22,453,2011-09-18 - 2011-09-25,0,5,3,0.0,0.0
453,2011-09-18 - 2011-09-25,454,2011-09-21 - 2011-09-28,0,19,4,24.0,50.0
454,2011-09-21 - 2011-09-28,455,2011-09-24 - 2011-10-01,0,13,4,23.5294117647,33.3333333333
455,2011-09-24 - 2011-10-01,456,2011-09-27 - 2011-10-04,0,10,4,47.3684210526,50.0
456,2011-09-27 - 2011-10-04,457,2011-09-30 - 2011-10-07,0,6,2,33.3333333333,50.0
457,2011-09-30 - 2011-10-07,458,2011-10-03 - 2011-10-10,0,5,2,37.5,50.0
458,2011-10-03 - 2011-10-10,459,2011-10-06 - 2011-10-13,0,10,3,47.3684210526,66.6666666667
459,2011-10-06 - 2011-10-13,460,2011-10-09 - 2011-10-16,0,13,3,55.1724137931,70.0
460,2011-10-09 - 2011-10-16,461,2011-10-12 - 2011-10-19,0,18,5,25.0,44.4444444444
461,2011-10-12 - 2011-10-19,462,2011-10-15 - 2011-10-22,0,6,3,62.5,57.1428571429
462,2011-10-15 - 2011-10-22,463,2011-10-18 - 2011-10-25,0,10,4,50.0,55.5555555556
463,2011-10-18 - 2011-10-25,464,2011-10-21 - 2011-10-28,0,8,3,33.3333333333,50.0
464,2011-10-21 - 2011-10-28,465,2011-10-24 - 2011-10-31,0,9,2,60.8695652174,75.0
465,2011-10-24 - 2011-10-31,466,2011-10-27 - 2011-11-03,0,14,4,30.0,50.0
466,2011-10-27 - 2011-11-03,467,2011-10-30 - 2011-11-06,0,11,4,15.3846153846,33.3333333333
467,2011-10-30 - 2011-11-06,468,2011-11-02 - 2011-11-09,0,4,1,69.2307692308,83.3333333333
468,2011-11-02 - 2011-11-09,469,2011-11-05 - 2011-11-12,0,10,4,50.0,50.0
469,2011-11-05 - 2011-11-12,470,2011-11-08 - 2011-11-15,0,28,8,0.0,0.0
470,2011-11-08 - 2011-11-15,471,2011-11-11 - 2011-11-18,0,3,1,50.0,66.6666666667
471,2011-11-11 - 2011-11-18,472,2011-11-14 - 2011-11-21,1,0,0,100.0,100.0
472,2011-11-14 - 2011-11-21,473,2011-11-17 - 2011-11-24,0,5,3,0.0,0.0
473,2011-11-17 - 2011-11-24,474,2011-11-20 - 2011-11-27,0,2,1,75.0,75.0
474,2011-11-20 - 2011-11-27,475,2011-11-23 - 2011-11-30,0,8,3,52.9411764706,57.1428571429
475,2011-11-23 - 2011-11-30,476,2011-11-26 - 2011-12-03,0,10,3,50.0,62.5
476,2011-11-26 - 2011-12-03,477,2011-11-29 - 2011-12-06,0,19,6,26.9230769231,40.0
477,2011-11-29 - 2011-12-06,478,2011-12-02 - 2011-12-09,0,10,4,33.3333333333,42.8571428571
478,2011-12-02 - 2011-12-09,479,2011-12-05 - 2011-12-12,0,16,4,48.3870967742,60.0
479,2011-12-05 - 2011-12-12,480,2011-12-08 - 2011-12-15,0,24,4,31.4285714286,55.5555555556
480,2011-12-08 - 2011-12-15,481,2011-12-11 - 2011-12-18,0,10,1,74.358974359,90.0
481,2011-12-11 - 2011-12-18,482,2011-12-14 - 2011-12-21,0,32,8,3.0303030303,11.1111111111
482,2011-12-14 - 2011-12-21,483,2011-12-17 - 2011-12-24,1,0,0,100.0,100.0
483,2011-12-17 - 2011-12-24,484,2011-12-20 - 2011-12-27,0,14,3,51.724137931,66.6666666667
484,2011-12-20 - 2011-12-27,485,2011-12-23 - 2011-12-30,0,10,2,61.5384615385,77.7777777778
485,2011-12-23 - 2011-12-30,486,2011-12-26 - 2012-01-02,0,9,3,65.3846153846,70.0
486,2011-12-26 - 2012-01-02,487,2011-12-29 - 2012-01-05,0,13,3,38.0952380952,62.5
487,2011-12-29 - 2012-01-05,488,2012-01-01 - 2012-01-08,0,23,7,8.0,22.2222222222
488,2012-01-01 - 2012-01-08,489,2012-01-04 - 2012-01-11,0,6,3,40.0,40.0
489,2012-01-04 - 2012-01-11,490,2012-01-07 - 2012-01-14,0,15,4,21.0526315789,42.8571428571
490,2012-01-07 - 2012-01-14,491,2012-01-10 - 2012-01-17,0,7,3,22.2222222222,40.0
491,2012-01-10 - 2012-01-17,492,2012-01-13 - 2012-01-20,0,21,6,25.0,40.0
492,2012-01-13 - 2012-01-20,493,2012-01-16 - 2012-01-23,0,13,4,27.7777777778,42.8571428571
493,2012-01-16 - 2012-01-23,494,2012-01-19 - 2012-01-26,0,6,2,40.0,50.0
494,2012-01-19 - 2012-01-26,495,2012-01-22 - 2012-01-29,0,18,3,30.7692307692,57.1428571429
495,2012-01-22 - 2012-01-29,496,2012-01-25 - 2012-02-01,0,14,3,56.25,66.6666666667
496,2012-01-25 - 2012-02-01,497,2012-01-28 - 2012-02-04,0,23,7,0.0,0.0
497,2012-01-28 - 2012-02-04,498,2012-01-31 - 2012-02-07,0,4,2,0.0,0.0
498,2012-01-31 - 2012-02-07,499,2012-02-03 - 2012-02-10,0,10,5,0.0,0.0
499,2012-02-03 - 2012-02-10,500,2012-02-06 - 2012-02-13,1,0,0,100.0,100.0
500,2012-02-06 - 2012-02-13,501,2012-02-09 - 2012-02-16,0,14,5,36.3636363636,44.4444444444
501,2012-02-09 - 2012-02-16,502,2012-02-12 - 2012-02-19,0,24,4,35.1351351351,60.0
502,2012-02-12 - 2012-02-19,503,2012-02-15 - 2012-02-22,0,9,3,60.8695652174,66.6666666667
503,2012-02-15 - 2012-02-22,504,2012-02-18 - 2012-02-25,0,15,5,28.5714285714,37.5
504,2012-02-18 - 2012-02-25,505,2012-02-21 - 2012-02-28,0,15,5,16.6666666667,28.5714285714
505,2012-02-21 - 2012-02-28,506,2012-02-24 - 2012-03-02,0,1,0,87.5,100.0
506,2012-02-24 - 2012-03-02,507,2012-02-27 - 2012-03-05,0,11,4,52.1739130435,55.5555555556
507,2012-02-27 - 2012-03-05,508,2012-03-01 - 2012-03-08,0,17,2,51.4285714286,80.0
508,2012-03-01 - 2012-03-08,509,2012-03-04 - 2012-03-11,0,12,4,45.4545454545,60.0
509,2012-03-04 - 2012-03-11,510,2012-03-07 - 2012-03-14,0,13,3,48.0,66.6666666667
510,2012-03-07 - 2012-03-14,511,2012-03-10 - 2012-03-17,0,9,3,57.1428571429,62.5
511,2012-03-10 - 2012-03-17,512,2012-03-13 - 2012-03-20,0,13,3,51.8518518519,62.5
512,2012-03-13 - 2012-03-20,513,2012-03-16 - 2012-03-23,0,12,3,45.4545454545,57.1428571429
513,2012-03-16 - 2012-03-23,514,2012-03-19 - 2012-03-26,0,13,3,18.75,50.0
514,2012-03-19 - 2012-03-26,515,2012-03-22 - 2012-03-29,0,12,3,36.8421052632,57.1428571429
515,2012-03-22 - 2012-03-29,516,2012-03-25 - 2012-04-01,0,18,5,18.1818181818,37.5
516,2012-03-25 - 2012-04-01,517,2012-03-28 - 2012-04-04,0,10,3,44.4444444444,57.1428571429
517,2012-03-28 - 2012-04-04,518,2012-03-31 - 2012-04-07,0,10,4,33.3333333333,42.8571428571
518,2012-03-31 - 2012-04-07,519,2012-04-03 - 2012-04-10,0,3,1,50.0,66.6666666667
519,2012-04-03 - 2012-04-10,520,2012-04-06 - 2012-04-13,0,15,4,25.0,42.8571428571
520,2012-04-06 - 2012-04-13,521,2012-04-09 - 2012-04-16,0,15,5,31.8181818182,37.5
521,2012-04-09 - 2012-04-16,522,2012-04-12 - 2012-04-19,0,14,2,50.0,75.0
522,2012-04-12 - 2012-04-19,523,2012-04-15 - 2012-04-22,0,9,3,57.1428571429,62.5
523,2012-04-15 - 2012-04-22,524,2012-04-18 - 2012-04-25,0,5,0,73.6842105263,100.0
524,2012-04-18 - 2012-04-25,525,2012-04-21 - 2012-04-28,0,15,5,37.5,44.4444444444
525,2012-04-21 - 2012-04-28,526,2012-04-24 - 2012-05-01,0,13,3,40.9090909091,57.1428571429
526,2012-04-24 - 2012-05-01,527,2012-04-27 - 2012-05-04,0,10,3,47.3684210526,62.5
527,2012-04-27 - 2012-05-04,528,2012-04-30 - 2012-05-07,0,2,1,88.8888888889,87.5
528,2012-04-30 - 2012-05-07,529,2012-05-03 - 2012-05-10,0,16,5,33.3333333333,37.5
529,2012-05-03 - 2012-05-10,530,2012-05-06 - 2012-05-13,0,6,2,68.4210526316,71.4285714286
530,2012-05-06 - 2012-05-13,531,2012-05-09 - 2012-05-16,0,17,3,41.3793103448,66.6666666667
531,2012-05-09 - 2012-05-16,532,2012-05-12 - 2012-05-19,0,8,2,65.2173913043,75.0
532,2012-05-12 - 2012-05-19,533,2012-05-15 - 2012-05-22,0,17,4,29.1666666667,50.0
533,2012-05-15 - 2012-05-22,534,2012-05-18 - 2012-05-25,0,11,3,56.0,66.6666666667
534,2012-05-18 - 2012-05-25,535,2012-05-21 - 2012-05-28,0,14,4,53.3333333333,55.5555555556
535,2012-05-21 - 2012-05-28,536,2012-05-24 - 2012-05-31,0,19,3,45.7142857143,62.5
536,2012-05-24 - 2012-05-31,537,2012-05-27 - 2012-06-03,0,16,4,38.4615384615,50.0
537,2012-05-27 - 2012-06-03,538,2012-05-30 - 2012-06-06,0,17,4,34.6153846154,50.0
538,2012-05-30 - 2012-06-06,539,2012-06-02 - 2012-06-09,0,12,3,55.5555555556,70.0
539,2012-06-02 - 2012-06-09,540,2012-06-05 - 2012-06-12,0,14,3,56.25,66.6666666667
540,2012-06-05 - 2012-06-12,541,2012-06-08 - 2012-06-15,0,20,5,16.6666666667,37.5
541,2012-06-08 - 2012-06-15,542,2012-06-11 - 2012-06-18,0,7,2,72.0,75.0
542,2012-06-11 - 2012-06-18,543,2012-06-14 - 2012-06-21,0,18,6,28.0,33.3333333333
543,2012-06-14 - 2012-06-21,544,2012-06-17 - 2012-06-24,0,5,1,58.3333333333,80.0
544,2012-06-17 - 2012-06-24,545,2012-06-20 - 2012-06-27,0,9,3,64.0,66.6666666667
545,2012-06-20 - 2012-06-27,546,2012-06-23 - 2012-06-30,0,18,2,55.0,80.0
546,2012-06-23 - 2012-06-30,547,2012-06-26 - 2012-07-03,0,20,6,25.9259259259,33.3333333333
547,2012-06-26 - 2012-07-03,548,2012-06-29 - 2012-07-06,0,9,2,57.1428571429,71.4285714286
548,2012-06-29 - 2012-07-06,549,2012-07-02 - 2012-07-09,0,16,4,40.7407407407,50.0
549,2012-07-02 - 2012-07-09,550,2012-07-05 - 2012-07-12,0,19,3,45.7142857143,66.6666666667
550,2012-07-05 - 2012-07-12,551,2012-07-08 - 2012-07-15,0,9,2,74.2857142857,77.7777777778
551,2012-07-08 - 2012-07-15,552,2012-07-11 - 2012-07-18,0,26,6,27.7777777778,40.0
552,2012-07-11 - 2012-07-18,553,2012-07-14 - 2012-07-21,0,7,1,82.9268292683,90.0
553,2012-07-14 - 2012-07-21,554,2012-07-17 - 2012-07-24,0,25,4,45.652173913,60.0
554,2012-07-17 - 2012-07-24,555,2012-07-20 - 2012-07-27,0,24,4,44.1860465116,60.0
555,2012-07-20 - 2012-07-27,556,2012-07-23 - 2012-07-30,0,19,3,53.6585365854,70.0
556,2012-07-23 - 2012-07-30,557,2012-07-26 - 2012-08-02,0,8,2,73.3333333333,77.7777777778
557,2012-07-26 - 2012-08-02,558,2012-07-29 - 2012-08-05,0,19,5,40.625,50.0
558,2012-07-29 - 2012-08-05,559,2012-08-01 - 2012-08-08,0,16,2,51.5151515152,75.0
559,2012-08-01 - 2012-08-08,560,2012-08-04 - 2012-08-11,0,12,1,57.1428571429,85.7142857143
560,2012-08-04 - 2012-08-11,561,2012-08-07 - 2012-08-14,0,22,3,38.8888888889,70.0
561,2012-08-07 - 2012-08-14,562,2012-08-10 - 2012-08-17,0,8,2,70.3703703704,80.0
562,2012-08-10 - 2012-08-17,563,2012-08-13 - 2012-08-20,0,16,3,50.0,66.6666666667
563,2012-08-13 - 2012-08-20,564,2012-08-16 - 2012-08-23,0,20,5,25.9259259259,44.4444444444
564,2012-08-16 - 2012-08-23,565,2012-08-19 - 2012-08-26,0,5,1,80.0,85.7142857143
565,2012-08-19 - 2012-08-26,566,2012-08-22 - 2012-08-29,0,19,4,26.9230769231,50.0
566,2012-08-22 - 2012-08-29,567,2012-08-25 - 2012-09-01,0,11,2,54.1666666667,75.0
567,2012-08-25 - 2012-09-01,568,2012-08-28 - 2012-09-04,0,20,5,33.3333333333,50.0
568,2012-08-28 - 2012-09-04,569,2012-08-31 - 2012-09-07,0,19,3,54.7619047619,66.6666666667
569,2012-08-31 - 2012-09-07,570,2012-09-03 - 2012-09-10,0,14,2,62.1621621622,75.0
570,2012-09-03 - 2012-09-10,571,2012-09-06 - 2012-09-13,0,9,0,76.9230769231,100.0
571,2012-09-06 - 2012-09-13,572,2012-09-09 - 2012-09-16,0,29,4,38.2978723404,60.0
572,2012-09-09 - 2012-09-16,573,2012-09-12 - 2012-09-19,0,9,2,74.2857142857,80.0
573,2012-09-12 - 2012-09-19,574,2012-09-15 - 2012-09-22,0,21,5,38.2352941176,50.0
574,2012-09-15 - 2012-09-22,575,2012-09-18 - 2012-09-25,0,16,3,62.7906976744,70.0
575,2012-09-18 - 2012-09-25,576,2012-09-21 - 2012-09-28,0,25,4,35.8974358974,55.5555555556
576,2012-09-21 - 2012-09-28,577,2012-09-24 - 2012-10-01,0,12,2,52.0,75.0
577,2012-09-24 - 2012-10-01,578,2012-09-27 - 2012-10-04,0,17,4,41.3793103448,55.5555555556
578,2012-09-27 - 2012-10-04,579,2012-09-30 - 2012-10-07,0,11,3,52.1739130435,62.5
579,2012-09-30 - 2012-10-07,580,2012-10-03 - 2012-10-10,0,13,2,60.6060606061,77.7777777778
580,2012-10-03 - 2012-10-10,581,2012-10-06 - 2012-10-13,0,14,3,46.1538461538,66.6666666667
581,2012-10-06 - 2012-10-13,582,2012-10-09 - 2012-10-16,0,20,4,45.9459459459,60.0
582,2012-10-09 - 2012-10-16,583,2012-10-12 - 2012-10-19,0,10,1,71.4285714286,88.8888888889
583,2012-10-12 - 2012-10-19,584,2012-10-15 - 2012-10-22,0,19,4,40.625,55.5555555556
584,2012-10-15 - 2012-10-22,585,2012-10-18 - 2012-10-25,0,7,1,79.4117647059,88.8888888889
585,2012-10-18 - 2012-10-25,586,2012-10-21 - 2012-10-28,0,19,3,48.6486486486,70.0
586,2012-10-21 - 2012-10-28,587,2012-10-24 - 2012-10-31,0,26,5,27.7777777778,50.0
587,2012-10-24 - 2012-10-31,588,2012-10-27 - 2012-11-03,0,21,4,32.2580645161,55.5555555556
588,2012-10-27 - 2012-11-03,589,2012-10-30 - 2012-11-06,0,20,3,45.9459459459,66.6666666667
589,2012-10-30 - 2012-11-06,590,2012-11-02 - 2012-11-09,0,14,2,48.1481481481,75.0
590,2012-11-02 - 2012-11-09,591,2012-11-05 - 2012-11-12,0,24,4,31.4285714286,60.0
591,2012-11-05 - 2012-11-12,592,2012-11-08 - 2012-11-15,0,7,2,81.0810810811,80.0
592,2012-11-08 - 2012-11-15,593,2012-11-11 - 2012-11-18,0,27,3,44.8979591837,70.0
593,2012-11-11 - 2012-11-18,594,2012-11-14 - 2012-11-21,0,19,4,48.6486486486,55.5555555556
594,2012-11-14 - 2012-11-21,595,2012-11-17 - 2012-11-24,0,19,2,55.8139534884,77.7777777778
595,2012-11-17 - 2012-11-24,596,2012-11-20 - 2012-11-27,0,13,1,63.8888888889,90.0
596,2012-11-20 - 2012-11-27,597,2012-11-23 - 2012-11-30,0,22,3,45.0,70.0
597,2012-11-23 - 2012-11-30,598,2012-11-26 - 2012-12-03,0,23,3,41.0256410256,70.0
598,2012-11-26 - 2012-12-03,599,2012-11-29 - 2012-12-06,0,19,5,44.1176470588,50.0
599,2012-11-29 - 2012-12-06,600,2012-12-02 - 2012-12-09,0,15,2,53.125,77.7777777778
600,2012-12-02 - 2012-12-09,601,2012-12-05 - 2012-12-12,0,17,5,34.6153846154,44.4444444444
601,2012-12-05 - 2012-12-12,602,2012-12-08 - 2012-12-15,0,20,4,23.0769230769,50.0
602,2012-12-08 - 2012-12-15,603,2012-12-11 - 2012-12-18,0,12,3,53.8461538462,66.6666666667
603,2012-12-11 - 2012-12-18,604,2012-12-14 - 2012-12-21,0,14,2,65.0,80.0
604,2012-12-14 - 2012-12-21,605,2012-12-17 - 2012-12-24,0,15,3,55.8823529412,70.0
605,2012-12-17 - 2012-12-24,606,2012-12-20 - 2012-12-27,0,27,6,25.0,40.0
606,2012-12-20 - 2012-12-27,607,2012-12-23 - 2012-12-30,0,10,4,37.5,42.8571428571
607,2012-12-23 - 2012-12-30,608,2012-12-26 - 2013-01-02,0,12,2,67.5675675676,80.0
608,2012-12-26 - 2013-01-02,609,2012-12-29 - 2013-01-05,0,22,5,35.2941176471,50.0
609,2012-12-29 - 2013-01-05,610,2013-01-01 - 2013-01-08,0,9,2,62.5,75.0
610,2013-01-01 - 2013-01-08,611,2013-01-04 - 2013-01-11,0,11,3,50.0,62.5
611,2013-01-04 - 2013-01-11,612,2013-01-07 - 2013-01-14,0,5,1,70.5882352941,85.7142857143
612,2013-01-07 - 2013-01-14,613,2013-01-10 - 2013-01-17,0,11,3,57.6923076923,66.6666666667
613,2013-01-10 - 2013-01-17,614,2013-01-13 - 2013-01-20,0,11,3,59.2592592593,66.6666666667
614,2013-01-13 - 2013-01-20,615,2013-01-16 - 2013-01-23,0,12,2,65.7142857143,80.0
615,2013-01-16 - 2013-01-23,616,2013-01-19 - 2013-01-26,0,13,3,58.064516129,66.6666666667
616,2013-01-19 - 2013-01-26,617,2013-01-22 - 2013-01-29,0,18,2,48.5714285714,77.7777777778
617,2013-01-22 - 2013-01-29,618,2013-01-25 - 2013-02-01,0,24,7,20.0,30.0
618,2013-01-25 - 2013-02-01,619,2013-01-28 - 2013-02-04,0,14,3,53.3333333333,66.6666666667
619,2013-01-28 - 2013-02-04,620,2013-01-31 - 2013-02-07,0,8,2,61.9047619048,75.0
620,2013-01-31 - 2013-02-07,621,2013-02-03 - 2013-02-10,0,4,1,80.9523809524,88.8888888889
621,2013-02-03 - 2013-02-10,622,2013-02-06 - 2013-02-13,0,11,4,45.0,50.0
622,2013-02-06 - 2013-02-13,623,2013-02-09 - 2013-02-16,0,14,3,58.8235294118,70.0
623,2013-02-09 - 2013-02-16,624,2013-02-12 - 2013-02-19,0,21,4,27.5862068966,55.5555555556
624,2013-02-12 - 2013-02-19,625,2013-02-15 - 2013-02-22,0,2,0,92.3076923077,100.0
625,2013-02-15 - 2013-02-22,626,2013-02-18 - 2013-02-25,0,9,3,62.5,66.6666666667
626,2013-02-18 - 2013-02-25,627,2013-02-21 - 2013-02-28,0,21,5,41.6666666667,50.0
627,2013-02-21 - 2013-02-28,628,2013-02-24 - 2013-03-03,0,17,4,32.0,50.0
628,2013-02-24 - 2013-03-03,629,2013-02-27 - 2013-03-06,0,5,2,66.6666666667,71.4285714286
629,2013-02-27 - 2013-03-06,630,2013-03-02 - 2013-03-09,0,11,4,45.0,50.0
630,2013-03-02 - 2013-03-09,631,2013-03-05 - 2013-03-12,0,13,3,53.5714285714,66.6666666667
631,2013-03-05 - 2013-03-12,632,2013-03-08 - 2013-03-15,0,11,2,56.0,75.0
632,2013-03-08 - 2013-03-15,633,2013-03-11 - 2013-03-18,0,14,4,44.0,55.5555555556
633,2013-03-11 - 2013-03-18,634,2013-03-14 - 2013-03-21,0,6,1,50.0,80.0
634,2013-03-14 - 2013-03-21,635,2013-03-17 - 2013-03-24,0,11,4,26.6666666667,33.3333333333
635,2013-03-17 - 2013-03-24,636,2013-03-20 - 2013-03-27,0,3,1,57.1428571429,66.6666666667
636,2013-03-20 - 2013-03-27,637,2013-03-23 - 2013-03-30,0,3,1,76.9230769231,80.0
637,2013-03-23 - 2013-03-30,638,2013-03-26 - 2013-04-02,0,11,2,31.25,66.6666666667
638,2013-03-26 - 2013-04-02,639,2013-03-29 - 2013-04-05,0,3,1,84.2105263158,87.5
639,2013-03-29 - 2013-04-05,640,2013-04-01 - 2013-04-08,0,8,3,65.2173913043,66.6666666667
640,2013-04-01 - 2013-04-08,641,2013-04-04 - 2013-04-11,0,13,3,53.5714285714,62.5
641,2013-04-04 - 2013-04-11,642,2013-04-07 - 2013-04-14,0,4,0,80.0,100.0
642,2013-04-07 - 2013-04-14,643,2013-04-10 - 2013-04-17,0,19,4,38.7096774194,55.5555555556
643,2013-04-10 - 2013-04-17,644,2013-04-13 - 2013-04-20,0,16,3,50.0,66.6666666667
644,2013-04-13 - 2013-04-20,645,2013-04-16 - 2013-04-23,0,13,3,55.1724137931,66.6666666667
645,2013-04-16 - 2013-04-23,646,2013-04-19 - 2013-04-26,0,13,2,69.7674418605,77.7777777778
646,2013-04-19 - 2013-04-26,647,2013-04-22 - 2013-04-29,0,16,2,60.9756097561,77.7777777778
647,2013-04-22 - 2013-04-29,648,2013-04-25 - 2013-05-02,0,19,2,47.2222222222,77.7777777778
648,2013-04-25 - 2013-05-02,649,2013-04-28 - 2013-05-05,0,11,3,52.1739130435,66.6666666667
649,2013-04-28 - 2013-05-05,650,2013-05-01 - 2013-05-08,0,3,1,87.5,87.5
650,2013-05-01 - 2013-05-08,651,2013-05-04 - 2013-05-11,0,9,1,66.6666666667,87.5
651,2013-05-04 - 2013-05-11,652,2013-05-07 - 2013-05-14,0,13,4,43.4782608696,55.5555555556
652,2013-05-07 - 2013-05-14,653,2013-05-10 - 2013-05-17,0,25,4,24.2424242424,50.0
653,2013-05-10 - 2013-05-17,654,2013-05-13 - 2013-05-20,0,7,3,63.1578947368,62.5
654,2013-05-13 - 2013-05-20,655,2013-05-16 - 2013-05-23,0,15,3,44.4444444444,57.1428571429
655,2013-05-16 - 2013-05-23,656,2013-05-19 - 2013-05-26,0,8,1,76.4705882353,87.5
656,2013-05-19 - 2013-05-26,657,2013-05-22 - 2013-05-29,0,20,4,48.7179487179,60.0
657,2013-05-22 - 2013-05-29,658,2013-05-25 - 2013-06-01,0,17,4,37.037037037,55.5555555556
658,2013-05-25 - 2013-06-01,659,2013-05-28 - 2013-06-04,0,13,4,35.0,50.0
659,2013-05-28 - 2013-06-04,660,2013-05-31 - 2013-06-07,0,6,2,80.0,80.0
660,2013-05-31 - 2013-06-07,661,2013-06-03 - 2013-06-10,0,22,3,43.5897435897,70.0
661,2013-06-03 - 2013-06-10,662,2013-06-06 - 2013-06-13,0,6,1,81.25,90.0
662,2013-06-06 - 2013-06-13,663,2013-06-09 - 2013-06-16,0,8,2,73.3333333333,80.0
663,2013-06-09 - 2013-06-16,664,2013-06-12 - 2013-06-19,0,9,2,72.7272727273,80.0
664,2013-06-12 - 2013-06-19,665,2013-06-15 - 2013-06-22,0,15,4,50.0,60.0
665,2013-06-15 - 2013-06-22,666,2013-06-18 - 2013-06-25,0,13,2,51.8518518519,77.7777777778
666,2013-06-18 - 2013-06-25,667,2013-06-21 - 2013-06-28,0,5,2,68.75,71.4285714286
667,2013-06-21 - 2013-06-28,668,2013-06-24 - 2013-07-01,0,17,3,34.6153846154,62.5
668,2013-06-24 - 2013-07-01,669,2013-06-27 - 2013-07-04,0,10,4,33.3333333333,50.0
669,2013-06-27 - 2013-07-04,670,2013-06-30 - 2013-07-06,0,11,5,26.6666666667,28.5714285714
670,2013-06-30 - 2013-07-06,671,2013-07-03 - 2013-07-06,0,11,4,0.0,0.0
