1,2008-01-01 - 2008-01-08,2,2008-01-04 - 2008-01-11,0,9,3,80.4347826087,83.3333333333
2,2008-01-04 - 2008-01-11,3,2008-01-07 - 2008-01-14,0,26,6,50.9433962264,66.6666666667
3,2008-01-07 - 2008-01-14,4,2008-01-10 - 2008-01-17,0,20,6,56.5217391304,66.6666666667
4,2008-01-10 - 2008-01-17,5,2008-01-13 - 2008-01-20,0,11,3,75.5555555556,82.3529411765
5,2008-01-13 - 2008-01-20,6,2008-01-16 - 2008-01-23,0,21,4,58.0,77.7777777778
6,2008-01-16 - 2008-01-23,7,2008-01-19 - 2008-01-26,0,22,4,61.4035087719,77.7777777778
7,2008-01-19 - 2008-01-26,8,2008-01-22 - 2008-01-29,0,28,5,63.6363636364,75.0
8,2008-01-22 - 2008-01-29,9,2008-01-25 - 2008-02-01,0,32,5,50.7692307692,73.6842105263
9,2008-01-25 - 2008-02-01,10,2008-01-28 - 2008-02-04,0,22,6,58.4905660377,68.4210526316
10,2008-01-28 - 2008-02-04,11,2008-01-31 - 2008-02-07,0,32,10,27.2727272727,37.5
11,2008-01-31 - 2008-02-07,12,2008-02-03 - 2008-02-10,0,14,2,68.1818181818,85.7142857143
12,2008-02-03 - 2008-02-10,13,2008-02-06 - 2008-02-13,0,22,5,46.3414634146,66.6666666667
13,2008-02-06 - 2008-02-13,14,2008-02-09 - 2008-02-16,0,17,7,63.829787234,61.1111111111
14,2008-02-09 - 2008-02-16,15,2008-02-12 - 2008-02-19,0,27,6,37.2093023256,60.0
15,2008-02-12 - 2008-02-19,16,2008-02-15 - 2008-02-22,0,24,8,51.0204081633,52.9411764706
16,2008-02-15 - 2008-02-22,17,2008-02-18 - 2008-02-25,0,23,7,53.0612244898,58.8235294118
17,2008-02-18 - 2008-02-25,18,2008-02-21 - 2008-02-28,0,38,7,36.6666666667,58.8235294118
18,2008-02-21 - 2008-02-28,19,2008-02-24 - 2008-03-02,0,16,5,50.0,64.2857142857
19,2008-02-24 - 2008-03-02,20,2008-02-27 - 2008-03-05,0,8,3,71.4285714286,78.5714285714
20,2008-02-27 - 2008-03-05,21,2008-03-01 - 2008-03-08,0,17,6,63.0434782609,64.7058823529
21,2008-03-01 - 2008-03-08,22,2008-03-04 - 2008-03-11,0,38,8,43.2835820896,60.0
22,2008-03-04 - 2008-03-11,23,2008-03-07 - 2008-03-14,0,34,7,46.0317460317,65.0
23,2008-03-07 - 2008-03-14,24,2008-03-10 - 2008-03-17,0,26,6,54.3859649123,68.4210526316
24,2008-03-10 - 2008-03-17,25,2008-03-13 - 2008-03-20,0,25,6,54.5454545455,68.4210526316
25,2008-03-13 - 2008-03-20,26,2008-03-16 - 2008-03-23,0,31,8,44.6428571429,57.8947368421
26,2008-03-16 - 2008-03-23,27,2008-03-19 - 2008-03-26,0,18,5,50.0,64.2857142857
27,2008-03-19 - 2008-03-26,28,2008-03-22 - 2008-03-29,0,19,6,57.7777777778,62.5
28,2008-03-22 - 2008-03-29,29,2008-03-25 - 2008-04-01,0,25,6,60.3174603175,70.0
29,2008-03-25 - 2008-04-01,30,2008-03-28 - 2008-04-04,0,33,8,31.25,46.6666666667
30,2008-03-28 - 2008-04-04,31,2008-03-31 - 2008-04-07,0,25,9,21.875,35.7142857143
31,2008-03-31 - 2008-04-07,32,2008-04-03 - 2008-04-10,0,17,3,60.4651162791,78.5714285714
32,2008-04-03 - 2008-04-10,33,2008-04-06 - 2008-04-13,0,29,7,39.5833333333,61.1111111111
33,2008-04-06 - 2008-04-13,34,2008-04-09 - 2008-04-16,0,18,6,64.0,64.7058823529
34,2008-04-09 - 2008-04-16,35,2008-04-12 - 2008-04-19,0,36,7,44.6153846154,63.1578947368
35,2008-04-12 - 2008-04-19,36,2008-04-15 - 2008-04-22,0,32,8,34.693877551,52.9411764706
36,2008-04-15 - 2008-04-22,37,2008-04-18 - 2008-04-25,0,19,5,44.1176470588,61.5384615385
37,2008-04-18 - 2008-04-25,38,2008-04-21 - 2008-04-28,0,6,1,68.4210526316,88.8888888889
38,2008-04-21 - 2008-04-28,39,2008-04-24 - 2008-05-01,0,5,1,73.6842105263,88.8888888889
39,2008-04-24 - 2008-05-01,40,2008-04-27 - 2008-05-04,0,18,6,55.0,57.1428571429
40,2008-04-27 - 2008-05-04,41,2008-04-30 - 2008-05-07,0,8,1,80.9523809524,92.3076923077
41,2008-04-30 - 2008-05-07,42,2008-05-03 - 2008-05-10,0,35,10,30.0,37.5
42,2008-05-03 - 2008-05-10,43,2008-05-06 - 2008-05-13,0,9,2,47.0588235294,71.4285714286
43,2008-05-06 - 2008-05-13,44,2008-05-09 - 2008-05-16,0,21,6,48.7804878049,66.6666666667
44,2008-05-09 - 2008-05-16,45,2008-05-12 - 2008-05-19,0,22,3,62.7118644068,84.2105263158
45,2008-05-12 - 2008-05-19,46,2008-05-15 - 2008-05-22,0,30,7,44.4444444444,63.1578947368
46,2008-05-15 - 2008-05-22,47,2008-05-18 - 2008-05-25,0,41,8,46.0526315789,60.0
47,2008-05-18 - 2008-05-25,48,2008-05-21 - 2008-05-28,0,36,7,48.5714285714,63.1578947368
48,2008-05-21 - 2008-05-28,49,2008-05-24 - 2008-05-31,0,15,2,68.75,88.2352941176
49,2008-05-24 - 2008-05-31,50,2008-05-27 - 2008-06-03,0,13,2,67.5,87.5
50,2008-05-27 - 2008-06-03,51,2008-05-30 - 2008-06-06,0,25,7,45.652173913,63.1578947368
51,2008-05-30 - 2008-06-06,52,2008-06-02 - 2008-06-09,0,22,6,54.1666666667,68.4210526316
52,2008-06-02 - 2008-06-09,53,2008-06-05 - 2008-06-12,0,30,10,41.1764705882,50.0
53,2008-06-05 - 2008-06-12,54,2008-06-08 - 2008-06-15,0,25,5,52.8301886792,70.5882352941
54,2008-06-08 - 2008-06-15,55,2008-06-11 - 2008-06-18,0,30,6,43.3962264151,66.6666666667
55,2008-06-11 - 2008-06-18,56,2008-06-14 - 2008-06-21,0,24,10,29.4117647059,41.1764705882
56,2008-06-14 - 2008-06-21,57,2008-06-17 - 2008-06-24,0,20,5,44.4444444444,61.5384615385
57,2008-06-17 - 2008-06-24,58,2008-06-20 - 2008-06-27,0,22,5,69.4444444444,75.0
58,2008-06-20 - 2008-06-27,59,2008-06-23 - 2008-06-30,0,26,4,64.3835616438,78.9473684211
59,2008-06-23 - 2008-06-30,60,2008-06-26 - 2008-07-03,0,35,7,39.6551724138,61.1111111111
60,2008-06-26 - 2008-07-03,61,2008-06-29 - 2008-07-06,0,13,3,69.7674418605,81.25
61,2008-06-29 - 2008-07-06,62,2008-07-02 - 2008-07-09,0,13,3,66.6666666667,81.25
62,2008-07-02 - 2008-07-09,63,2008-07-05 - 2008-07-12,0,15,6,59.4594594595,64.7058823529
63,2008-07-05 - 2008-07-12,64,2008-07-08 - 2008-07-15,0,15,4,65.1162790698,76.4705882353
64,2008-07-08 - 2008-07-15,65,2008-07-11 - 2008-07-18,0,23,7,42.5,53.3333333333
65,2008-07-11 - 2008-07-18,66,2008-07-14 - 2008-07-21,0,27,5,52.6315789474,72.2222222222
66,2008-07-14 - 2008-07-21,67,2008-07-17 - 2008-07-24,0,25,7,51.9230769231,61.1111111111
67,2008-07-17 - 2008-07-24,68,2008-07-20 - 2008-07-27,0,21,7,50.0,56.25
68,2008-07-20 - 2008-07-27,69,2008-07-23 - 2008-07-30,0,27,6,42.5531914894,60.0
69,2008-07-23 - 2008-07-30,70,2008-07-26 - 2008-08-02,0,29,8,45.2830188679,52.9411764706
70,2008-07-26 - 2008-08-02,71,2008-07-29 - 2008-08-05,0,20,6,67.7419354839,64.7058823529
71,2008-07-29 - 2008-08-05,72,2008-08-01 - 2008-08-08,0,47,10,29.8507462687,41.1764705882
72,2008-08-01 - 2008-08-08,73,2008-08-04 - 2008-08-11,0,41,8,38.8059701493,52.9411764706
73,2008-08-04 - 2008-08-11,74,2008-08-07 - 2008-08-14,0,15,3,65.9090909091,81.25
74,2008-08-07 - 2008-08-14,75,2008-08-10 - 2008-08-17,0,33,10,37.7358490566,47.3684210526
75,2008-08-10 - 2008-08-17,76,2008-08-13 - 2008-08-20,0,24,5,51.0204081633,70.5882352941
76,2008-08-13 - 2008-08-20,77,2008-08-16 - 2008-08-23,0,26,7,36.5853658537,56.25
77,2008-08-16 - 2008-08-23,78,2008-08-19 - 2008-08-26,0,10,4,68.75,71.4285714286
78,2008-08-19 - 2008-08-26,79,2008-08-22 - 2008-08-29,0,13,5,53.5714285714,61.5384615385
79,2008-08-22 - 2008-08-29,80,2008-08-25 - 2008-09-01,0,9,3,72.7272727273,80.0
80,2008-08-25 - 2008-09-01,81,2008-08-28 - 2008-09-04,0,25,7,46.8085106383,61.1111111111
81,2008-08-28 - 2008-09-04,82,2008-08-31 - 2008-09-07,0,12,4,70.7317073171,76.4705882353
82,2008-08-31 - 2008-09-07,83,2008-09-03 - 2008-09-10,0,23,4,54.9019607843,77.7777777778
83,2008-09-03 - 2008-09-10,84,2008-09-06 - 2008-09-13,0,30,9,38.7755102041,50.0
84,2008-09-06 - 2008-09-13,85,2008-09-09 - 2008-09-16,0,10,3,66.6666666667,75.0
85,2008-09-09 - 2008-09-16,86,2008-09-12 - 2008-09-19,0,17,3,63.829787234,80.0
86,2008-09-12 - 2008-09-19,87,2008-09-15 - 2008-09-22,0,15,4,65.9090909091,76.4705882353
87,2008-09-15 - 2008-09-22,88,2008-09-18 - 2008-09-25,0,12,1,74.4680851064,94.1176470588
88,2008-09-18 - 2008-09-25,89,2008-09-21 - 2008-09-28,0,18,5,60.0,72.2222222222
89,2008-09-21 - 2008-09-28,90,2008-09-24 - 2008-10-01,0,23,8,52.0833333333,52.9411764706
90,2008-09-24 - 2008-10-01,91,2008-09-27 - 2008-10-04,0,8,1,80.487804878,92.3076923077
91,2008-09-27 - 2008-10-04,92,2008-09-30 - 2008-10-07,0,23,6,56.6037735849,66.6666666667
92,2008-09-30 - 2008-10-07,93,2008-10-03 - 2008-10-10,0,27,6,47.0588235294,64.7058823529
93,2008-10-03 - 2008-10-10,94,2008-10-06 - 2008-10-13,0,22,6,54.1666666667,64.7058823529
94,2008-10-06 - 2008-10-13,95,2008-10-09 - 2008-10-16,0,43,5,42.6666666667,72.2222222222
95,2008-10-09 - 2008-10-16,96,2008-10-12 - 2008-10-19,0,39,9,29.0909090909,52.6315789474
96,2008-10-12 - 2008-10-19,97,2008-10-15 - 2008-10-22,0,29,7,49.1228070175,61.1111111111
97,2008-10-15 - 2008-10-22,98,2008-10-18 - 2008-10-25,0,18,4,67.2727272727,75.0
98,2008-10-18 - 2008-10-25,99,2008-10-21 - 2008-10-28,0,30,5,50.8196721311,72.2222222222
99,2008-10-21 - 2008-10-28,100,2008-10-24 - 2008-10-31,0,21,7,51.1627906977,56.25
100,2008-10-24 - 2008-10-31,101,2008-10-27 - 2008-11-03,0,13,4,71.7391304348,76.4705882353
101,2008-10-27 - 2008-11-03,102,2008-10-30 - 2008-11-06,0,14,3,68.8888888889,82.3529411765
102,2008-10-30 - 2008-11-06,103,2008-11-02 - 2008-11-09,0,20,6,63.6363636364,70.0
103,2008-11-02 - 2008-11-09,104,2008-11-05 - 2008-11-12,0,33,8,45.9016393443,55.5555555556
104,2008-11-05 - 2008-11-12,105,2008-11-08 - 2008-11-15,0,30,8,43.3962264151,55.5555555556
105,2008-11-08 - 2008-11-15,106,2008-11-11 - 2008-11-18,0,11,2,76.5957446809,85.7142857143
106,2008-11-11 - 2008-11-18,107,2008-11-14 - 2008-11-21,0,32,7,47.5409836066,61.1111111111
107,2008-11-14 - 2008-11-21,108,2008-11-17 - 2008-11-24,0,26,4,59.375,78.9473684211
108,2008-11-17 - 2008-11-24,109,2008-11-20 - 2008-11-27,0,25,7,58.3333333333,63.1578947368
109,2008-11-20 - 2008-11-27,110,2008-11-23 - 2008-11-30,0,34,9,24.4444444444,40.0
110,2008-11-23 - 2008-11-30,111,2008-11-26 - 2008-12-03,0,20,5,42.8571428571,66.6666666667
111,2008-11-26 - 2008-12-03,112,2008-11-29 - 2008-12-06,0,31,9,36.7346938776,50.0
112,2008-11-29 - 2008-12-06,113,2008-12-02 - 2008-12-09,0,32,7,52.2388059701,65.0
113,2008-12-02 - 2008-12-09,114,2008-12-05 - 2008-12-12,0,21,4,57.1428571429,73.3333333333
114,2008-12-05 - 2008-12-12,115,2008-12-08 - 2008-12-15,0,21,5,58.0,68.75
115,2008-12-08 - 2008-12-15,116,2008-12-11 - 2008-12-18,0,20,4,64.9122807018,76.4705882353
116,2008-12-11 - 2008-12-18,117,2008-12-14 - 2008-12-21,0,30,4,57.7464788732,77.7777777778
117,2008-12-14 - 2008-12-21,118,2008-12-17 - 2008-12-24,0,34,9,44.262295082,52.6315789474
118,2008-12-17 - 2008-12-24,119,2008-12-20 - 2008-12-27,0,32,6,50.7692307692,62.5
119,2008-12-20 - 2008-12-27,120,2008-12-23 - 2008-12-30,0,49,10,27.9411764706,44.4444444444
120,2008-12-23 - 2008-12-30,121,2008-12-26 - 2009-01-02,0,27,8,28.9473684211,46.6666666667
121,2008-12-26 - 2009-01-02,122,2008-12-29 - 2009-01-05,0,15,4,59.4594594595,73.3333333333
122,2008-12-29 - 2009-01-05,123,2009-01-01 - 2009-01-08,0,28,8,48.1481481481,57.8947368421
123,2009-01-01 - 2009-01-08,124,2009-01-04 - 2009-01-11,0,26,9,36.5853658537,47.0588235294
124,2009-01-04 - 2009-01-11,125,2009-01-07 - 2009-01-14,0,12,5,50.0,58.3333333333
125,2009-01-07 - 2009-01-14,126,2009-01-10 - 2009-01-17,0,19,6,36.6666666667,53.8461538462
126,2009-01-10 - 2009-01-17,127,2009-01-13 - 2009-01-20,0,17,5,60.4651162791,68.75
127,2009-01-13 - 2009-01-20,128,2009-01-16 - 2009-01-23,0,21,5,56.25,73.6842105263
128,2009-01-16 - 2009-01-23,129,2009-01-19 - 2009-01-26,0,10,3,82.7586206897,84.2105263158
129,2009-01-19 - 2009-01-26,130,2009-01-22 - 2009-01-29,0,39,9,36.0655737705,55.0
130,2009-01-22 - 2009-01-29,131,2009-01-25 - 2009-02-01,0,32,9,30.4347826087,50.0
131,2009-01-25 - 2009-02-01,132,2009-01-28 - 2009-02-04,0,15,4,53.125,73.3333333333
132,2009-01-28 - 2009-02-04,133,2009-01-31 - 2009-02-07,0,39,8,45.8333333333,60.0
133,2009-01-31 - 2009-02-07,134,2009-02-03 - 2009-02-10,0,31,6,52.3076923077,64.7058823529
134,2009-02-03 - 2009-02-10,135,2009-02-06 - 2009-02-13,0,20,4,52.380952381,69.2307692308
135,2009-02-06 - 2009-02-13,136,2009-02-09 - 2009-02-16,0,12,1,67.5675675676,92.3076923077
136,2009-02-09 - 2009-02-16,137,2009-02-12 - 2009-02-19,0,22,4,64.5161290323,77.7777777778
137,2009-02-12 - 2009-02-19,138,2009-02-15 - 2009-02-22,0,27,3,59.7014925373,83.3333333333
138,2009-02-15 - 2009-02-22,139,2009-02-18 - 2009-02-25,0,24,5,57.1428571429,70.5882352941
139,2009-02-18 - 2009-02-25,140,2009-02-21 - 2009-02-28,0,20,4,51.2195121951,73.3333333333
140,2009-02-21 - 2009-02-28,141,2009-02-24 - 2009-03-03,0,28,7,47.1698113208,61.1111111111
141,2009-02-24 - 2009-03-03,142,2009-02-27 - 2009-03-06,0,24,6,54.7169811321,68.4210526316
142,2009-02-27 - 2009-03-06,143,2009-03-02 - 2009-03-09,0,29,6,53.2258064516,68.4210526316
143,2009-03-02 - 2009-03-09,144,2009-03-05 - 2009-03-12,0,20,5,52.380952381,68.75
144,2009-03-05 - 2009-03-12,145,2009-03-08 - 2009-03-15,0,32,8,33.3333333333,55.5555555556
145,2009-03-08 - 2009-03-15,146,2009-03-11 - 2009-03-18,0,29,7,49.1228070175,61.1111111111
146,2009-03-11 - 2009-03-18,147,2009-03-14 - 2009-03-21,0,47,8,37.3333333333,57.8947368421
147,2009-03-14 - 2009-03-21,148,2009-03-17 - 2009-03-24,0,15,1,74.5762711864,94.1176470588
148,2009-03-17 - 2009-03-24,149,2009-03-20 - 2009-03-27,0,28,6,52.5423728814,66.6666666667
149,2009-03-20 - 2009-03-27,150,2009-03-23 - 2009-03-30,0,18,4,59.0909090909,73.3333333333
150,2009-03-23 - 2009-03-30,151,2009-03-26 - 2009-04-02,0,24,5,47.8260869565,68.75
151,2009-03-26 - 2009-04-02,152,2009-03-29 - 2009-04-05,0,23,6,54.0,66.6666666667
152,2009-03-29 - 2009-04-05,153,2009-04-01 - 2009-04-08,0,25,5,56.1403508772,70.5882352941
153,2009-04-01 - 2009-04-08,154,2009-04-04 - 2009-04-11,0,18,3,69.4915254237,82.3529411765
154,2009-04-04 - 2009-04-11,155,2009-04-07 - 2009-04-14,0,31,7,50.7936507937,61.1111111111
155,2009-04-07 - 2009-04-14,156,2009-04-10 - 2009-04-17,0,16,3,56.7567567568,76.9230769231
156,2009-04-10 - 2009-04-17,157,2009-04-13 - 2009-04-20,0,19,5,63.4615384615,72.2222222222
157,2009-04-13 - 2009-04-20,158,2009-04-16 - 2009-04-23,0,31,8,40.3846153846,55.5555555556
158,2009-04-16 - 2009-04-23,159,2009-04-19 - 2009-04-26,0,22,6,51.1111111111,64.7058823529
159,2009-04-19 - 2009-04-26,160,2009-04-22 - 2009-04-29,0,19,7,44.1176470588,56.25
160,2009-04-22 - 2009-04-29,161,2009-04-25 - 2009-05-02,0,15,5,55.8823529412,66.6666666667
161,2009-04-25 - 2009-05-02,162,2009-04-28 - 2009-05-05,0,22,6,46.3414634146,62.5
162,2009-04-28 - 2009-05-05,163,2009-05-01 - 2009-05-08,0,22,5,54.1666666667,72.2222222222
163,2009-05-01 - 2009-05-08,164,2009-05-04 - 2009-05-11,0,26,6,63.8888888889,70.0
164,2009-05-04 - 2009-05-11,165,2009-05-07 - 2009-05-14,0,29,5,53.9682539683,72.2222222222
165,2009-05-07 - 2009-05-14,166,2009-05-10 - 2009-05-17,0,46,8,39.4736842105,55.5555555556
166,2009-05-10 - 2009-05-17,167,2009-05-13 - 2009-05-20,0,21,2,73.417721519,90.0
167,2009-05-13 - 2009-05-20,168,2009-05-16 - 2009-05-23,0,47,8,32.8571428571,60.0
168,2009-05-16 - 2009-05-23,169,2009-05-19 - 2009-05-26,0,20,5,64.9122807018,73.6842105263
169,2009-05-19 - 2009-05-26,170,2009-05-22 - 2009-05-29,0,32,6,67.6767676768,70.0
170,2009-05-22 - 2009-05-29,171,2009-05-25 - 2009-06-01,0,43,4,62.6086956522,78.9473684211
171,2009-05-25 - 2009-06-01,172,2009-05-28 - 2009-06-04,0,66,7,39.4495412844,65.0
172,2009-05-28 - 2009-06-04,173,2009-05-31 - 2009-06-07,0,48,8,29.4117647059,52.9411764706
173,2009-05-31 - 2009-06-07,174,2009-06-03 - 2009-06-10,0,22,5,58.4905660377,72.2222222222
174,2009-06-03 - 2009-06-10,175,2009-06-06 - 2009-06-13,0,29,5,59.7222222222,73.6842105263
175,2009-06-06 - 2009-06-13,176,2009-06-09 - 2009-06-16,0,40,5,58.3333333333,72.2222222222
176,2009-06-09 - 2009-06-16,177,2009-06-12 - 2009-06-19,0,72,7,20.8791208791,58.8235294118
177,2009-06-12 - 2009-06-19,178,2009-06-15 - 2009-06-22,0,25,5,59.0163934426,72.2222222222
178,2009-06-15 - 2009-06-22,179,2009-06-18 - 2009-06-25,0,21,4,67.6923076923,76.4705882353
179,2009-06-18 - 2009-06-25,180,2009-06-21 - 2009-06-28,0,22,2,68.115942029,88.2352941176
180,2009-06-21 - 2009-06-28,181,2009-06-24 - 2009-07-01,0,26,4,61.1940298507,77.7777777778
181,2009-06-24 - 2009-07-01,182,2009-06-27 - 2009-07-04,0,31,4,62.6506024096,80.0
182,2009-06-27 - 2009-07-04,183,2009-06-30 - 2009-07-07,0,20,3,72.2222222222,83.3333333333
183,2009-06-30 - 2009-07-07,184,2009-07-03 - 2009-07-10,0,58,9,28.3950617284,52.6315789474
184,2009-07-03 - 2009-07-10,185,2009-07-06 - 2009-07-13,0,42,6,46.835443038,68.4210526316
185,2009-07-06 - 2009-07-13,186,2009-07-09 - 2009-07-16,0,33,6,48.4375,68.4210526316
186,2009-07-09 - 2009-07-16,187,2009-07-12 - 2009-07-19,0,11,3,85.8974358974,84.2105263158
187,2009-07-12 - 2009-07-19,188,2009-07-15 - 2009-07-22,0,62,7,32.6086956522,63.1578947368
188,2009-07-15 - 2009-07-22,189,2009-07-18 - 2009-07-25,0,31,7,43.6363636364,61.1111111111
189,2009-07-18 - 2009-07-25,190,2009-07-21 - 2009-07-28,0,27,4,63.0136986301,75.0
190,2009-07-21 - 2009-07-28,191,2009-07-24 - 2009-07-31,0,48,5,53.8461538462,73.6842105263
191,2009-07-24 - 2009-07-31,192,2009-07-27 - 2009-08-03,0,34,6,64.9484536082,70.0
192,2009-07-27 - 2009-08-03,193,2009-07-30 - 2009-08-06,0,67,9,30.9278350515,55.0
193,2009-07-30 - 2009-08-06,194,2009-08-02 - 2009-08-09,0,28,6,50.0,64.7058823529
194,2009-08-02 - 2009-08-09,195,2009-08-05 - 2009-08-12,0,29,6,47.2727272727,64.7058823529
195,2009-08-05 - 2009-08-12,196,2009-08-08 - 2009-08-15,0,21,7,61.1111111111,63.1578947368
196,2009-08-08 - 2009-08-15,197,2009-08-11 - 2009-08-18,0,14,3,78.4615384615,82.3529411765
197,2009-08-11 - 2009-08-18,198,2009-08-14 - 2009-08-21,0,29,7,59.1549295775,63.1578947368
198,2009-08-14 - 2009-08-21,199,2009-08-17 - 2009-08-24,0,36,6,54.4303797468,68.4210526316
199,2009-08-17 - 2009-08-24,200,2009-08-20 - 2009-08-27,0,26,5,62.8571428571,73.6842105263
200,2009-08-20 - 2009-08-27,201,2009-08-23 - 2009-08-30,0,42,5,58.8235294118,73.6842105263
201,2009-08-23 - 2009-08-30,202,2009-08-26 - 2009-09-02,0,21,3,78.3505154639,85.0
202,2009-08-26 - 2009-09-02,203,2009-08-29 - 2009-09-05,0,56,5,47.1698113208,75.0
203,2009-08-29 - 2009-09-05,204,2009-09-01 - 2009-09-08,0,37,5,51.3157894737,75.0
204,2009-09-01 - 2009-09-08,205,2009-09-04 - 2009-09-11,0,18,5,81.0526315789,75.0
205,2009-09-04 - 2009-09-11,206,2009-09-07 - 2009-09-14,0,39,5,66.0869565217,73.6842105263
206,2009-09-07 - 2009-09-14,207,2009-09-10 - 2009-09-17,0,29,2,74.5614035088,89.4736842105
207,2009-09-10 - 2009-09-17,208,2009-09-13 - 2009-09-20,0,42,2,62.1621621622,89.4736842105
208,2009-09-13 - 2009-09-20,209,2009-09-16 - 2009-09-23,0,30,5,65.1162790698,75.0
209,2009-09-16 - 2009-09-23,210,2009-09-19 - 2009-09-26,0,51,4,53.2110091743,78.9473684211
210,2009-09-19 - 2009-09-26,211,2009-09-22 - 2009-09-29,0,52,6,50.4761904762,70.0
211,2009-09-22 - 2009-09-29,212,2009-09-25 - 2009-10-02,0,32,5,61.9047619048,73.6842105263
212,2009-09-25 - 2009-10-02,213,2009-09-28 - 2009-10-05,0,35,7,54.5454545455,63.1578947368
213,2009-09-28 - 2009-10-05,214,2009-10-01 - 2009-10-08,0,34,4,58.5365853659,77.7777777778
214,2009-10-01 - 2009-10-08,215,2009-10-04 - 2009-10-11,0,33,5,59.756097561,75.0
215,2009-10-04 - 2009-10-11,216,2009-10-07 - 2009-10-14,0,38,3,60.824742268,84.2105263158
216,2009-10-07 - 2009-10-14,217,2009-10-10 - 2009-10-17,0,37,4,61.0526315789,78.9473684211
217,2009-10-10 - 2009-10-17,218,2009-10-13 - 2009-10-20,0,57,7,34.4827586207,63.1578947368
218,2009-10-13 - 2009-10-20,219,2009-10-16 - 2009-10-23,0,15,3,76.1904761905,83.3333333333
219,2009-10-16 - 2009-10-23,220,2009-10-19 - 2009-10-26,0,63,7,37.6237623762,65.0
220,2009-10-19 - 2009-10-26,221,2009-10-22 - 2009-10-29,0,35,6,61.9565217391,70.0
221,2009-10-22 - 2009-10-29,222,2009-10-25 - 2009-11-01,0,31,3,70.4761904762,84.2105263158
222,2009-10-25 - 2009-11-01,223,2009-10-28 - 2009-11-04,0,48,6,47.2527472527,68.4210526316
223,2009-10-28 - 2009-11-04,224,2009-10-31 - 2009-11-07,0,18,2,71.4285714286,87.5
224,2009-10-31 - 2009-11-07,225,2009-11-03 - 2009-11-10,0,38,7,48.6486486486,58.8235294118
225,2009-11-03 - 2009-11-10,226,2009-11-06 - 2009-11-13,0,56,7,45.0980392157,61.1111111111
226,2009-11-06 - 2009-11-13,227,2009-11-09 - 2009-11-16,0,46,5,56.1904761905,73.6842105263
227,2009-11-09 - 2009-11-16,228,2009-11-12 - 2009-11-19,0,40,3,60.7843137255,83.3333333333
228,2009-11-12 - 2009-11-19,229,2009-11-15 - 2009-11-22,0,50,6,51.9230769231,66.6666666667
229,2009-11-15 - 2009-11-22,230,2009-11-18 - 2009-11-25,0,51,3,58.5365853659,83.3333333333
230,2009-11-18 - 2009-11-25,231,2009-11-21 - 2009-11-28,0,39,4,58.9473684211,76.4705882353
231,2009-11-21 - 2009-11-28,232,2009-11-24 - 2009-12-01,0,55,7,39.5604395604,63.1578947368
232,2009-11-24 - 2009-12-01,233,2009-11-27 - 2009-12-04,0,44,6,48.8372093023,70.0
233,2009-11-27 - 2009-12-04,234,2009-11-30 - 2009-12-07,0,52,9,40.2298850575,55.0
234,2009-11-30 - 2009-12-07,235,2009-12-03 - 2009-12-10,0,44,7,54.6391752577,65.0
235,2009-12-03 - 2009-12-10,236,2009-12-06 - 2009-12-13,0,40,4,62.6168224299,80.0
236,2009-12-06 - 2009-12-13,237,2009-12-09 - 2009-12-16,0,40,7,57.4468085106,65.0
237,2009-12-09 - 2009-12-16,238,2009-12-12 - 2009-12-19,0,30,3,66.6666666667,84.2105263158
238,2009-12-12 - 2009-12-19,239,2009-12-15 - 2009-12-22,0,33,5,64.1304347826,75.0
239,2009-12-15 - 2009-12-22,240,2009-12-18 - 2009-12-25,0,34,5,63.829787234,75.0
240,2009-12-18 - 2009-12-25,241,2009-12-21 - 2009-12-28,0,52,6,50.0,70.0
241,2009-12-21 - 2009-12-28,242,2009-12-24 - 2009-12-31,0,52,9,40.2298850575,52.6315789474
242,2009-12-24 - 2009-12-31,243,2009-12-27 - 2010-01-03,0,15,2,83.6956521739,89.4736842105
243,2009-12-27 - 2010-01-03,244,2009-12-30 - 2010-01-06,0,56,6,50.4424778761,68.4210526316
244,2009-12-30 - 2010-01-06,245,2010-01-02 - 2010-01-09,0,23,4,73.5632183908,77.7777777778
245,2010-01-02 - 2010-01-09,246,2010-01-05 - 2010-01-12,0,35,6,61.1111111111,66.6666666667
246,2010-01-05 - 2010-01-12,247,2010-01-08 - 2010-01-15,0,50,4,51.9230769231,77.7777777778
247,2010-01-08 - 2010-01-15,248,2010-01-11 - 2010-01-18,0,47,5,52.5252525253,75.0
248,2010-01-11 - 2010-01-18,249,2010-01-14 - 2010-01-21,0,29,7,58.5714285714,65.0
249,2010-01-14 - 2010-01-21,250,2010-01-17 - 2010-01-24,0,31,3,64.367816092,83.3333333333
250,2010-01-17 - 2010-01-24,251,2010-01-20 - 2010-01-27,0,19,1,74.6666666667,94.1176470588
251,2010-01-20 - 2010-01-27,252,2010-01-23 - 2010-01-30,0,49,6,50.0,70.0
252,2010-01-23 - 2010-01-30,253,2010-01-26 - 2010-02-02,0,43,6,55.2083333333,68.4210526316
253,2010-01-26 - 2010-02-02,254,2010-01-29 - 2010-02-05,0,60,7,34.7826086957,63.1578947368
254,2010-01-29 - 2010-02-05,255,2010-02-01 - 2010-02-08,0,19,3,67.7966101695,83.3333333333
255,2010-02-01 - 2010-02-08,256,2010-02-04 - 2010-02-11,0,39,7,45.0704225352,61.1111111111
256,2010-02-04 - 2010-02-11,257,2010-02-07 - 2010-02-14,0,50,7,40.4761904762,63.1578947368
257,2010-02-07 - 2010-02-14,258,2010-02-10 - 2010-02-17,0,25,3,59.0163934426,81.25
258,2010-02-10 - 2010-02-17,259,2010-02-13 - 2010-02-20,0,33,6,62.0689655172,68.4210526316
259,2010-02-13 - 2010-02-20,260,2010-02-16 - 2010-02-23,0,49,6,56.6371681416,68.4210526316
260,2010-02-16 - 2010-02-23,261,2010-02-19 - 2010-02-26,0,58,5,40.8163265306,70.5882352941
261,2010-02-19 - 2010-02-26,262,2010-02-22 - 2010-03-01,0,36,6,49.2957746479,68.4210526316
262,2010-02-22 - 2010-03-01,263,2010-02-25 - 2010-03-04,0,45,8,40.0,57.8947368421
263,2010-02-25 - 2010-03-04,264,2010-02-28 - 2010-03-07,0,60,5,44.9541284404,75.0
264,2010-02-28 - 2010-03-07,265,2010-03-03 - 2010-03-10,0,45,4,51.6129032258,78.9473684211
265,2010-03-03 - 2010-03-10,266,2010-03-06 - 2010-03-13,0,27,4,69.6629213483,78.9473684211
266,2010-03-06 - 2010-03-13,267,2010-03-09 - 2010-03-16,0,56,4,48.623853211,80.0
267,2010-03-09 - 2010-03-16,268,2010-03-12 - 2010-03-19,0,31,2,66.6666666667,89.4736842105
268,2010-03-12 - 2010-03-19,269,2010-03-15 - 2010-03-22,0,47,6,41.25,68.4210526316
269,2010-03-15 - 2010-03-22,270,2010-03-18 - 2010-03-25,0,37,7,52.5641025641,63.1578947368
270,2010-03-18 - 2010-03-25,271,2010-03-21 - 2010-03-28,0,53,6,39.7727272727,68.4210526316
271,2010-03-21 - 2010-03-28,272,2010-03-24 - 2010-03-31,0,56,7,39.1304347826,65.0
272,2010-03-24 - 2010-03-31,273,2010-03-27 - 2010-04-03,0,34,6,48.4848484848,68.4210526316
273,2010-03-27 - 2010-04-03,274,2010-03-30 - 2010-04-06,0,32,4,64.4444444444,80.0
274,2010-03-30 - 2010-04-06,275,2010-04-02 - 2010-04-09,0,59,7,38.5416666667,63.1578947368
275,2010-04-02 - 2010-04-09,276,2010-04-05 - 2010-04-12,0,52,8,45.8333333333,60.0
276,2010-04-05 - 2010-04-12,277,2010-04-08 - 2010-04-15,0,38,6,54.2168674699,70.0
277,2010-04-08 - 2010-04-15,278,2010-04-11 - 2010-04-18,0,41,6,48.75,68.4210526316
278,2010-04-11 - 2010-04-18,279,2010-04-14 - 2010-04-21,0,39,5,52.4390243902,75.0
279,2010-04-14 - 2010-04-21,280,2010-04-17 - 2010-04-24,0,46,6,42.5,70.0
280,2010-04-17 - 2010-04-24,281,2010-04-20 - 2010-04-27,0,25,4,72.8260869565,80.0
281,2010-04-20 - 2010-04-27,282,2010-04-23 - 2010-04-30,0,43,4,62.6086956522,78.9473684211
282,2010-04-23 - 2010-04-30,283,2010-04-26 - 2010-05-03,0,62,6,52.6717557252,70.0
283,2010-04-26 - 2010-05-03,284,2010-04-29 - 2010-05-06,0,58,6,50.8474576271,70.0
284,2010-04-29 - 2010-05-06,285,2010-05-02 - 2010-05-09,0,58,4,56.7164179104,80.0
285,2010-05-02 - 2010-05-09,286,2010-05-05 - 2010-05-12,0,61,6,48.3050847458,70.0
286,2010-05-05 - 2010-05-12,287,2010-05-08 - 2010-05-15,0,49,8,50.0,60.0
287,2010-05-08 - 2010-05-15,288,2010-05-11 - 2010-05-18,0,55,5,54.9180327869,73.6842105263
288,2010-05-11 - 2010-05-18,289,2010-05-14 - 2010-05-21,0,60,6,49.5798319328,70.0
289,2010-05-14 - 2010-05-21,290,2010-05-17 - 2010-05-24,0,60,7,44.4444444444,65.0
290,2010-05-17 - 2010-05-24,291,2010-05-20 - 2010-05-27,0,35,3,59.3023255814,85.0
291,2010-05-20 - 2010-05-27,292,2010-05-23 - 2010-05-30,0,23,4,70.1298701299,78.9473684211
292,2010-05-23 - 2010-05-30,293,2010-05-26 - 2010-06-02,0,40,5,51.2195121951,73.6842105263
293,2010-05-26 - 2010-06-02,294,2010-05-29 - 2010-06-05,0,40,5,44.4444444444,73.6842105263
294,2010-05-29 - 2010-06-05,295,2010-06-01 - 2010-06-08,0,27,5,64.0,75.0
295,2010-06-01 - 2010-06-08,296,2010-06-04 - 2010-06-11,0,61,6,39.603960396,70.0
296,2010-06-04 - 2010-06-11,297,2010-06-07 - 2010-06-14,0,23,4,68.0555555556,78.9473684211
297,2010-06-07 - 2010-06-14,298,2010-06-10 - 2010-06-17,0,34,4,53.4246575342,77.7777777778
298,2010-06-10 - 2010-06-17,299,2010-06-13 - 2010-06-20,0,21,5,68.6567164179,75.0
299,2010-06-13 - 2010-06-20,300,2010-06-16 - 2010-06-23,0,44,6,46.9879518072,68.4210526316
300,2010-06-16 - 2010-06-23,301,2010-06-19 - 2010-06-26,0,45,6,52.1276595745,68.4210526316
301,2010-06-19 - 2010-06-26,302,2010-06-22 - 2010-06-29,0,25,3,69.1358024691,84.2105263158
302,2010-06-22 - 2010-06-29,303,2010-06-25 - 2010-07-02,0,55,7,50.8928571429,65.0
303,2010-06-25 - 2010-07-02,304,2010-06-28 - 2010-07-05,0,35,3,70.0854700855,85.0
304,2010-06-28 - 2010-07-05,305,2010-07-01 - 2010-07-08,0,79,7,30.0884955752,65.0
305,2010-07-01 - 2010-07-08,306,2010-07-04 - 2010-07-11,0,31,8,60.7594936709,60.0
306,2010-07-04 - 2010-07-11,307,2010-07-07 - 2010-07-14,0,47,6,40.5063291139,66.6666666667
307,2010-07-07 - 2010-07-14,308,2010-07-10 - 2010-07-17,0,36,4,61.2903225806,78.9473684211
308,2010-07-10 - 2010-07-17,309,2010-07-13 - 2010-07-20,0,58,5,43.6893203883,73.6842105263
309,2010-07-13 - 2010-07-20,310,2010-07-16 - 2010-07-23,0,53,6,41.1111111111,68.4210526316
310,2010-07-16 - 2010-07-23,311,2010-07-19 - 2010-07-26,0,21,3,73.417721519,83.3333333333
311,2010-07-19 - 2010-07-26,312,2010-07-22 - 2010-07-29,0,58,5,37.6344086022,75.0
312,2010-07-22 - 2010-07-29,313,2010-07-25 - 2010-08-01,0,32,4,54.9295774648,78.9473684211
313,2010-07-25 - 2010-08-01,314,2010-07-28 - 2010-08-04,0,43,7,44.1558441558,65.0
314,2010-07-28 - 2010-08-04,315,2010-07-31 - 2010-08-07,0,49,9,43.6781609195,55.0
315,2010-07-31 - 2010-08-07,316,2010-08-03 - 2010-08-10,0,21,3,71.6216216216,82.3529411765
316,2010-08-03 - 2010-08-10,317,2010-08-06 - 2010-08-13,0,47,6,52.5252525253,70.0
317,2010-08-06 - 2010-08-13,318,2010-08-09 - 2010-08-16,0,44,7,55.5555555556,65.0
318,2010-08-09 - 2010-08-16,319,2010-08-12 - 2010-08-19,0,36,4,64.3564356436,80.0
319,2010-08-12 - 2010-08-19,320,2010-08-15 - 2010-08-22,0,33,4,62.0689655172,78.9473684211
320,2010-08-15 - 2010-08-22,321,2010-08-18 - 2010-08-25,0,33,3,58.2278481013,83.3333333333
321,2010-08-18 - 2010-08-25,322,2010-08-21 - 2010-08-28,0,49,6,43.023255814,68.4210526316
322,2010-08-21 - 2010-08-28,323,2010-08-24 - 2010-08-31,0,28,5,53.3333333333,70.5882352941
323,2010-08-24 - 2010-08-31,324,2010-08-27 - 2010-09-03,0,35,5,46.1538461538,68.75
324,2010-08-27 - 2010-09-03,325,2010-08-30 - 2010-09-06,0,27,3,50.9090909091,81.25
325,2010-08-30 - 2010-09-06,326,2010-09-02 - 2010-09-09,0,28,6,64.1025641026,68.4210526316
326,2010-09-02 - 2010-09-09,327,2010-09-05 - 2010-09-12,0,59,6,40.404040404,68.4210526316
327,2010-09-05 - 2010-09-12,328,2010-09-08 - 2010-09-15,0,54,7,38.6363636364,65.0
328,2010-09-08 - 2010-09-15,329,2010-09-11 - 2010-09-18,0,32,6,52.9411764706,70.0
329,2010-09-11 - 2010-09-18,330,2010-09-14 - 2010-09-21,0,63,8,29.2134831461,60.0
330,2010-09-14 - 2010-09-21,331,2010-09-17 - 2010-09-24,0,47,7,31.884057971,65.0
331,2010-09-17 - 2010-09-24,332,2010-09-20 - 2010-09-27,0,22,6,62.7118644068,70.0
332,2010-09-20 - 2010-09-27,333,2010-09-23 - 2010-09-30,0,37,5,54.8780487805,73.6842105263
333,2010-09-23 - 2010-09-30,334,2010-09-26 - 2010-10-03,0,27,3,61.4285714286,83.3333333333
334,2010-09-26 - 2010-10-03,335,2010-09-29 - 2010-10-06,0,22,4,70.2702702703,80.0
335,2010-09-29 - 2010-10-06,336,2010-10-02 - 2010-10-09,0,41,7,39.7058823529,63.1578947368
336,2010-10-02 - 2010-10-09,337,2010-10-05 - 2010-10-12,0,50,11,24.2424242424,45.0
337,2010-10-05 - 2010-10-12,338,2010-10-08 - 2010-10-15,0,24,6,60.6557377049,68.4210526316
338,2010-10-08 - 2010-10-15,339,2010-10-11 - 2010-10-18,0,48,7,34.2465753425,63.1578947368
339,2010-10-11 - 2010-10-18,340,2010-10-14 - 2010-10-21,0,50,7,31.5068493151,63.1578947368
340,2010-10-14 - 2010-10-21,341,2010-10-17 - 2010-10-24,0,23,5,55.7692307692,72.2222222222
341,2010-10-17 - 2010-10-24,342,2010-10-20 - 2010-10-27,0,38,5,43.2835820896,73.6842105263
342,2010-10-20 - 2010-10-27,343,2010-10-23 - 2010-10-30,0,52,6,37.3493975904,70.0
343,2010-10-23 - 2010-10-30,344,2010-10-26 - 2010-11-02,0,26,4,64.8648648649,80.0
344,2010-10-26 - 2010-11-02,345,2010-10-29 - 2010-11-05,0,49,8,43.6781609195,60.0
345,2010-10-29 - 2010-11-05,346,2010-11-01 - 2010-11-08,0,54,9,33.3333333333,55.0
346,2010-11-01 - 2010-11-08,347,2010-11-04 - 2010-11-11,0,66,6,37.1428571429,68.4210526316
347,2010-11-04 - 2010-11-11,348,2010-11-07 - 2010-11-14,0,27,5,58.4615384615,73.6842105263
348,2010-11-07 - 2010-11-14,349,2010-11-10 - 2010-11-17,0,24,4,58.6206896552,77.7777777778
349,2010-11-10 - 2010-11-17,350,2010-11-13 - 2010-11-20,0,39,9,32.7586206897,52.6315789474
350,2010-11-13 - 2010-11-20,351,2010-11-16 - 2010-11-23,0,31,8,49.1803278689,57.8947368421
351,2010-11-16 - 2010-11-23,352,2010-11-19 - 2010-11-26,0,46,8,35.2112676056,57.8947368421
352,2010-11-19 - 2010-11-26,353,2010-11-22 - 2010-11-29,0,54,6,41.935483871,70.0
353,2010-11-22 - 2010-11-29,354,2010-11-25 - 2010-12-02,0,30,7,53.8461538462,65.0
354,2010-11-25 - 2010-12-02,355,2010-11-28 - 2010-12-05,0,35,5,53.9473684211,73.6842105263
355,2010-11-28 - 2010-12-05,356,2010-12-01 - 2010-12-08,0,34,6,50.7246376812,68.4210526316
356,2010-12-01 - 2010-12-08,357,2010-12-04 - 2010-12-11,0,46,7,41.7721518987,65.0
357,2010-12-04 - 2010-12-11,358,2010-12-07 - 2010-12-14,0,39,7,51.25,65.0
358,2010-12-07 - 2010-12-14,359,2010-12-10 - 2010-12-17,0,59,9,35.1648351648,55.0
359,2010-12-10 - 2010-12-17,360,2010-12-13 - 2010-12-20,0,27,3,60.8695652174,83.3333333333
360,2010-12-13 - 2010-12-20,361,2010-12-16 - 2010-12-23,0,31,5,57.5342465753,73.6842105263
361,2010-12-16 - 2010-12-23,362,2010-12-19 - 2010-12-26,0,43,6,46.25,66.6666666667
362,2010-12-19 - 2010-12-26,363,2010-12-22 - 2010-12-29,0,30,5,51.6129032258,70.5882352941
363,2010-12-22 - 2010-12-29,364,2010-12-25 - 2011-01-01,0,33,6,49.2307692308,66.6666666667
364,2010-12-25 - 2011-01-01,365,2010-12-28 - 2011-01-04,0,42,6,45.4545454545,66.6666666667
365,2010-12-28 - 2011-01-04,366,2010-12-31 - 2011-01-07,0,53,8,32.0512820513,55.5555555556
366,2010-12-31 - 2011-01-07,367,2011-01-03 - 2011-01-10,0,52,8,27.7777777778,55.5555555556
367,2011-01-03 - 2011-01-10,368,2011-01-06 - 2011-01-13,0,19,4,57.7777777778,73.3333333333
368,2011-01-06 - 2011-01-13,369,2011-01-09 - 2011-01-16,0,26,4,50.9433962264,73.3333333333
369,2011-01-09 - 2011-01-16,370,2011-01-12 - 2011-01-19,0,24,5,63.6363636364,72.2222222222
370,2011-01-12 - 2011-01-19,371,2011-01-15 - 2011-01-22,0,46,6,54.4554455446,70.0
371,2011-01-15 - 2011-01-22,372,2011-01-18 - 2011-01-25,0,58,7,34.8314606742,61.1111111111
372,2011-01-18 - 2011-01-25,373,2011-01-21 - 2011-01-28,0,28,4,60.0,77.7777777778
373,2011-01-21 - 2011-01-28,374,2011-01-24 - 2011-01-31,0,38,6,47.9452054795,68.4210526316
374,2011-01-24 - 2011-01-31,375,2011-01-27 - 2011-02-03,0,45,6,47.0588235294,66.6666666667
375,2011-01-27 - 2011-02-03,376,2011-01-30 - 2011-02-06,0,50,7,39.0243902439,63.1578947368
376,2011-01-30 - 2011-02-06,377,2011-02-02 - 2011-02-09,0,37,5,46.3768115942,70.5882352941
377,2011-02-02 - 2011-02-09,378,2011-02-05 - 2011-02-12,0,38,4,52.5,77.7777777778
378,2011-02-05 - 2011-02-12,379,2011-02-08 - 2011-02-15,0,41,5,39.7058823529,70.5882352941
379,2011-02-08 - 2011-02-15,380,2011-02-11 - 2011-02-18,0,33,6,44.0677966102,62.5
380,2011-02-11 - 2011-02-18,381,2011-02-14 - 2011-02-21,0,24,4,55.5555555556,73.3333333333
381,2011-02-14 - 2011-02-21,382,2011-02-17 - 2011-02-24,0,38,5,59.1397849462,73.6842105263
382,2011-02-17 - 2011-02-24,383,2011-02-20 - 2011-02-27,0,55,8,34.5238095238,60.0
383,2011-02-20 - 2011-02-27,384,2011-02-23 - 2011-03-02,0,33,6,36.5384615385,62.5
384,2011-02-23 - 2011-03-02,385,2011-02-26 - 2011-03-05,0,25,7,34.2105263158,56.25
385,2011-02-26 - 2011-03-05,386,2011-03-01 - 2011-03-08,0,39,8,39.0625,50.0
386,2011-03-01 - 2011-03-08,387,2011-03-04 - 2011-03-11,0,20,3,67.7419354839,82.3529411765
387,2011-03-04 - 2011-03-11,388,2011-03-07 - 2011-03-14,0,53,6,35.3658536585,64.7058823529
388,2011-03-07 - 2011-03-14,389,2011-03-10 - 2011-03-17,0,34,5,40.350877193,70.5882352941
389,2011-03-10 - 2011-03-17,390,2011-03-13 - 2011-03-20,0,33,4,38.8888888889,75.0
390,2011-03-13 - 2011-03-20,391,2011-03-16 - 2011-03-23,0,18,4,65.3846153846,78.9473684211
391,2011-03-16 - 2011-03-23,392,2011-03-19 - 2011-03-26,0,25,5,59.6774193548,73.6842105263
392,2011-03-19 - 2011-03-26,393,2011-03-22 - 2011-03-29,0,54,7,32.5,63.1578947368
393,2011-03-22 - 2011-03-29,394,2011-03-25 - 2011-04-01,0,26,6,50.0,66.6666666667
394,2011-03-25 - 2011-04-01,395,2011-03-28 - 2011-04-04,0,28,5,57.5757575758,72.2222222222
395,2011-03-28 - 2011-04-04,396,2011-03-31 - 2011-04-07,0,30,4,59.4594594595,77.7777777778
396,2011-03-31 - 2011-04-07,397,2011-04-03 - 2011-04-10,0,55,5,42.1052631579,73.6842105263
397,2011-04-03 - 2011-04-10,398,2011-04-06 - 2011-04-13,0,50,6,35.0649350649,68.4210526316
398,2011-04-06 - 2011-04-13,399,2011-04-09 - 2011-04-16,0,30,4,54.5454545455,80.0
399,2011-04-09 - 2011-04-16,400,2011-04-12 - 2011-04-19,0,27,6,49.0566037736,70.0
400,2011-04-12 - 2011-04-19,401,2011-04-15 - 2011-04-22,0,35,7,42.6229508197,65.0
401,2011-04-15 - 2011-04-22,402,2011-04-18 - 2011-04-25,0,45,6,40.0,70.0
402,2011-04-18 - 2011-04-25,403,2011-04-21 - 2011-04-28,0,33,8,28.2608695652,55.5555555556
403,2011-04-21 - 2011-04-28,404,2011-04-24 - 2011-05-01,0,56,8,37.7777777778,60.0
404,2011-04-24 - 2011-05-01,405,2011-04-27 - 2011-05-04,0,34,6,44.262295082,64.7058823529
405,2011-04-27 - 2011-05-04,406,2011-04-30 - 2011-05-07,0,39,5,43.4782608696,72.2222222222
406,2011-04-30 - 2011-05-07,407,2011-05-03 - 2011-05-10,0,35,9,33.9622641509,50.0
407,2011-05-03 - 2011-05-10,408,2011-05-06 - 2011-05-13,0,7,2,72.0,80.0
408,2011-05-06 - 2011-05-13,409,2011-05-09 - 2011-05-16,0,24,7,51.0204081633,58.8235294118
409,2011-05-09 - 2011-05-16,410,2011-05-12 - 2011-05-19,0,27,5,52.6315789474,72.2222222222
410,2011-05-12 - 2011-05-19,411,2011-05-15 - 2011-05-22,0,19,5,68.3333333333,72.2222222222
411,2011-05-15 - 2011-05-22,412,2011-05-18 - 2011-05-25,0,34,6,44.262295082,66.6666666667
412,2011-05-18 - 2011-05-25,413,2011-05-21 - 2011-05-28,0,38,7,41.5384615385,63.1578947368
413,2011-05-21 - 2011-05-28,414,2011-05-24 - 2011-05-31,0,18,3,75.3424657534,85.0
414,2011-05-24 - 2011-05-31,415,2011-05-27 - 2011-06-03,0,58,11,25.641025641,45.0
415,2011-05-27 - 2011-06-03,416,2011-05-30 - 2011-06-06,0,20,5,56.5217391304,68.75
416,2011-05-30 - 2011-06-06,417,2011-06-02 - 2011-06-09,0,9,1,86.1538461538,93.75
417,2011-06-02 - 2011-06-09,418,2011-06-05 - 2011-06-12,0,39,5,54.1176470588,73.6842105263
418,2011-06-05 - 2011-06-12,419,2011-06-08 - 2011-06-15,0,40,7,45.9459459459,61.1111111111
419,2011-06-08 - 2011-06-15,420,2011-06-11 - 2011-06-18,0,38,6,53.6585365854,70.0
420,2011-06-11 - 2011-06-18,421,2011-06-14 - 2011-06-21,0,38,7,46.4788732394,65.0
421,2011-06-14 - 2011-06-21,422,2011-06-17 - 2011-06-24,0,34,6,48.4848484848,66.6666666667
422,2011-06-17 - 2011-06-24,423,2011-06-20 - 2011-06-27,0,22,5,56.862745098,70.5882352941
423,2011-06-20 - 2011-06-27,424,2011-06-23 - 2011-06-30,0,49,9,44.3181818182,52.6315789474
424,2011-06-23 - 2011-06-30,425,2011-06-26 - 2011-07-03,0,60,7,31.8181818182,61.1111111111
425,2011-06-26 - 2011-07-03,426,2011-06-29 - 2011-07-06,0,35,7,37.5,61.1111111111
426,2011-06-29 - 2011-07-06,427,2011-07-02 - 2011-07-09,0,42,9,27.5862068966,50.0
427,2011-07-02 - 2011-07-09,428,2011-07-05 - 2011-07-12,0,30,5,48.275862069,70.5882352941
428,2011-07-05 - 2011-07-12,429,2011-07-08 - 2011-07-15,0,30,4,51.6129032258,78.9473684211
429,2011-07-08 - 2011-07-15,430,2011-07-11 - 2011-07-18,0,32,4,53.6231884058,78.9473684211
430,2011-07-11 - 2011-07-18,431,2011-07-14 - 2011-07-21,0,21,4,58.8235294118,76.4705882353
431,2011-07-14 - 2011-07-21,432,2011-07-17 - 2011-07-24,0,20,4,67.2131147541,77.7777777778
432,2011-07-17 - 2011-07-24,433,2011-07-20 - 2011-07-27,0,58,7,30.1204819277,63.1578947368
433,2011-07-20 - 2011-07-27,434,2011-07-23 - 2011-07-30,0,39,9,30.3571428571,52.6315789474
434,2011-07-23 - 2011-07-30,435,2011-07-26 - 2011-08-02,0,39,10,30.3571428571,44.4444444444
435,2011-07-26 - 2011-08-02,436,2011-07-29 - 2011-08-05,0,5,1,91.3793103448,93.3333333333
436,2011-07-29 - 2011-08-05,437,2011-08-01 - 2011-08-08,0,49,9,42.3529411765,52.6315789474
437,2011-08-01 - 2011-08-08,438,2011-08-04 - 2011-08-11,0,51,8,23.8805970149,52.9411764706
438,2011-08-04 - 2011-08-11,439,2011-08-07 - 2011-08-14,0,14,2,72.5490196078,87.5
439,2011-08-07 - 2011-08-14,440,2011-08-10 - 2011-08-17,0,40,5,44.4444444444,72.2222222222
440,2011-08-10 - 2011-08-17,441,2011-08-13 - 2011-08-20,0,24,3,57.1428571429,82.3529411765
441,2011-08-13 - 2011-08-20,442,2011-08-16 - 2011-08-23,0,26,6,46.9387755102,64.7058823529
442,2011-08-16 - 2011-08-23,443,2011-08-19 - 2011-08-26,0,42,6,47.5,68.4210526316
443,2011-08-19 - 2011-08-26,444,2011-08-22 - 2011-08-29,0,24,5,57.1428571429,72.2222222222
444,2011-08-22 - 2011-08-29,445,2011-08-25 - 2011-09-01,0,23,4,58.9285714286,76.4705882353
445,2011-08-25 - 2011-09-01,446,2011-08-28 - 2011-09-04,0,36,5,43.75,72.2222222222
446,2011-08-28 - 2011-09-04,447,2011-08-31 - 2011-09-07,0,52,14,14.7540983607,26.3157894737
447,2011-08-31 - 2011-09-07,448,2011-09-03 - 2011-09-10,0,21,5,43.2432432432,64.2857142857
448,2011-09-03 - 2011-09-10,449,2011-09-06 - 2011-09-13,0,29,6,50.8474576271,68.4210526316
449,2011-09-06 - 2011-09-13,450,2011-09-09 - 2011-09-16,0,34,5,50.0,72.2222222222
450,2011-09-09 - 2011-09-16,451,2011-09-12 - 2011-09-19,0,50,9,24.2424242424,55.0
451,2011-09-12 - 2011-09-19,452,2011-09-15 - 2011-09-22,0,32,6,28.8888888889,62.5
452,2011-09-15 - 2011-09-22,453,2011-09-18 - 2011-09-25,0,53,10,26.3888888889,47.3684210526
453,2011-09-18 - 2011-09-25,454,2011-09-21 - 2011-09-28,0,42,7,33.3333333333,53.3333333333
454,2011-09-21 - 2011-09-28,455,2011-09-24 - 2011-10-01,0,32,5,56.7567567568,70.5882352941
455,2011-09-24 - 2011-10-01,456,2011-09-27 - 2011-10-04,0,39,5,44.2857142857,72.2222222222
456,2011-09-27 - 2011-10-04,457,2011-09-30 - 2011-10-07,0,28,5,45.0980392157,72.2222222222
457,2011-09-30 - 2011-10-07,458,2011-10-03 - 2011-10-10,0,20,4,66.1016949153,77.7777777778
458,2011-10-03 - 2011-10-10,459,2011-10-06 - 2011-10-13,0,59,9,29.7619047619,52.6315789474
459,2011-10-06 - 2011-10-13,460,2011-10-09 - 2011-10-16,0,33,6,49.2307692308,66.6666666667
460,2011-10-09 - 2011-10-16,461,2011-10-12 - 2011-10-19,0,57,7,28.75,61.1111111111
461,2011-10-12 - 2011-10-19,462,2011-10-15 - 2011-10-22,0,22,4,60.0,78.9473684211
462,2011-10-15 - 2011-10-22,463,2011-10-18 - 2011-10-25,0,21,6,63.1578947368,70.0
463,2011-10-18 - 2011-10-25,464,2011-10-21 - 2011-10-28,0,38,7,30.9090909091,63.1578947368
464,2011-10-21 - 2011-10-28,465,2011-10-24 - 2011-10-31,0,13,4,75.4716981132,76.4705882353
465,2011-10-24 - 2011-10-31,466,2011-10-27 - 2011-11-03,0,33,6,43.1034482759,64.7058823529
466,2011-10-27 - 2011-11-03,467,2011-10-30 - 2011-11-06,0,20,5,59.1836734694,70.5882352941
467,2011-10-30 - 2011-11-06,468,2011-11-02 - 2011-11-09,0,13,3,69.0476190476,82.3529411765
468,2011-11-02 - 2011-11-09,469,2011-11-05 - 2011-11-12,0,16,4,73.3333333333,76.4705882353
469,2011-11-05 - 2011-11-12,470,2011-11-08 - 2011-11-15,0,37,7,37.2881355932,56.25
470,2011-11-08 - 2011-11-15,471,2011-11-11 - 2011-11-18,0,34,10,17.0731707317,28.5714285714
471,2011-11-11 - 2011-11-18,472,2011-11-14 - 2011-11-21,0,5,1,64.2857142857,83.3333333333
472,2011-11-14 - 2011-11-21,473,2011-11-17 - 2011-11-24,0,34,7,45.1612903226,63.1578947368
473,2011-11-17 - 2011-11-24,474,2011-11-20 - 2011-11-27,0,32,6,42.8571428571,64.7058823529
474,2011-11-20 - 2011-11-27,475,2011-11-23 - 2011-11-30,0,28,5,50.8771929825,68.75
475,2011-11-23 - 2011-11-30,476,2011-11-26 - 2011-12-03,0,35,5,51.3888888889,72.2222222222
476,2011-11-26 - 2011-12-03,477,2011-11-29 - 2011-12-06,0,27,6,55.0,66.6666666667
477,2011-11-29 - 2011-12-06,478,2011-12-02 - 2011-12-09,0,31,5,62.6506024096,75.0
478,2011-12-02 - 2011-12-09,479,2011-12-05 - 2011-12-12,0,44,4,57.6923076923,80.0
479,2011-12-05 - 2011-12-12,480,2011-12-08 - 2011-12-15,0,39,7,52.4390243902,63.1578947368
480,2011-12-08 - 2011-12-15,481,2011-12-11 - 2011-12-18,0,40,5,64.6017699115,75.0
481,2011-12-11 - 2011-12-18,482,2011-12-14 - 2011-12-21,0,52,6,48.0,68.4210526316
482,2011-12-14 - 2011-12-21,483,2011-12-17 - 2011-12-24,0,50,7,40.4761904762,63.1578947368
483,2011-12-17 - 2011-12-24,484,2011-12-20 - 2011-12-27,0,35,6,52.0547945205,66.6666666667
484,2011-12-20 - 2011-12-27,485,2011-12-23 - 2011-12-30,0,52,8,37.3493975904,57.8947368421
485,2011-12-23 - 2011-12-30,486,2011-12-26 - 2012-01-02,0,25,6,56.8965517241,66.6666666667
486,2011-12-26 - 2012-01-02,487,2011-12-29 - 2012-01-05,0,39,8,31.5789473684,55.5555555556
487,2011-12-29 - 2012-01-05,488,2012-01-01 - 2012-01-08,0,37,7,49.3150684932,63.1578947368
488,2012-01-01 - 2012-01-08,489,2012-01-04 - 2012-01-11,0,44,4,54.6391752577,80.0
489,2012-01-04 - 2012-01-11,490,2012-01-07 - 2012-01-14,0,41,5,55.4347826087,75.0
490,2012-01-07 - 2012-01-14,491,2012-01-10 - 2012-01-17,0,40,5,54.5454545455,75.0
491,2012-01-10 - 2012-01-17,492,2012-01-13 - 2012-01-20,0,33,5,64.8936170213,75.0
492,2012-01-13 - 2012-01-20,493,2012-01-16 - 2012-01-23,0,54,4,52.2123893805,80.0
493,2012-01-16 - 2012-01-23,494,2012-01-19 - 2012-01-26,0,50,5,53.2710280374,75.0
494,2012-01-19 - 2012-01-26,495,2012-01-22 - 2012-01-29,0,57,6,46.7289719626,66.6666666667
495,2012-01-22 - 2012-01-29,496,2012-01-25 - 2012-02-01,0,60,6,44.4444444444,68.4210526316
496,2012-01-25 - 2012-02-01,497,2012-01-28 - 2012-02-04,0,61,9,23.75,50.0
497,2012-01-28 - 2012-02-04,498,2012-01-31 - 2012-02-07,0,23,6,54.0,64.7058823529
498,2012-01-31 - 2012-02-07,499,2012-02-03 - 2012-02-10,0,21,4,59.6153846154,76.4705882353
499,2012-02-03 - 2012-02-10,500,2012-02-06 - 2012-02-13,0,24,4,65.7142857143,77.7777777778
500,2012-02-06 - 2012-02-13,501,2012-02-09 - 2012-02-16,0,26,6,61.7647058824,68.4210526316
501,2012-02-09 - 2012-02-16,502,2012-02-12 - 2012-02-19,0,28,4,69.2307692308,80.0
502,2012-02-12 - 2012-02-19,503,2012-02-15 - 2012-02-22,0,30,3,67.3913043478,85.0
503,2012-02-15 - 2012-02-22,504,2012-02-18 - 2012-02-25,0,29,3,67.7777777778,85.0
504,2012-02-18 - 2012-02-25,505,2012-02-21 - 2012-02-28,0,46,5,48.8888888889,73.6842105263
505,2012-02-21 - 2012-02-28,506,2012-02-24 - 2012-03-02,0,38,5,52.5,73.6842105263
506,2012-02-24 - 2012-03-02,507,2012-02-27 - 2012-03-05,0,35,6,58.3333333333,70.0
507,2012-02-27 - 2012-03-05,508,2012-03-01 - 2012-03-08,0,30,5,58.904109589,70.5882352941
508,2012-03-01 - 2012-03-08,509,2012-03-04 - 2012-03-11,0,43,4,51.1363636364,77.7777777778
509,2012-03-04 - 2012-03-11,510,2012-03-07 - 2012-03-14,0,50,5,45.652173913,72.2222222222
510,2012-03-07 - 2012-03-14,511,2012-03-10 - 2012-03-17,0,28,5,62.6666666667,70.5882352941
511,2012-03-10 - 2012-03-17,512,2012-03-13 - 2012-03-20,0,66,4,41.0714285714,78.9473684211
512,2012-03-13 - 2012-03-20,513,2012-03-16 - 2012-03-23,0,21,4,69.5652173913,77.7777777778
513,2012-03-16 - 2012-03-23,514,2012-03-19 - 2012-03-26,0,49,4,49.4845360825,78.9473684211
514,2012-03-19 - 2012-03-26,515,2012-03-22 - 2012-03-29,0,47,9,37.3333333333,50.0
515,2012-03-22 - 2012-03-29,516,2012-03-25 - 2012-04-01,0,32,5,58.9743589744,72.2222222222
516,2012-03-25 - 2012-04-01,517,2012-03-28 - 2012-04-04,0,58,5,44.7619047619,73.6842105263
517,2012-03-28 - 2012-04-04,518,2012-03-31 - 2012-04-07,0,48,7,34.2465753425,61.1111111111
518,2012-03-31 - 2012-04-07,519,2012-04-03 - 2012-04-10,0,33,10,23.2558139535,33.3333333333
519,2012-04-03 - 2012-04-10,520,2012-04-06 - 2012-04-13,0,27,7,47.0588235294,53.3333333333
520,2012-04-06 - 2012-04-13,521,2012-04-09 - 2012-04-16,0,42,5,42.4657534247,72.2222222222
521,2012-04-09 - 2012-04-16,522,2012-04-12 - 2012-04-19,0,31,7,52.3076923077,58.8235294118
522,2012-04-12 - 2012-04-19,523,2012-04-15 - 2012-04-22,0,34,5,52.1126760563,73.6842105263
523,2012-04-15 - 2012-04-22,524,2012-04-18 - 2012-04-25,0,37,6,57.4712643678,70.0
524,2012-04-18 - 2012-04-25,525,2012-04-21 - 2012-04-28,0,45,6,48.8636363636,70.0
525,2012-04-21 - 2012-04-28,526,2012-04-24 - 2012-05-01,0,43,6,48.8095238095,70.0
526,2012-04-24 - 2012-05-01,527,2012-04-27 - 2012-05-04,0,41,8,41.4285714286,55.5555555556
527,2012-04-27 - 2012-05-04,528,2012-04-30 - 2012-05-07,0,57,8,37.3626373626,57.8947368421
528,2012-04-30 - 2012-05-07,529,2012-05-03 - 2012-05-10,0,24,4,63.6363636364,76.4705882353
529,2012-05-03 - 2012-05-10,530,2012-05-06 - 2012-05-13,0,20,4,66.6666666667,76.4705882353
530,2012-05-06 - 2012-05-13,531,2012-05-09 - 2012-05-16,0,37,5,54.3209876543,72.2222222222
531,2012-05-09 - 2012-05-16,532,2012-05-12 - 2012-05-19,0,31,5,52.3076923077,70.5882352941
532,2012-05-12 - 2012-05-19,533,2012-05-15 - 2012-05-22,0,42,7,36.3636363636,61.1111111111
533,2012-05-15 - 2012-05-22,534,2012-05-18 - 2012-05-25,0,15,4,77.2727272727,78.9473684211
534,2012-05-18 - 2012-05-25,535,2012-05-21 - 2012-05-28,0,43,6,57.8431372549,68.4210526316
535,2012-05-21 - 2012-05-28,536,2012-05-24 - 2012-05-31,0,67,6,30.2083333333,66.6666666667
536,2012-05-24 - 2012-05-31,537,2012-05-27 - 2012-06-03,0,38,7,44.9275362319,63.1578947368
537,2012-05-27 - 2012-06-03,538,2012-05-30 - 2012-06-06,0,45,6,46.4285714286,68.4210526316
538,2012-05-30 - 2012-06-06,539,2012-06-02 - 2012-06-09,0,47,9,38.1578947368,55.0
539,2012-06-02 - 2012-06-09,540,2012-06-05 - 2012-06-12,0,30,4,63.4146341463,78.9473684211
540,2012-06-05 - 2012-06-12,541,2012-06-08 - 2012-06-15,0,44,7,47.619047619,63.1578947368
541,2012-06-08 - 2012-06-15,542,2012-06-11 - 2012-06-18,0,26,4,65.3333333333,77.7777777778
542,2012-06-11 - 2012-06-18,543,2012-06-14 - 2012-06-21,0,20,3,70.1492537313,83.3333333333
543,2012-06-14 - 2012-06-21,544,2012-06-17 - 2012-06-24,0,37,4,47.8873239437,77.7777777778
544,2012-06-17 - 2012-06-24,545,2012-06-20 - 2012-06-27,0,18,6,69.4915254237,68.4210526316
545,2012-06-20 - 2012-06-27,546,2012-06-23 - 2012-06-30,0,23,4,66.1764705882,77.7777777778
546,2012-06-23 - 2012-06-30,547,2012-06-26 - 2012-07-03,0,39,8,40.9090909091,52.9411764706
547,2012-06-26 - 2012-07-03,548,2012-06-29 - 2012-07-06,0,35,8,49.2753623188,57.8947368421
548,2012-06-29 - 2012-07-06,549,2012-07-02 - 2012-07-09,0,23,6,63.4920634921,64.7058823529
549,2012-07-02 - 2012-07-09,550,2012-07-05 - 2012-07-12,0,46,8,43.2098765432,57.8947368421
550,2012-07-05 - 2012-07-12,551,2012-07-08 - 2012-07-15,0,17,2,79.5180722892,89.4736842105
551,2012-07-08 - 2012-07-15,552,2012-07-11 - 2012-07-18,0,58,9,40.8163265306,55.0
552,2012-07-11 - 2012-07-18,553,2012-07-14 - 2012-07-21,0,40,7,59.595959596,65.0
553,2012-07-14 - 2012-07-21,554,2012-07-17 - 2012-07-24,0,38,5,61.2244897959,72.2222222222
554,2012-07-17 - 2012-07-24,555,2012-07-20 - 2012-07-27,0,33,4,68.2692307692,78.9473684211
555,2012-07-20 - 2012-07-27,556,2012-07-23 - 2012-07-30,0,33,4,70.5357142857,78.9473684211
556,2012-07-23 - 2012-07-30,557,2012-07-26 - 2012-08-02,0,68,8,43.8016528926,57.8947368421
557,2012-07-26 - 2012-08-02,558,2012-07-29 - 2012-08-05,0,23,5,71.9512195122,72.2222222222
558,2012-07-29 - 2012-08-05,559,2012-08-01 - 2012-08-08,0,60,5,50.0,73.6842105263
559,2012-08-01 - 2012-08-08,560,2012-08-04 - 2012-08-11,0,36,5,58.1395348837,72.2222222222
560,2012-08-04 - 2012-08-11,561,2012-08-07 - 2012-08-14,0,39,4,62.8571428571,80.0
561,2012-08-07 - 2012-08-14,562,2012-08-10 - 2012-08-17,0,68,5,43.8016528926,75.0
562,2012-08-10 - 2012-08-17,563,2012-08-13 - 2012-08-20,0,48,8,46.6666666667,60.0
563,2012-08-13 - 2012-08-20,564,2012-08-16 - 2012-08-23,0,42,3,61.8181818182,84.2105263158
564,2012-08-16 - 2012-08-23,565,2012-08-19 - 2012-08-26,0,37,7,59.3406593407,63.1578947368
565,2012-08-19 - 2012-08-26,566,2012-08-22 - 2012-08-29,0,49,4,51.0,78.9473684211
566,2012-08-22 - 2012-08-29,567,2012-08-25 - 2012-09-01,0,27,6,61.4285714286,68.4210526316
567,2012-08-25 - 2012-09-01,568,2012-08-28 - 2012-09-04,0,37,5,55.421686747,75.0
568,2012-08-28 - 2012-09-04,569,2012-08-31 - 2012-09-07,0,27,3,72.7272727273,85.0
569,2012-08-31 - 2012-09-07,570,2012-09-03 - 2012-09-10,0,33,5,68.2692307692,75.0
570,2012-09-03 - 2012-09-10,571,2012-09-06 - 2012-09-13,0,36,4,68.4210526316,78.9473684211
571,2012-09-06 - 2012-09-13,572,2012-09-09 - 2012-09-16,0,74,4,38.3333333333,78.9473684211
572,2012-09-09 - 2012-09-16,573,2012-09-12 - 2012-09-19,0,41,5,56.8421052632,75.0
573,2012-09-12 - 2012-09-19,574,2012-09-15 - 2012-09-22,0,37,3,63.7254901961,85.0
574,2012-09-15 - 2012-09-22,575,2012-09-18 - 2012-09-25,0,38,5,64.8148148148,75.0
575,2012-09-18 - 2012-09-25,576,2012-09-21 - 2012-09-28,0,29,3,69.7916666667,84.2105263158
576,2012-09-21 - 2012-09-28,577,2012-09-24 - 2012-10-01,0,41,3,55.9139784946,84.2105263158
577,2012-09-24 - 2012-10-01,578,2012-09-27 - 2012-10-04,0,29,5,60.2739726027,73.6842105263
578,2012-09-27 - 2012-10-04,579,2012-09-30 - 2012-10-07,0,32,7,60.0,63.1578947368
579,2012-09-30 - 2012-10-07,580,2012-10-03 - 2012-10-10,0,57,8,44.6601941748,60.0
580,2012-10-03 - 2012-10-10,581,2012-10-06 - 2012-10-13,0,47,6,47.7777777778,68.4210526316
581,2012-10-06 - 2012-10-13,582,2012-10-09 - 2012-10-16,0,38,6,58.6956521739,70.0
582,2012-10-09 - 2012-10-16,583,2012-10-12 - 2012-10-19,0,30,5,62.0253164557,72.2222222222
583,2012-10-12 - 2012-10-19,584,2012-10-15 - 2012-10-22,0,35,5,56.7901234568,73.6842105263
584,2012-10-15 - 2012-10-22,585,2012-10-18 - 2012-10-25,0,32,5,61.4457831325,73.6842105263
585,2012-10-18 - 2012-10-25,586,2012-10-21 - 2012-10-28,0,31,5,66.3043478261,75.0
586,2012-10-21 - 2012-10-28,587,2012-10-24 - 2012-10-31,0,45,3,58.3333333333,85.0
587,2012-10-24 - 2012-10-31,588,2012-10-27 - 2012-11-03,0,13,2,85.5555555556,90.0
588,2012-10-27 - 2012-11-03,589,2012-10-30 - 2012-11-06,0,27,4,71.5789473684,80.0
589,2012-10-30 - 2012-11-06,590,2012-11-02 - 2012-11-09,0,33,5,66.6666666667,75.0
590,2012-11-02 - 2012-11-09,591,2012-11-05 - 2012-11-12,0,42,5,62.5,75.0
591,2012-11-05 - 2012-11-12,592,2012-11-08 - 2012-11-15,0,43,4,59.4339622642,78.9473684211
592,2012-11-08 - 2012-11-15,593,2012-11-11 - 2012-11-18,0,53,7,43.6170212766,63.1578947368
593,2012-11-11 - 2012-11-18,594,2012-11-14 - 2012-11-21,0,27,4,68.2352941176,78.9473684211
594,2012-11-14 - 2012-11-21,595,2012-11-17 - 2012-11-24,0,32,4,70.3703703704,80.0
595,2012-11-17 - 2012-11-24,596,2012-11-20 - 2012-11-27,0,25,3,78.9915966387,85.0
596,2012-11-20 - 2012-11-27,597,2012-11-23 - 2012-11-30,0,57,6,53.2786885246,70.0
597,2012-11-23 - 2012-11-30,598,2012-11-26 - 2012-12-03,0,37,3,67.8260869565,84.2105263158
598,2012-11-26 - 2012-12-03,599,2012-11-29 - 2012-12-06,0,54,7,50.9090909091,65.0
599,2012-11-29 - 2012-12-06,600,2012-12-02 - 2012-12-09,0,37,4,56.976744186,78.9473684211
600,2012-12-02 - 2012-12-09,601,2012-12-05 - 2012-12-12,0,37,6,53.164556962,68.4210526316
601,2012-12-05 - 2012-12-12,602,2012-12-08 - 2012-12-15,0,31,6,56.338028169,68.4210526316
602,2012-12-08 - 2012-12-15,603,2012-12-11 - 2012-12-18,0,23,3,75.7894736842,85.0
603,2012-12-11 - 2012-12-18,604,2012-12-14 - 2012-12-21,0,51,6,48.4848484848,70.0
604,2012-12-14 - 2012-12-21,605,2012-12-17 - 2012-12-24,0,29,5,63.75,73.6842105263
605,2012-12-17 - 2012-12-24,606,2012-12-20 - 2012-12-27,0,36,6,54.4303797468,68.4210526316
606,2012-12-20 - 2012-12-27,607,2012-12-23 - 2012-12-30,0,51,6,42.6966292135,66.6666666667
607,2012-12-23 - 2012-12-30,608,2012-12-26 - 2013-01-02,0,49,6,48.4210526316,70.0
608,2012-12-26 - 2013-01-02,609,2012-12-29 - 2013-01-05,0,47,6,43.3734939759,68.4210526316
609,2012-12-29 - 2013-01-05,610,2013-01-01 - 2013-01-08,0,50,7,42.5287356322,63.1578947368
610,2013-01-01 - 2013-01-08,611,2013-01-04 - 2013-01-11,0,30,4,65.1162790698,78.9473684211
611,2013-01-04 - 2013-01-11,612,2013-01-07 - 2013-01-14,0,33,4,56.0,77.7777777778
612,2013-01-07 - 2013-01-14,613,2013-01-10 - 2013-01-17,0,43,5,50.0,73.6842105263
613,2013-01-10 - 2013-01-17,614,2013-01-13 - 2013-01-20,0,25,5,62.6865671642,73.6842105263
614,2013-01-13 - 2013-01-20,615,2013-01-16 - 2013-01-23,0,32,5,64.8351648352,75.0
615,2013-01-16 - 2013-01-23,616,2013-01-19 - 2013-01-26,0,15,3,84.375,85.0
616,2013-01-19 - 2013-01-26,617,2013-01-22 - 2013-01-29,0,43,5,56.1224489796,75.0
617,2013-01-22 - 2013-01-29,618,2013-01-25 - 2013-02-01,0,22,4,73.8095238095,78.9473684211
618,2013-01-25 - 2013-02-01,619,2013-01-28 - 2013-02-04,0,53,5,41.1111111111,73.6842105263
619,2013-01-28 - 2013-02-04,620,2013-01-31 - 2013-02-07,0,26,5,60.0,73.6842105263
620,2013-01-31 - 2013-02-07,621,2013-02-03 - 2013-02-10,0,14,3,72.5490196078,82.3529411765
621,2013-02-03 - 2013-02-10,622,2013-02-06 - 2013-02-13,0,11,1,86.5853658537,94.7368421053
622,2013-02-06 - 2013-02-13,623,2013-02-09 - 2013-02-16,0,34,4,63.4408602151,80.0
623,2013-02-09 - 2013-02-16,624,2013-02-12 - 2013-02-19,0,52,6,40.2298850575,70.0
624,2013-02-12 - 2013-02-19,625,2013-02-15 - 2013-02-22,0,24,6,63.6363636364,68.4210526316
625,2013-02-15 - 2013-02-22,626,2013-02-18 - 2013-02-25,0,19,3,72.4637681159,84.2105263158
626,2013-02-18 - 2013-02-25,627,2013-02-21 - 2013-02-28,0,34,6,59.5238095238,70.0
627,2013-02-21 - 2013-02-28,628,2013-02-24 - 2013-03-03,0,51,7,42.6966292135,63.1578947368
628,2013-02-24 - 2013-03-03,629,2013-02-27 - 2013-03-06,0,30,3,55.223880597,82.3529411765
629,2013-02-27 - 2013-03-06,630,2013-03-02 - 2013-03-09,0,27,5,61.9718309859,72.2222222222
630,2013-03-02 - 2013-03-09,631,2013-03-05 - 2013-03-12,0,23,4,70.8860759494,78.9473684211
631,2013-03-05 - 2013-03-12,632,2013-03-08 - 2013-03-15,0,33,4,54.1666666667,77.7777777778
632,2013-03-08 - 2013-03-15,633,2013-03-11 - 2013-03-18,0,43,8,41.8918918919,57.8947368421
633,2013-03-11 - 2013-03-18,634,2013-03-14 - 2013-03-21,0,28,6,42.8571428571,60.0
634,2013-03-14 - 2013-03-21,635,2013-03-17 - 2013-03-24,0,31,8,44.6428571429,57.8947368421
635,2013-03-17 - 2013-03-24,636,2013-03-20 - 2013-03-27,0,26,6,51.8518518519,64.7058823529
636,2013-03-20 - 2013-03-27,637,2013-03-23 - 2013-03-30,0,15,3,76.1904761905,82.3529411765
637,2013-03-23 - 2013-03-30,638,2013-03-26 - 2013-04-02,0,55,9,33.734939759,52.6315789474
638,2013-03-26 - 2013-04-02,639,2013-03-29 - 2013-04-05,0,32,7,49.2063492063,58.8235294118
639,2013-03-29 - 2013-04-05,640,2013-04-01 - 2013-04-08,0,27,5,57.8125,72.2222222222
640,2013-04-01 - 2013-04-08,641,2013-04-04 - 2013-04-11,0,26,4,66.2337662338,80.0
641,2013-04-04 - 2013-04-11,642,2013-04-07 - 2013-04-14,0,22,4,69.4444444444,78.9473684211
642,2013-04-07 - 2013-04-14,643,2013-04-10 - 2013-04-17,0,19,3,73.9726027397,83.3333333333
643,2013-04-10 - 2013-04-17,644,2013-04-13 - 2013-04-20,0,36,5,61.2903225806,73.6842105263
644,2013-04-13 - 2013-04-20,645,2013-04-16 - 2013-04-23,0,43,6,52.7472527473,68.4210526316
645,2013-04-16 - 2013-04-23,646,2013-04-19 - 2013-04-26,0,28,5,67.0588235294,72.2222222222
646,2013-04-19 - 2013-04-26,647,2013-04-22 - 2013-04-29,0,69,8,36.1111111111,57.8947368421
647,2013-04-22 - 2013-04-29,648,2013-04-25 - 2013-05-02,0,45,5,46.4285714286,72.2222222222
648,2013-04-25 - 2013-05-02,649,2013-04-28 - 2013-05-05,0,29,6,53.2258064516,68.4210526316
649,2013-04-28 - 2013-05-05,650,2013-05-01 - 2013-05-08,0,12,4,76.4705882353,77.7777777778
650,2013-05-01 - 2013-05-08,651,2013-05-04 - 2013-05-11,0,36,7,51.3513513514,63.1578947368
651,2013-05-04 - 2013-05-11,652,2013-05-07 - 2013-05-14,0,52,9,27.7777777778,43.75
652,2013-05-07 - 2013-05-14,653,2013-05-10 - 2013-05-17,0,9,2,85.2459016393,86.6666666667
653,2013-05-10 - 2013-05-17,654,2013-05-13 - 2013-05-20,0,30,5,55.223880597,68.75
654,2013-05-13 - 2013-05-20,655,2013-05-16 - 2013-05-23,0,25,5,70.9302325581,70.5882352941
655,2013-05-16 - 2013-05-23,656,2013-05-19 - 2013-05-26,0,49,6,38.75,60.0
656,2013-05-19 - 2013-05-26,657,2013-05-22 - 2013-05-29,0,35,4,56.25,77.7777777778
657,2013-05-22 - 2013-05-29,658,2013-05-25 - 2013-06-01,0,28,5,61.1111111111,73.6842105263
658,2013-05-25 - 2013-06-01,659,2013-05-28 - 2013-06-04,0,30,7,46.4285714286,58.8235294118
659,2013-05-28 - 2013-06-04,660,2013-05-31 - 2013-06-07,0,20,4,72.602739726,77.7777777778
660,2013-05-31 - 2013-06-07,661,2013-06-03 - 2013-06-10,0,50,6,45.0549450549,70.0
661,2013-06-03 - 2013-06-10,662,2013-06-06 - 2013-06-13,0,30,6,58.3333333333,70.0
662,2013-06-06 - 2013-06-13,663,2013-06-09 - 2013-06-16,0,23,5,69.7368421053,75.0
663,2013-06-09 - 2013-06-16,664,2013-06-12 - 2013-06-19,0,30,4,64.2857142857,80.0
664,2013-06-12 - 2013-06-19,665,2013-06-15 - 2013-06-22,0,22,6,70.6666666667,70.0
665,2013-06-15 - 2013-06-22,666,2013-06-18 - 2013-06-25,0,64,7,32.6315789474,65.0
666,2013-06-18 - 2013-06-25,667,2013-06-21 - 2013-06-28,0,36,7,47.0588235294,63.1578947368
667,2013-06-21 - 2013-06-28,668,2013-06-24 - 2013-07-01,0,30,5,47.3684210526,70.5882352941
668,2013-06-24 - 2013-07-01,669,2013-06-27 - 2013-07-04,0,39,10,22.0,41.1764705882
669,2013-06-27 - 2013-07-04,670,2013-06-30 - 2013-07-06,0,21,5,50.0,68.75
670,2013-06-30 - 2013-07-06,671,2013-07-03 - 2013-07-06,0,43,12,25.8620689655,36.8421052632
