1,2008-01-01 - 2008-01-08,2,2008-01-04 - 2008-01-11,1,723,391,80.796812749,56.3616071429
2,2008-01-04 - 2008-01-11,3,2008-01-07 - 2008-01-14,1,943,453,79.4059838393,53.4907597536
3,2008-01-07 - 2008-01-14,4,2008-01-10 - 2008-01-17,1,1008,451,79.203631112,54.6733668342
4,2008-01-10 - 2008-01-17,5,2008-01-13 - 2008-01-20,1,1118,472,75.3907109839,51.9348268839
5,2008-01-13 - 2008-01-20,6,2008-01-16 - 2008-01-23,1,880,441,79.2648444863,53.3333333333
6,2008-01-16 - 2008-01-23,7,2008-01-19 - 2008-01-26,1,969,436,76.9450392577,53.6663124336
7,2008-01-19 - 2008-01-26,8,2008-01-22 - 2008-01-29,1,846,445,79.7510770704,54.5918367347
8,2008-01-22 - 2008-01-29,9,2008-01-25 - 2008-02-01,1,892,484,79.6579247434,53.1007751938
9,2008-01-25 - 2008-02-01,10,2008-01-28 - 2008-02-04,1,945,493,81.0202851978,53.2701421801
10,2008-01-28 - 2008-02-04,11,2008-01-31 - 2008-02-07,1,1088,513,79.8369162342,51.9212746017
11,2008-01-31 - 2008-02-07,12,2008-02-03 - 2008-02-10,1,1004,480,80.3867942958,53.0332681018
12,2008-02-03 - 2008-02-10,13,2008-02-06 - 2008-02-13,1,1013,472,78.8385209944,53.1746031746
13,2008-02-06 - 2008-02-13,14,2008-02-09 - 2008-02-16,1,1087,494,76.9116397621,50.7477567298
14,2008-02-09 - 2008-02-16,15,2008-02-12 - 2008-02-19,1,992,454,77.9261237205,54.0950455005
15,2008-02-12 - 2008-02-19,16,2008-02-15 - 2008-02-22,1,998,463,77.4819494585,53.0425963489
16,2008-02-15 - 2008-02-22,17,2008-02-18 - 2008-02-25,1,965,456,77.9831165868,53.7993920973
17,2008-02-18 - 2008-02-25,18,2008-02-21 - 2008-02-28,1,965,461,77.86189493,53.2454361055
18,2008-02-21 - 2008-02-28,19,2008-02-24 - 2008-03-02,1,975,448,77.5242047026,54.4715447154
19,2008-02-24 - 2008-03-02,20,2008-02-27 - 2008-03-05,1,1081,489,74.5945945946,51.8700787402
20,2008-02-27 - 2008-03-05,21,2008-03-01 - 2008-03-08,1,1141,513,72.6968174204,49.3583415597
21,2008-03-01 - 2008-03-08,22,2008-03-04 - 2008-03-11,1,1080,476,73.3069698468,50.2612330199
22,2008-03-04 - 2008-03-11,23,2008-03-07 - 2008-03-14,1,894,435,77.0298047276,53.125
23,2008-03-07 - 2008-03-14,24,2008-03-10 - 2008-03-17,1,868,437,79.2394164076,54.1928721174
24,2008-03-10 - 2008-03-17,25,2008-03-13 - 2008-03-20,1,859,432,80.9449866903,55.7830092119
25,2008-03-13 - 2008-03-20,26,2008-03-16 - 2008-03-23,1,1017,489,79.8773248912,53.6492890995
26,2008-03-16 - 2008-03-23,27,2008-03-19 - 2008-03-26,1,1319,571,73.7093880805,48.0436760692
27,2008-03-19 - 2008-03-26,28,2008-03-22 - 2008-03-29,1,1205,540,71.8062704726,47.0588235294
28,2008-03-22 - 2008-03-29,29,2008-03-25 - 2008-04-01,1,828,423,79.1750503018,55.1431601273
29,2008-03-25 - 2008-04-01,30,2008-03-28 - 2008-04-04,1,1024,485,77.3401194955,51.0595358224
30,2008-03-28 - 2008-04-04,31,2008-03-31 - 2008-04-07,1,979,483,78.1375614113,51.4084507042
31,2008-03-31 - 2008-04-07,32,2008-04-03 - 2008-04-10,1,956,465,77.1837708831,52.0618556701
32,2008-04-03 - 2008-04-10,33,2008-04-06 - 2008-04-13,1,935,458,77.2837706511,52.2916666667
33,2008-04-06 - 2008-04-13,34,2008-04-09 - 2008-04-16,1,844,429,79.8375537506,55.0314465409
34,2008-04-09 - 2008-04-16,35,2008-04-12 - 2008-04-19,1,885,441,80.4160212436,55.5891238671
35,2008-04-12 - 2008-04-19,36,2008-04-15 - 2008-04-22,1,1002,500,79.7657512116,53.0516431925
36,2008-04-15 - 2008-04-22,37,2008-04-18 - 2008-04-25,1,1133,532,75.4176610979,49.9529633114
37,2008-04-18 - 2008-04-25,38,2008-04-21 - 2008-04-28,1,1089,502,74.9078341014,50.5418719212
38,2008-04-21 - 2008-04-28,39,2008-04-24 - 2008-05-01,1,991,455,74.3397203521,52.8497409326
39,2008-04-24 - 2008-05-01,40,2008-04-27 - 2008-05-04,1,979,451,75.3710691824,53.1185031185
40,2008-04-27 - 2008-05-04,41,2008-04-30 - 2008-05-07,1,965,437,76.4461801318,54.4316996872
41,2008-04-30 - 2008-05-07,42,2008-05-03 - 2008-05-10,1,984,476,77.6007284316,53.057199211
42,2008-05-03 - 2008-05-10,43,2008-05-06 - 2008-05-13,1,897,480,80.6221646144,54.5454545455
43,2008-05-06 - 2008-05-13,44,2008-05-09 - 2008-05-16,1,1075,523,77.7386622489,51.8416206262
44,2008-05-09 - 2008-05-16,45,2008-05-12 - 2008-05-19,1,1005,519,79.9601196411,52.516010979
45,2008-05-12 - 2008-05-19,46,2008-05-15 - 2008-05-22,1,1115,527,77.492935002,51.2037037037
46,2008-05-15 - 2008-05-22,47,2008-05-18 - 2008-05-25,1,1070,497,77.1416364025,53.2015065913
47,2008-05-18 - 2008-05-25,48,2008-05-21 - 2008-05-28,1,937,514,79.5548767183,51.7370892019
48,2008-05-21 - 2008-05-28,49,2008-05-24 - 2008-05-31,1,1120,513,75.6415832971,52.0560747664
49,2008-05-24 - 2008-05-31,50,2008-05-27 - 2008-06-03,1,992,498,77.6122771383,52.5714285714
50,2008-05-27 - 2008-06-03,51,2008-05-30 - 2008-06-06,1,982,474,77.1840148699,54.0252182347
51,2008-05-30 - 2008-06-06,52,2008-06-02 - 2008-06-09,1,1023,516,77.427184466,52.529898804
52,2008-06-02 - 2008-06-09,53,2008-06-05 - 2008-06-12,1,1037,494,77.8324070115,53.7453183521
53,2008-06-05 - 2008-06-12,54,2008-06-08 - 2008-06-15,1,1118,544,76.640200585,51.3416815742
54,2008-06-08 - 2008-06-15,55,2008-06-11 - 2008-06-18,1,1163,531,74.9623250807,51.0147601476
55,2008-06-11 - 2008-06-18,56,2008-06-14 - 2008-06-21,1,1135,515,75.406283857,51.5065913371
56,2008-06-14 - 2008-06-21,57,2008-06-17 - 2008-06-24,1,1038,510,78.2435548103,52.4697110904
57,2008-06-17 - 2008-06-24,58,2008-06-20 - 2008-06-27,1,1028,489,79.3946682702,54.2563143124
58,2008-06-20 - 2008-06-27,59,2008-06-23 - 2008-06-30,1,1075,534,79.7093242733,52.9929577465
59,2008-06-23 - 2008-06-30,60,2008-06-26 - 2008-07-03,1,1242,575,76.3338414634,49.7377622378
60,2008-06-26 - 2008-07-03,61,2008-06-29 - 2008-07-06,1,1157,537,75.789914208,50.9589041096
61,2008-06-29 - 2008-07-06,62,2008-07-02 - 2008-07-09,1,1116,511,76.1843790013,53.0330882353
62,2008-07-02 - 2008-07-09,63,2008-07-05 - 2008-07-12,1,1342,530,71.4346530438,51.1070110701
63,2008-07-05 - 2008-07-12,64,2008-07-08 - 2008-07-15,1,1031,500,77.664644714,54.0018399264
64,2008-07-08 - 2008-07-15,65,2008-07-11 - 2008-07-18,1,1303,569,72.3999152722,50.6504770165
65,2008-07-11 - 2008-07-18,66,2008-07-14 - 2008-07-21,1,1112,546,76.3605442177,51.2934879572
66,2008-07-14 - 2008-07-21,67,2008-07-17 - 2008-07-24,1,1129,524,77.8844270323,52.8352835284
67,2008-07-17 - 2008-07-24,68,2008-07-20 - 2008-07-27,1,1292,525,76.1974944731,53.0831099196
68,2008-07-20 - 2008-07-27,69,2008-07-23 - 2008-07-30,1,1113,521,78.1893004115,52.2893772894
69,2008-07-23 - 2008-07-30,70,2008-07-26 - 2008-08-02,1,1352,544,71.0430499036,49.6296296296
70,2008-07-26 - 2008-08-02,71,2008-07-29 - 2008-08-05,1,955,493,78.9043516678,53.4905660377
71,2008-07-29 - 2008-08-05,72,2008-08-01 - 2008-08-08,1,1308,556,73.047599423,49.4085532302
72,2008-08-01 - 2008-08-08,73,2008-08-04 - 2008-08-11,1,1119,497,75.5730189915,52.2574447646
73,2008-08-04 - 2008-08-11,74,2008-08-07 - 2008-08-14,1,1061,496,77.7287993283,52.7168732126
74,2008-08-07 - 2008-08-14,75,2008-08-10 - 2008-08-17,1,1259,536,76.7969037965,50.8256880734
75,2008-08-10 - 2008-08-17,76,2008-08-13 - 2008-08-20,1,1107,492,79.4276156848,53.320683112
76,2008-08-13 - 2008-08-20,77,2008-08-16 - 2008-08-23,1,1224,496,73.8405642231,51.2770137525
77,2008-08-16 - 2008-08-23,78,2008-08-19 - 2008-08-26,1,949,480,77.6020769412,53.3980582524
78,2008-08-19 - 2008-08-26,79,2008-08-22 - 2008-08-29,1,937,483,77.6798475465,53.6023054755
79,2008-08-22 - 2008-08-29,80,2008-08-25 - 2008-09-01,1,1023,503,76.4611136677,53.6405529954
80,2008-08-25 - 2008-09-01,81,2008-08-28 - 2008-09-04,1,1222,544,71.6801853998,48.7758945386
81,2008-08-28 - 2008-09-04,82,2008-08-31 - 2008-09-07,1,1009,513,75.5630903366,49.8043052838
82,2008-08-31 - 2008-09-07,83,2008-09-03 - 2008-09-10,1,910,472,78.5630153121,53.3596837945
83,2008-09-03 - 2008-09-10,84,2008-09-06 - 2008-09-13,1,1048,523,77.7683495969,51.885924563
84,2008-09-06 - 2008-09-13,85,2008-09-09 - 2008-09-16,1,1046,514,75.6404285049,51.5094339623
85,2008-09-09 - 2008-09-16,86,2008-09-12 - 2008-09-19,1,1032,504,74.6125461255,50.9250243427
86,2008-09-12 - 2008-09-19,87,2008-09-15 - 2008-09-22,1,877,471,79.1636968401,54.1828793774
87,2008-09-15 - 2008-09-22,88,2008-09-18 - 2008-09-25,1,1192,541,74.9263777871,50.0
88,2008-09-18 - 2008-09-25,89,2008-09-21 - 2008-09-28,1,1197,542,74.6075519728,49.8148148148
89,2008-09-21 - 2008-09-28,90,2008-09-24 - 2008-10-01,1,1080,497,75.0750057697,52.2115384615
90,2008-09-24 - 2008-10-01,91,2008-09-27 - 2008-10-04,1,1139,513,73.511627907,50.9090909091
91,2008-09-27 - 2008-10-04,92,2008-09-30 - 2008-10-07,1,986,474,76.6295330647,52.2177419355
92,2008-09-30 - 2008-10-07,93,2008-10-03 - 2008-10-10,1,961,489,76.4979212521,51.9174041298
93,2008-10-03 - 2008-10-10,94,2008-10-06 - 2008-10-13,1,1014,482,74.8761149653,52.3244312562
94,2008-10-06 - 2008-10-13,95,2008-10-09 - 2008-10-16,1,1021,463,74.506866417,52.6584867076
95,2008-10-09 - 2008-10-16,96,2008-10-12 - 2008-10-19,1,882,454,79.7334558824,56.0928433269
96,2008-10-12 - 2008-10-19,97,2008-10-15 - 2008-10-22,1,952,496,79.2682926829,54.2012927054
97,2008-10-15 - 2008-10-22,98,2008-10-18 - 2008-10-25,1,1166,531,75.9339525284,52.0758122744
98,2008-10-18 - 2008-10-25,99,2008-10-21 - 2008-10-28,1,1085,540,77.3344474619,51.7426273458
99,2008-10-21 - 2008-10-28,100,2008-10-24 - 2008-10-31,1,1123,528,76.1520492674,51.2915129151
100,2008-10-24 - 2008-10-31,101,2008-10-27 - 2008-11-03,1,1061,503,76.4012455516,53.5120147874
101,2008-10-27 - 2008-11-03,102,2008-10-30 - 2008-11-06,1,956,503,76.1417519341,52.1408182683
102,2008-10-30 - 2008-11-06,103,2008-11-02 - 2008-11-09,1,946,510,77.0999757928,51.5209125475
103,2008-11-02 - 2008-11-09,104,2008-11-05 - 2008-11-12,1,1010,504,76.0720208481,52.0912547529
104,2008-11-05 - 2008-11-12,105,2008-11-08 - 2008-11-15,1,998,514,78.012778145,51.4177693762
105,2008-11-08 - 2008-11-15,106,2008-11-11 - 2008-11-18,1,1048,500,77.7777777778,52.2445081184
106,2008-11-11 - 2008-11-18,107,2008-11-14 - 2008-11-21,1,1003,483,78.1529078632,53.9122137405
107,2008-11-14 - 2008-11-21,108,2008-11-17 - 2008-11-24,1,1032,521,77.9957356077,53.0630630631
108,2008-11-17 - 2008-11-24,109,2008-11-20 - 2008-11-27,1,1061,523,77.3966766084,52.1937842779
109,2008-11-20 - 2008-11-27,110,2008-11-23 - 2008-11-30,1,1027,501,78.7238450383,54.4545454545
110,2008-11-23 - 2008-11-30,111,2008-11-26 - 2008-12-03,1,1074,559,78.0950438507,50.6183745583
111,2008-11-26 - 2008-12-03,112,2008-11-29 - 2008-12-06,1,1070,512,76.8798617113,53.1564501372
112,2008-11-29 - 2008-12-06,113,2008-12-02 - 2008-12-09,1,993,505,79.462254395,54.4223826715
113,2008-12-02 - 2008-12-09,114,2008-12-05 - 2008-12-12,1,1229,495,76.4288454162,55.4054054054
114,2008-12-05 - 2008-12-12,115,2008-12-08 - 2008-12-15,1,1200,514,77.4859287054,54.7933157432
115,2008-12-08 - 2008-12-15,116,2008-12-11 - 2008-12-18,1,1181,536,77.2051727466,52.3555555556
116,2008-12-11 - 2008-12-18,117,2008-12-14 - 2008-12-21,1,1073,523,77.6597959609,52.7551942186
117,2008-12-14 - 2008-12-21,118,2008-12-17 - 2008-12-24,1,1123,563,74.4424214838,47.6279069767
118,2008-12-17 - 2008-12-24,119,2008-12-20 - 2008-12-27,1,1174,542,66.3802978236,44.5807770961
119,2008-12-20 - 2008-12-27,120,2008-12-23 - 2008-12-30,1,838,429,68.8128023818,47.8736330498
120,2008-12-23 - 2008-12-30,121,2008-12-26 - 2009-01-02,1,876,417,64.7342995169,46.2628865979
121,2008-12-26 - 2009-01-02,122,2008-12-29 - 2009-01-05,1,724,362,68.9935760171,48.5795454545
122,2008-12-29 - 2009-01-05,123,2009-01-01 - 2009-01-08,1,622,316,73.0385782401,53.0460624071
123,2009-01-01 - 2009-01-08,124,2009-01-04 - 2009-01-11,1,614,352,75.0101750102,52.8150134048
124,2009-01-04 - 2009-01-11,125,2009-01-07 - 2009-01-14,1,607,336,77.3760715617,55.8475689882
125,2009-01-07 - 2009-01-14,126,2009-01-10 - 2009-01-17,1,763,399,74.8930569266,52.9481132075
126,2009-01-10 - 2009-01-17,127,2009-01-13 - 2009-01-20,1,798,427,76.404494382,51.4220705347
127,2009-01-13 - 2009-01-20,128,2009-01-16 - 2009-01-23,1,834,421,74.5886654479,51.775486827
128,2009-01-16 - 2009-01-23,129,2009-01-19 - 2009-01-26,1,748,420,77.2506082725,51.724137931
129,2009-01-19 - 2009-01-26,130,2009-01-22 - 2009-01-29,1,778,409,77.0026603606,53.5754824064
130,2009-01-22 - 2009-01-29,131,2009-01-25 - 2009-02-01,1,785,437,77.127039627,52.3965141612
131,2009-01-25 - 2009-02-01,132,2009-01-28 - 2009-02-04,1,840,438,77.105478332,52.8525296017
132,2009-01-28 - 2009-02-04,133,2009-01-31 - 2009-02-07,1,830,430,79.4350842418,53.5135135135
133,2009-01-31 - 2009-02-07,134,2009-02-03 - 2009-02-10,1,975,435,76.5342960289,52.5109170306
134,2009-02-03 - 2009-02-10,135,2009-02-06 - 2009-02-13,1,803,434,81.3299232737,54.2676501581
135,2009-02-06 - 2009-02-13,136,2009-02-09 - 2009-02-16,1,935,446,79.7750378542,55.0403225806
136,2009-02-09 - 2009-02-16,137,2009-02-12 - 2009-02-19,1,1043,471,77.2221008954,52.8528528529
137,2009-02-12 - 2009-02-19,138,2009-02-15 - 2009-02-22,1,894,447,80.7286053029,54.8484848485
138,2009-02-15 - 2009-02-22,139,2009-02-18 - 2009-02-25,1,1021,470,77.712289893,53.7401574803
139,2009-02-18 - 2009-02-25,140,2009-02-21 - 2009-02-28,1,1016,494,76.9614512472,51.568627451
140,2009-02-21 - 2009-02-28,141,2009-02-24 - 2009-03-03,1,1071,492,74.4391408115,51.0447761194
141,2009-02-24 - 2009-03-03,142,2009-02-27 - 2009-03-06,1,1020,468,75.0854909624,52.0982599795
142,2009-02-27 - 2009-03-06,143,2009-03-02 - 2009-03-09,1,887,444,78.3235581623,54.693877551
143,2009-03-02 - 2009-03-09,144,2009-03-05 - 2009-03-12,1,997,469,75.5397448479,53.3333333333
144,2009-03-05 - 2009-03-12,145,2009-03-08 - 2009-03-15,1,964,479,75.9481037924,50.9723643808
145,2009-03-08 - 2009-03-15,146,2009-03-11 - 2009-03-18,1,910,451,76.844783715,51.6613076099
146,2009-03-11 - 2009-03-18,147,2009-03-14 - 2009-03-21,1,904,423,75.8159443553,53.0521642619
147,2009-03-14 - 2009-03-21,148,2009-03-17 - 2009-03-24,1,726,429,80.5414098097,53.7715517241
148,2009-03-17 - 2009-03-24,149,2009-03-20 - 2009-03-27,1,971,468,75.725,51.3513513514
149,2009-03-20 - 2009-03-27,150,2009-03-23 - 2009-03-30,1,879,436,76.7398782747,52.7627302275
150,2009-03-23 - 2009-03-30,151,2009-03-26 - 2009-04-02,1,912,457,75.0615258409,49.8353457739
151,2009-03-26 - 2009-04-02,152,2009-03-29 - 2009-04-05,1,903,430,71.1593740019,49.9417927823
152,2009-03-29 - 2009-04-05,153,2009-04-01 - 2009-04-08,1,647,376,80.744047619,55.1847437426
153,2009-04-01 - 2009-04-08,154,2009-04-04 - 2009-04-11,1,830,403,77.9196594839,53.4104046243
154,2009-04-04 - 2009-04-11,155,2009-04-07 - 2009-04-14,1,1003,452,72.7445652174,48.8687782805
155,2009-04-07 - 2009-04-14,156,2009-04-10 - 2009-04-17,1,933,422,66.9031571479,47.0514429109
156,2009-04-10 - 2009-04-17,157,2009-04-13 - 2009-04-20,1,681,362,73.7471087124,52.987012987
157,2009-04-13 - 2009-04-20,158,2009-04-16 - 2009-04-23,1,633,369,78.8081687312,53.5264483627
158,2009-04-16 - 2009-04-23,159,2009-04-19 - 2009-04-26,1,835,430,73.5088832487,47.4327628362
159,2009-04-19 - 2009-04-26,160,2009-04-22 - 2009-04-29,1,742,375,74.0196078431,51.1082138201
160,2009-04-22 - 2009-04-29,161,2009-04-25 - 2009-05-02,1,715,362,76.8233387358,53.7084398977
161,2009-04-25 - 2009-05-02,162,2009-04-28 - 2009-05-05,1,611,344,83.3287858117,56.5107458913
162,2009-04-28 - 2009-05-05,163,2009-05-01 - 2009-05-08,1,986,375,74.2491512144,53.0663329161
163,2009-05-01 - 2009-05-08,164,2009-05-04 - 2009-05-11,1,694,340,81.7031373583,56.90747782
164,2009-05-04 - 2009-05-11,165,2009-05-07 - 2009-05-14,1,786,357,80.687960688,56.4634146341
165,2009-05-07 - 2009-05-14,166,2009-05-10 - 2009-05-17,1,758,312,82.1730950141,61.6236162362
166,2009-05-10 - 2009-05-17,167,2009-05-13 - 2009-05-20,1,818,407,81.9226519337,55.1267916207
167,2009-05-13 - 2009-05-20,168,2009-05-16 - 2009-05-23,1,923,414,80.7948397836,55.5793991416
168,2009-05-16 - 2009-05-23,169,2009-05-19 - 2009-05-26,1,796,402,84.6302374976,60.2766798419
169,2009-05-19 - 2009-05-26,170,2009-05-22 - 2009-05-29,1,966,472,84.7706132745,59.3453919035
170,2009-05-22 - 2009-05-29,171,2009-05-25 - 2009-06-01,1,1297,544,82.0384988229,56.48
171,2009-05-25 - 2009-06-01,172,2009-05-28 - 2009-06-04,1,1409,543,79.7905909352,54.4844928751
172,2009-05-28 - 2009-06-04,173,2009-05-31 - 2009-06-07,1,1086,461,84.0364545054,59.3832599119
173,2009-05-31 - 2009-06-07,174,2009-06-03 - 2009-06-10,1,1164,475,83.0246463468,57.9273693534
174,2009-06-03 - 2009-06-10,175,2009-06-06 - 2009-06-13,1,1434,485,80.2315963606,57.4187884109
175,2009-06-06 - 2009-06-13,176,2009-06-09 - 2009-06-16,1,1238,461,82.4893917963,58.8025022341
176,2009-06-09 - 2009-06-16,177,2009-06-12 - 2009-06-19,1,1443,500,78.7356321839,54.1704857929
177,2009-06-12 - 2009-06-19,178,2009-06-15 - 2009-06-22,1,1130,433,82.5644190711,60.347985348
178,2009-06-15 - 2009-06-22,179,2009-06-18 - 2009-06-25,1,1264,460,80.3145927426,58.595859586
179,2009-06-18 - 2009-06-25,180,2009-06-21 - 2009-06-28,1,966,439,84.96965925,60.8734402852
180,2009-06-21 - 2009-06-28,181,2009-06-24 - 2009-07-01,1,1456,501,77.4123487434,55.5456965395
181,2009-06-24 - 2009-07-01,182,2009-06-27 - 2009-07-04,1,1252,474,78.6384576011,54.7277936963
182,2009-06-27 - 2009-07-04,183,2009-06-30 - 2009-07-07,1,1014,421,81.5098468271,57.3886639676
183,2009-06-30 - 2009-07-07,184,2009-07-03 - 2009-07-10,1,1009,426,81.4726404701,56.3076923077
184,2009-07-03 - 2009-07-10,185,2009-07-06 - 2009-07-13,1,980,395,82.9890643985,60.6965174129
185,2009-07-06 - 2009-07-13,186,2009-07-09 - 2009-07-16,1,1149,431,81.4557779212,58.3976833977
186,2009-07-09 - 2009-07-16,187,2009-07-12 - 2009-07-19,1,1129,435,82.7528261534,59.3077642657
187,2009-07-12 - 2009-07-19,188,2009-07-15 - 2009-07-22,1,1238,465,80.7345160286,56.5826330532
188,2009-07-15 - 2009-07-22,189,2009-07-18 - 2009-07-25,1,1163,429,82.5741684147,58.4302325581
189,2009-07-18 - 2009-07-25,190,2009-07-21 - 2009-07-28,1,965,387,86.0246198407,62.5725338491
190,2009-07-21 - 2009-07-28,191,2009-07-24 - 2009-07-31,1,1487,492,77.699460108,54.7378104876
191,2009-07-24 - 2009-07-31,192,2009-07-27 - 2009-08-03,1,1071,433,82.5938566553,58.4452975048
192,2009-07-27 - 2009-08-03,193,2009-07-30 - 2009-08-06,1,1285,456,80.1021988232,55.9845559846
193,2009-07-30 - 2009-08-06,194,2009-08-02 - 2009-08-09,1,1136,436,81.8181818182,56.746031746
194,2009-08-02 - 2009-08-09,195,2009-08-05 - 2009-08-12,1,1233,418,80.4502933249,58.2
195,2009-08-05 - 2009-08-12,196,2009-08-08 - 2009-08-15,1,1292,441,78.441515101,55.8116232465
196,2009-08-08 - 2009-08-15,197,2009-08-11 - 2009-08-18,1,1036,387,82.1809425525,60.5102040816
197,2009-08-11 - 2009-08-18,198,2009-08-14 - 2009-08-21,1,1145,413,80.6063685637,58.0284552846
198,2009-08-14 - 2009-08-21,199,2009-08-17 - 2009-08-24,1,1215,423,79.763491006,57.2295247725
199,2009-08-17 - 2009-08-24,200,2009-08-20 - 2009-08-27,1,944,382,83.841150291,59.8317560463
200,2009-08-20 - 2009-08-27,201,2009-08-23 - 2009-08-30,1,964,370,85.111969112,62.2833843017
201,2009-08-23 - 2009-08-30,202,2009-08-26 - 2009-09-02,1,1064,399,84.4558071585,61.5606936416
202,2009-08-26 - 2009-09-02,203,2009-08-29 - 2009-09-05,1,1250,418,81.9728872224,59.5353339787
203,2009-08-29 - 2009-09-05,204,2009-09-01 - 2009-09-08,1,1181,417,82.3546989392,58.5898709037
204,2009-09-01 - 2009-09-08,205,2009-09-04 - 2009-09-11,1,1112,368,82.5322023249,61.9441571872
205,2009-09-04 - 2009-09-11,206,2009-09-07 - 2009-09-14,1,915,373,86.3980972202,62.8855721393
206,2009-09-07 - 2009-09-14,207,2009-09-10 - 2009-09-17,1,964,366,85.5623783136,63.1419939577
207,2009-09-10 - 2009-09-17,208,2009-09-13 - 2009-09-20,1,1000,385,85.8276643991,63.122605364
208,2009-09-13 - 2009-09-20,209,2009-09-16 - 2009-09-23,1,952,390,86.3980568653,62.3188405797
209,2009-09-16 - 2009-09-23,210,2009-09-19 - 2009-09-26,1,1214,409,81.5641609719,59.8626104024
210,2009-09-19 - 2009-09-26,211,2009-09-22 - 2009-09-29,1,1052,371,83.8203629652,63.9805825243
211,2009-09-22 - 2009-09-29,212,2009-09-25 - 2009-10-02,1,1134,428,83.479020979,60.4801477378
212,2009-09-25 - 2009-10-02,213,2009-09-28 - 2009-10-05,1,1000,476,87.3449759555,62.0111731844
213,2009-09-28 - 2009-10-05,214,2009-10-01 - 2009-10-08,1,1379,534,84.5559413148,58.7006960557
214,2009-10-01 - 2009-10-08,215,2009-10-04 - 2009-10-11,1,1275,481,86.5732940185,61.3964686998
215,2009-10-04 - 2009-10-11,216,2009-10-07 - 2009-10-14,1,1220,512,87.3588229199,61.153262519
216,2009-10-07 - 2009-10-14,217,2009-10-10 - 2009-10-17,1,1486,579,85.3581633658,58.4946236559
217,2009-10-10 - 2009-10-17,218,2009-10-13 - 2009-10-20,1,1425,550,84.8517061763,59.8540145985
218,2009-10-13 - 2009-10-20,219,2009-10-16 - 2009-10-23,1,1604,568,81.2001875293,57.516828721
219,2009-10-16 - 2009-10-23,220,2009-10-19 - 2009-10-26,1,1310,520,84.5682648133,61.0194902549
220,2009-10-19 - 2009-10-26,221,2009-10-22 - 2009-10-29,1,1394,539,84.1284299214,59.7460791636
221,2009-10-22 - 2009-10-29,222,2009-10-25 - 2009-11-01,1,1450,514,84.1061054478,61.3533834586
222,2009-10-25 - 2009-11-01,223,2009-10-28 - 2009-11-04,1,1521,521,83.4187288782,60.3198781417
223,2009-10-28 - 2009-11-04,224,2009-10-31 - 2009-11-07,1,1644,530,80.551283568,57.8696343402
224,2009-10-31 - 2009-11-07,225,2009-11-03 - 2009-11-10,1,1165,445,85.2307302231,62.9475437136
225,2009-11-03 - 2009-11-10,226,2009-11-06 - 2009-11-13,1,1390,490,83.1351613686,60.2917341977
226,2009-11-06 - 2009-11-13,227,2009-11-09 - 2009-11-16,1,1221,477,85.2232845214,62.3222748815
227,2009-11-09 - 2009-11-16,228,2009-11-12 - 2009-11-19,1,1381,507,83.8233571512,60.5140186916
228,2009-11-12 - 2009-11-19,229,2009-11-15 - 2009-11-22,1,1387,498,83.8533178114,61.214953271
229,2009-11-15 - 2009-11-22,230,2009-11-18 - 2009-11-25,1,1393,497,83.1519109821,60.303514377
230,2009-11-18 - 2009-11-25,231,2009-11-21 - 2009-11-28,1,1227,473,85.0657254138,61.9162640902
231,2009-11-21 - 2009-11-28,232,2009-11-24 - 2009-12-01,1,1220,459,85.7493283495,62.3770491803
232,2009-11-24 - 2009-12-01,233,2009-11-27 - 2009-12-04,1,1597,514,80.9745055992,57.0951585977
233,2009-11-27 - 2009-12-04,234,2009-11-30 - 2009-12-07,1,1225,443,84.5289214448,61.2423447069
234,2009-11-30 - 2009-12-07,235,2009-12-03 - 2009-12-10,1,1400,483,82.5109306683,58.9983022071
235,2009-12-03 - 2009-12-10,236,2009-12-06 - 2009-12-13,1,1205,448,84.7120020299,62.6043405676
236,2009-12-06 - 2009-12-13,237,2009-12-09 - 2009-12-16,1,1259,453,84.4682950901,62.2814321399
237,2009-12-09 - 2009-12-16,238,2009-12-12 - 2009-12-19,1,1286,471,83.8766298897,60.9128630705
238,2009-12-12 - 2009-12-19,239,2009-12-15 - 2009-12-22,1,1180,449,84.844592859,62.9843363561
239,2009-12-15 - 2009-12-22,240,2009-12-18 - 2009-12-25,1,1294,483,83.1554282739,60.0165562914
240,2009-12-18 - 2009-12-25,241,2009-12-21 - 2009-12-28,1,1401,508,80.5551700208,57.2030328559
241,2009-12-21 - 2009-12-28,242,2009-12-24 - 2009-12-31,1,1260,455,78.505629478,56.0810810811
242,2009-12-24 - 2009-12-31,243,2009-12-27 - 2010-01-03,1,651,331,89.200398142,67.738791423
243,2009-12-27 - 2010-01-03,244,2009-12-30 - 2010-01-06,1,928,368,86.5077057284,65.2173913043
244,2009-12-30 - 2010-01-06,245,2010-01-02 - 2010-01-09,1,1025,398,85.8013575287,63.8181818182
245,2010-01-02 - 2010-01-09,246,2010-01-05 - 2010-01-12,1,1055,393,86.7943422206,66.835443038
246,2010-01-05 - 2010-01-12,247,2010-01-08 - 2010-01-15,1,1324,493,84.8252148997,61.3636363636
247,2010-01-08 - 2010-01-15,248,2010-01-11 - 2010-01-18,1,1211,462,85.8610624635,63.9906469213
248,2010-01-11 - 2010-01-18,249,2010-01-14 - 2010-01-21,1,1382,498,84.1822135745,61.6332819723
249,2010-01-14 - 2010-01-21,250,2010-01-17 - 2010-01-24,1,1199,457,87.1420911528,66.322770818
250,2010-01-17 - 2010-01-24,251,2010-01-20 - 2010-01-27,1,1459,534,85.4478356274,61.4161849711
251,2010-01-20 - 2010-01-27,252,2010-01-23 - 2010-01-30,1,1417,503,85.9257052046,62.8508124077
252,2010-01-23 - 2010-01-30,253,2010-01-26 - 2010-02-02,1,1508,514,85.2489484496,62.9682997118
253,2010-01-26 - 2010-02-02,254,2010-01-29 - 2010-02-05,1,1706,548,82.7607113985,60.4046242775
254,2010-01-29 - 2010-02-05,255,2010-02-01 - 2010-02-08,1,1370,552,85.9429509542,59.5900439239
255,2010-02-01 - 2010-02-08,256,2010-02-04 - 2010-02-11,1,1565,544,84.1181246194,59.8227474151
256,2010-02-04 - 2010-02-11,257,2010-02-07 - 2010-02-14,1,1371,508,85.7217246407,61.5733736762
257,2010-02-07 - 2010-02-14,258,2010-02-10 - 2010-02-17,1,1425,529,85.4040766158,60.5518269948
258,2010-02-10 - 2010-02-17,259,2010-02-13 - 2010-02-20,1,1485,526,85.1291808532,60.4511278195
259,2010-02-13 - 2010-02-20,260,2010-02-16 - 2010-02-23,1,1365,477,86.2579281184,62.5882352941
260,2010-02-16 - 2010-02-23,261,2010-02-19 - 2010-02-26,1,1544,484,83.4636392846,61.6177636796
261,2010-02-19 - 2010-02-26,262,2010-02-22 - 2010-03-01,1,1300,464,85.8341505939,63.5506677141
262,2010-02-22 - 2010-03-01,263,2010-02-25 - 2010-03-04,1,1397,495,84.8596510242,61.4785992218
263,2010-02-25 - 2010-03-04,264,2010-02-28 - 2010-03-07,1,1394,497,85.2393053791,62.2053231939
264,2010-02-28 - 2010-03-07,265,2010-03-03 - 2010-03-10,1,1371,503,85.7617613459,62.4346527259
265,2010-03-03 - 2010-03-10,266,2010-03-06 - 2010-03-13,1,1499,526,85.0830928451,61.5215801024
266,2010-03-06 - 2010-03-13,267,2010-03-09 - 2010-03-16,1,1480,507,84.3452506875,61.1494252874
267,2010-03-09 - 2010-03-16,268,2010-03-12 - 2010-03-19,1,1488,514,83.2375802636,59.7809076682
268,2010-03-12 - 2010-03-19,269,2010-03-15 - 2010-03-22,1,1188,465,85.5068927656,62.6805778491
269,2010-03-15 - 2010-03-22,270,2010-03-18 - 2010-03-25,1,1315,479,84.4672808883,62.5488663018
270,2010-03-18 - 2010-03-25,271,2010-03-21 - 2010-03-28,1,1292,496,84.9645059933,61.2802498048
271,2010-03-21 - 2010-03-28,272,2010-03-24 - 2010-03-31,1,1339,459,85.2158551397,63.0136986301
272,2010-03-24 - 2010-03-31,273,2010-03-27 - 2010-04-03,1,1345,465,84.9012123934,62.0098039216
273,2010-03-27 - 2010-04-03,274,2010-03-30 - 2010-04-06,1,1414,464,83.1224635951,61.7477328937
274,2010-03-30 - 2010-04-06,275,2010-04-02 - 2010-04-09,1,1470,476,78.9458607849,58.7521663778
275,2010-04-02 - 2010-04-09,276,2010-04-05 - 2010-04-12,1,899,360,86.1158301158,67.7708146822
276,2010-04-05 - 2010-04-12,277,2010-04-08 - 2010-04-15,1,958,439,90.5026271438,71.3820078227
277,2010-04-08 - 2010-04-15,278,2010-04-11 - 2010-04-18,1,1607,687,90.3379028379,66.763425254
278,2010-04-11 - 2010-04-18,279,2010-04-14 - 2010-04-21,1,2690,948,86.9727347571,58.6928104575
279,2010-04-14 - 2010-04-21,280,2010-04-17 - 2010-04-24,1,3697,1049,81.4249108175,54.3913043478
280,2010-04-17 - 2010-04-24,281,2010-04-20 - 2010-04-27,1,2742,888,84.3161928731,58.7168758717
281,2010-04-20 - 2010-04-27,282,2010-04-23 - 2010-04-30,1,2319,810,86.4891633652,61.5019011407
282,2010-04-23 - 2010-04-30,283,2010-04-26 - 2010-05-03,1,2248,762,87.9618721217,64.5581395349
283,2010-04-26 - 2010-05-03,284,2010-04-29 - 2010-05-06,1,3105,909,83.4919453453,58.719346049
284,2010-04-29 - 2010-05-06,285,2010-05-02 - 2010-05-09,1,2656,836,85.7073669483,61.2962962963
285,2010-05-02 - 2010-05-09,286,2010-05-05 - 2010-05-12,1,2453,803,87.130115425,63.1143775838
286,2010-05-05 - 2010-05-12,287,2010-05-08 - 2010-05-15,1,2944,914,85.1545559982,59.4678492239
287,2010-05-08 - 2010-05-15,288,2010-05-11 - 2010-05-18,1,2262,892,88.5757575758,62.3151668779
288,2010-05-11 - 2010-05-18,289,2010-05-14 - 2010-05-21,1,3043,1025,85.4038756715,59.3737613952
289,2010-05-14 - 2010-05-21,290,2010-05-17 - 2010-05-24,1,3693,1056,81.8257874016,57.1428571429
290,2010-05-17 - 2010-05-24,291,2010-05-20 - 2010-05-27,1,3220,929,82.4895317853,58.7477797513
291,2010-05-20 - 2010-05-27,292,2010-05-23 - 2010-05-30,1,2263,766,86.440170172,64.5041705283
292,2010-05-23 - 2010-05-30,293,2010-05-26 - 2010-06-02,1,2265,805,86.8466898955,63.8851502916
293,2010-05-26 - 2010-06-02,294,2010-05-29 - 2010-06-05,1,2807,842,84.5403976428,62.4442462087
294,2010-05-29 - 2010-06-05,295,2010-06-01 - 2010-06-08,1,2354,817,87.0928829916,64.1666666667
295,2010-06-01 - 2010-06-08,296,2010-06-04 - 2010-06-11,1,3062,901,82.9215237883,60.2207505519
296,2010-06-04 - 2010-06-11,297,2010-06-07 - 2010-06-14,1,2654,846,84.1077844311,61.9090499775
297,2010-06-07 - 2010-06-14,298,2010-06-10 - 2010-06-17,1,2515,845,84.9877633857,61.6257947321
298,2010-06-10 - 2010-06-17,299,2010-06-13 - 2010-06-20,1,2266,811,87.0143266476,63.2865550023
299,2010-06-13 - 2010-06-20,300,2010-06-16 - 2010-06-23,1,2603,839,84.4336801818,61.33640553
300,2010-06-16 - 2010-06-23,301,2010-06-19 - 2010-06-26,1,2842,869,82.672844775,60.517946388
301,2010-06-19 - 2010-06-26,302,2010-06-22 - 2010-06-29,1,2145,796,86.8227054921,63.5531135531
302,2010-06-22 - 2010-06-29,303,2010-06-25 - 2010-07-02,1,2693,877,84.8733359546,60.8482142857
303,2010-06-25 - 2010-07-02,304,2010-06-28 - 2010-07-05,1,2488,835,86.7377398721,63.3289415898
304,2010-06-28 - 2010-07-05,305,2010-07-01 - 2010-07-08,1,2470,812,86.3709098935,63.8468388246
305,2010-07-01 - 2010-07-08,306,2010-07-04 - 2010-07-11,1,3349,905,83.0516194332,62.4013294558
306,2010-07-04 - 2010-07-11,307,2010-07-07 - 2010-07-14,1,3891,952,79.4908285895,57.6512455516
307,2010-07-07 - 2010-07-14,308,2010-07-10 - 2010-07-17,1,2917,839,83.220202485,60.1614434948
308,2010-07-10 - 2010-07-17,309,2010-07-13 - 2010-07-20,1,2370,765,86.7323517886,63.7784090909
309,2010-07-13 - 2010-07-20,310,2010-07-16 - 2010-07-23,1,3037,849,82.3317237768,59.4749403341
310,2010-07-16 - 2010-07-23,311,2010-07-19 - 2010-07-26,1,2567,763,84.2263733563,62.5429553265
311,2010-07-19 - 2010-07-26,312,2010-07-22 - 2010-07-29,1,2560,765,84.3367596672,61.5577889447
312,2010-07-22 - 2010-07-29,313,2010-07-25 - 2010-08-01,1,2524,747,83.7987033828,62.2536634664
313,2010-07-25 - 2010-08-01,314,2010-07-28 - 2010-08-04,1,2311,757,84.421975059,60.9391124871
314,2010-07-28 - 2010-08-04,315,2010-07-31 - 2010-08-07,1,2123,700,86.1531437516,64.4308943089
315,2010-07-31 - 2010-08-07,316,2010-08-03 - 2010-08-10,1,1988,728,88.1036443061,65.1507898516
316,2010-08-03 - 2010-08-10,317,2010-08-06 - 2010-08-13,1,2583,786,86.2525946032,63.5435992579
317,2010-08-06 - 2010-08-13,318,2010-08-09 - 2010-08-16,1,2827,839,84.9274898699,61.6544789762
318,2010-08-09 - 2010-08-16,319,2010-08-12 - 2010-08-19,1,2977,873,82.3375852863,58.1896551724
319,2010-08-12 - 2010-08-19,320,2010-08-15 - 2010-08-22,1,2910,826,81.2487918036,58.3459404942
320,2010-08-15 - 2010-08-22,321,2010-08-18 - 2010-08-25,1,2641,759,80.6916215821,58.5924713584
321,2010-08-18 - 2010-08-25,322,2010-08-21 - 2010-08-28,1,2082,702,83.7622835751,60.6722689076
322,2010-08-21 - 2010-08-28,323,2010-08-24 - 2010-08-31,1,1832,632,85.969211917,64.6136618141
323,2010-08-24 - 2010-08-31,324,2010-08-27 - 2010-09-03,1,2192,679,83.1785741693,62.3405435385
324,2010-08-27 - 2010-09-03,325,2010-08-30 - 2010-09-06,1,1742,629,88.1448210154,67.7931387609
325,2010-08-30 - 2010-09-06,326,2010-09-02 - 2010-09-09,1,2402,795,85.4017260241,61.9435136429
326,2010-09-02 - 2010-09-09,327,2010-09-05 - 2010-09-12,1,2297,770,85.6652521218,63.5243960208
327,2010-09-05 - 2010-09-12,328,2010-09-08 - 2010-09-15,1,2344,794,85.5895733432,62.2444127437
328,2010-09-08 - 2010-09-15,329,2010-09-11 - 2010-09-18,1,2704,816,82.2420700072,59.8227474151
329,2010-09-11 - 2010-09-18,330,2010-09-14 - 2010-09-21,1,2478,776,83.8692878531,61.811023622
330,2010-09-14 - 2010-09-21,331,2010-09-17 - 2010-09-24,1,2554,812,82.6045497889,59.2574009032
331,2010-09-17 - 2010-09-24,332,2010-09-20 - 2010-09-27,1,2220,738,84.4917918268,61.2394957983
332,2010-09-20 - 2010-09-27,333,2010-09-23 - 2010-09-30,1,2124,696,84.9649607135,62.9590207557
333,2010-09-23 - 2010-09-30,334,2010-09-26 - 2010-10-03,1,2314,725,84.0049768439,63.141840366
334,2010-09-26 - 2010-10-03,335,2010-09-29 - 2010-10-06,1,2209,743,84.4840907495,62.4936900555
335,2010-09-29 - 2010-10-06,336,2010-10-02 - 2010-10-09,1,2519,799,82.184029988,59.7481108312
336,2010-10-02 - 2010-10-09,337,2010-10-05 - 2010-10-12,1,1975,720,85.2908319059,62.5
337,2010-10-05 - 2010-10-12,338,2010-10-08 - 2010-10-15,1,1886,658,86.3856204432,65.8004158004
338,2010-10-08 - 2010-10-15,339,2010-10-11 - 2010-10-18,1,2044,738,87.6375952583,64.0
339,2010-10-11 - 2010-10-18,340,2010-10-14 - 2010-10-21,1,2393,788,86.2138495218,62.278602202
340,2010-10-14 - 2010-10-21,341,2010-10-17 - 2010-10-24,1,2082,752,89.2141117961,66.6074600355
341,2010-10-17 - 2010-10-24,342,2010-10-20 - 2010-10-27,1,2849,842,86.3403173994,63.7849462366
342,2010-10-20 - 2010-10-27,343,2010-10-23 - 2010-10-30,1,3592,922,81.1285068824,59.4368675759
343,2010-10-23 - 2010-10-30,344,2010-10-26 - 2010-11-02,1,2316,761,86.7747830059,64.0359168242
344,2010-10-26 - 2010-11-02,345,2010-10-29 - 2010-11-05,1,2948,831,82.8265175347,59.9324975892
345,2010-10-29 - 2010-11-05,346,2010-11-01 - 2010-11-08,1,1948,674,88.1443612683,66.5342601787
346,2010-11-01 - 2010-11-08,347,2010-11-04 - 2010-11-11,1,2236,761,87.6115020223,64.7031539889
347,2010-11-04 - 2010-11-11,348,2010-11-07 - 2010-11-14,1,2691,866,85.3191489362,61.2701252236
348,2010-11-07 - 2010-11-14,349,2010-11-10 - 2010-11-17,1,2476,849,86.5777633219,62.5826355223
349,2010-11-10 - 2010-11-17,350,2010-11-13 - 2010-11-20,1,3083,936,84.0085066653,59.4102341717
350,2010-11-13 - 2010-11-20,351,2010-11-16 - 2010-11-23,1,2926,842,84.1012823299,61.2160294795
351,2010-11-16 - 2010-11-23,352,2010-11-19 - 2010-11-26,1,2487,793,84.9891356832,61.0510805501
352,2010-11-19 - 2010-11-26,353,2010-11-22 - 2010-11-29,1,2159,705,87.2677950109,66.5083135392
353,2010-11-22 - 2010-11-29,354,2010-11-25 - 2010-12-02,1,3039,894,82.0124297129,59.047182776
354,2010-11-25 - 2010-12-02,355,2010-11-28 - 2010-12-05,1,2791,870,81.4797611148,58.4725536993
355,2010-11-28 - 2010-12-05,356,2010-12-01 - 2010-12-08,1,2259,780,83.4735532958,60.5462822458
356,2010-12-01 - 2010-12-08,357,2010-12-04 - 2010-12-11,1,2444,810,82.2988339248,58.8205388917
357,2010-12-04 - 2010-12-11,358,2010-12-07 - 2010-12-14,1,1864,707,87.0717159107,63.9653414883
358,2010-12-07 - 2010-12-14,359,2010-12-10 - 2010-12-17,1,2442,779,84.8661378285,61.4737883284
359,2010-12-10 - 2010-12-17,360,2010-12-13 - 2010-12-20,1,2323,713,85.9271824075,64.667988107
360,2010-12-13 - 2010-12-20,361,2010-12-16 - 2010-12-23,1,2534,788,84.2891685783,62.0057859209
361,2010-12-16 - 2010-12-23,362,2010-12-19 - 2010-12-26,1,2815,834,81.8504190845,59.27734375
362,2010-12-19 - 2010-12-26,363,2010-12-22 - 2010-12-29,1,2682,811,78.9927155949,57.71637122
363,2010-12-22 - 2010-12-29,364,2010-12-25 - 2011-01-01,1,2342,736,79.4741454864,58.9056393076
364,2010-12-25 - 2011-01-01,365,2010-12-28 - 2011-01-04,1,1363,587,88.7234218582,67.0409882089
365,2010-12-28 - 2011-01-04,366,2010-12-31 - 2011-01-07,1,2063,697,84.9383076586,63.1021704606
366,2010-12-31 - 2011-01-07,367,2011-01-03 - 2011-01-10,1,1860,644,86.6647548036,66.4583333333
367,2011-01-03 - 2011-01-10,368,2011-01-06 - 2011-01-13,1,2081,684,86.4659209157,65.8170914543
368,2011-01-06 - 2011-01-13,369,2011-01-09 - 2011-01-16,1,1983,688,88.1505826113,67.7902621723
369,2011-01-09 - 2011-01-16,370,2011-01-12 - 2011-01-19,1,2359,761,87.624593432,67.6720475786
370,2011-01-12 - 2011-01-19,371,2011-01-15 - 2011-01-22,1,3291,1151,84.6766308144,57.9927007299
371,2011-01-15 - 2011-01-22,372,2011-01-18 - 2011-01-25,1,3487,1245,83.4094585593,54.5122396785
372,2011-01-18 - 2011-01-25,373,2011-01-21 - 2011-01-28,1,3450,1010,82.4150058617,58.7755102041
373,2011-01-21 - 2011-01-28,374,2011-01-24 - 2011-01-31,1,2933,862,83.5354215785,62.8288055196
374,2011-01-24 - 2011-01-31,375,2011-01-27 - 2011-02-03,1,2872,844,83.079007836,62.6713843432
375,2011-01-27 - 2011-02-03,376,2011-01-30 - 2011-02-06,1,2902,844,81.9291363099,61.8272274989
376,2011-01-30 - 2011-02-06,377,2011-02-02 - 2011-02-09,1,2478,805,83.7284128964,62.6276694522
377,2011-02-02 - 2011-02-09,378,2011-02-05 - 2011-02-12,1,2487,833,83.5002985471,62.3927765237
378,2011-02-05 - 2011-02-12,379,2011-02-08 - 2011-02-15,1,2318,829,85.0413009809,62.9248658318
379,2011-02-08 - 2011-02-15,380,2011-02-11 - 2011-02-18,1,2665,851,82.5714472566,61.370857921
380,2011-02-11 - 2011-02-18,381,2011-02-14 - 2011-02-21,1,1996,684,86.0409818868,67.4595623216
381,2011-02-14 - 2011-02-21,382,2011-02-17 - 2011-02-24,1,2206,993,86.1770787643,61.481768813
382,2011-02-17 - 2011-02-24,383,2011-02-20 - 2011-02-27,1,2813,1196,82.7729805867,56.0132401618
383,2011-02-20 - 2011-02-27,384,2011-02-23 - 2011-03-02,1,2808,1103,82.4915824916,56.8128425998
384,2011-02-23 - 2011-03-02,385,2011-02-26 - 2011-03-05,1,2846,987,82.6537453526,58.8407005838
385,2011-02-26 - 2011-03-05,386,2011-03-01 - 2011-03-08,1,2610,908,84.4420600858,61.3617021277
386,2011-03-01 - 2011-03-08,387,2011-03-04 - 2011-03-11,1,2928,948,82.4618149146,59.7110072248
387,2011-03-04 - 2011-03-11,388,2011-03-07 - 2011-03-14,1,2507,833,84.6092455031,63.190455148
388,2011-03-07 - 2011-03-14,389,2011-03-10 - 2011-03-17,1,2842,880,81.8181818182,60.9062638827
389,2011-03-10 - 2011-03-17,390,2011-03-13 - 2011-03-20,1,2738,872,82.4069909401,61.2444444444
390,2011-03-13 - 2011-03-20,391,2011-03-16 - 2011-03-23,1,2340,820,85.6177012907,64.207769533
391,2011-03-16 - 2011-03-23,392,2011-03-19 - 2011-03-26,1,2820,900,83.5970218706,61.9611158073
392,2011-03-19 - 2011-03-26,393,2011-03-22 - 2011-03-29,1,2551,869,85.8317134129,63.3642495784
393,2011-03-22 - 2011-03-29,394,2011-03-25 - 2011-04-01,1,3077,903,82.5537222884,61.1779879622
394,2011-03-25 - 2011-04-01,395,2011-03-28 - 2011-04-04,1,2676,849,83.4743407645,62.6813186813
395,2011-03-28 - 2011-04-04,396,2011-03-31 - 2011-04-07,1,2630,844,83.6777757091,62.8357551739
396,2011-03-31 - 2011-04-07,397,2011-04-03 - 2011-04-10,1,2766,867,83.8217231093,62.5
397,2011-04-03 - 2011-04-10,398,2011-04-06 - 2011-04-13,1,2561,864,85.460429204,62.9502572899
398,2011-04-06 - 2011-04-13,399,2011-04-09 - 2011-04-16,1,2616,868,86.7450344548,64.3238799836
399,2011-04-09 - 2011-04-16,400,2011-04-12 - 2011-04-19,1,3407,949,84.1180309528,62.7697136132
400,2011-04-12 - 2011-04-19,401,2011-04-15 - 2011-04-22,1,4041,1100,78.3776553053,55.9823929572
401,2011-04-15 - 2011-04-22,402,2011-04-18 - 2011-04-25,1,2967,936,80.6470549866,58.5840707965
402,2011-04-18 - 2011-04-25,403,2011-04-21 - 2011-04-28,1,2992,931,77.9838116262,56.6371681416
403,2011-04-21 - 2011-04-28,404,2011-04-24 - 2011-05-01,1,2408,829,80.9824672248,58.6945690085
404,2011-04-24 - 2011-05-01,405,2011-04-27 - 2011-05-04,1,2053,712,84.1320142217,63.4684453566
405,2011-04-27 - 2011-05-04,406,2011-04-30 - 2011-05-07,1,2451,752,82.2584147666,63.0285152409
406,2011-04-30 - 2011-05-07,407,2011-05-03 - 2011-05-10,1,2379,755,83.3949884833,63.8928742229
407,2011-05-03 - 2011-05-10,408,2011-05-06 - 2011-05-13,1,2701,826,81.7030212708,60.1927710843
408,2011-05-06 - 2011-05-13,409,2011-05-09 - 2011-05-16,1,2405,764,83.1606217617,62.0843672457
409,2011-05-09 - 2011-05-16,410,2011-05-12 - 2011-05-19,1,2382,757,82.3201959475,62.2443890274
410,2011-05-12 - 2011-05-19,411,2011-05-15 - 2011-05-22,1,2144,762,84.1161653578,62.5920471281
411,2011-05-15 - 2011-05-22,412,2011-05-18 - 2011-05-25,1,2226,767,84.2462845011,62.8031037827
412,2011-05-18 - 2011-05-25,413,2011-05-21 - 2011-05-28,1,2482,807,82.5616524977,61.1645813282
413,2011-05-21 - 2011-05-28,414,2011-05-24 - 2011-05-31,1,2355,765,83.1315808323,62.315270936
414,2011-05-24 - 2011-05-31,415,2011-05-27 - 2011-06-03,1,2316,766,83.0391797876,61.4105793451
415,2011-05-27 - 2011-06-03,416,2011-05-30 - 2011-06-06,1,2116,743,84.9115801483,63.4350393701
416,2011-05-30 - 2011-06-06,417,2011-06-02 - 2011-06-09,1,2387,787,83.1497952845,61.6097560976
417,2011-06-02 - 2011-06-09,418,2011-06-05 - 2011-06-12,1,2199,774,84.1238899718,62.4636275461
418,2011-06-05 - 2011-06-12,419,2011-06-08 - 2011-06-15,1,2090,733,85.1699425247,64.4519883608
419,2011-06-08 - 2011-06-15,420,2011-06-11 - 2011-06-18,1,2160,765,85.4760623991,64.135021097
420,2011-06-11 - 2011-06-18,421,2011-06-14 - 2011-06-21,1,2779,840,81.7543168538,60.396039604
421,2011-06-14 - 2011-06-21,422,2011-06-17 - 2011-06-24,1,2660,776,81.4284716889,61.4505712866
422,2011-06-17 - 2011-06-24,423,2011-06-20 - 2011-06-27,1,2332,730,84.2464365331,63.717693837
423,2011-06-20 - 2011-06-27,424,2011-06-23 - 2011-06-30,1,2879,805,80.6427754992,59.8703888335
424,2011-06-23 - 2011-06-30,425,2011-06-26 - 2011-07-03,1,2269,695,84.61381976,64.8279352227
425,2011-06-26 - 2011-07-03,426,2011-06-29 - 2011-07-06,1,2329,735,85.1854207748,64.1463414634
426,2011-06-29 - 2011-07-06,427,2011-07-02 - 2011-07-09,1,2621,785,83.5374662396,62.6368396002
427,2011-07-02 - 2011-07-09,428,2011-07-05 - 2011-07-12,1,2842,825,82.1100339922,60.3555982701
428,2011-07-05 - 2011-07-12,429,2011-07-08 - 2011-07-15,1,2756,798,81.4360770578,59.1397849462
429,2011-07-08 - 2011-07-15,430,2011-07-11 - 2011-07-18,1,1918,671,86.7724137931,64.795383001
430,2011-07-11 - 2011-07-18,431,2011-07-14 - 2011-07-21,1,2540,764,82.7901619351,60.8405945669
431,2011-07-14 - 2011-07-21,432,2011-07-17 - 2011-07-24,1,2383,733,83.7869097836,62.5447112928
432,2011-07-17 - 2011-07-24,433,2011-07-20 - 2011-07-27,1,2340,754,84.5279026713,62.8937007874
433,2011-07-20 - 2011-07-27,434,2011-07-23 - 2011-07-30,1,2523,754,83.7728325187,63.18359375
434,2011-07-23 - 2011-07-30,435,2011-07-26 - 2011-08-02,1,2539,795,83.7451984635,61.612747465
435,2011-07-26 - 2011-08-02,436,2011-07-29 - 2011-08-05,1,2387,754,85.2599728294,63.6275928606
436,2011-07-29 - 2011-08-05,437,2011-08-01 - 2011-08-08,1,2581,807,84.5412074748,61.8800188947
437,2011-08-01 - 2011-08-08,438,2011-08-04 - 2011-08-11,1,2746,813,83.4817131858,60.7625482625
438,2011-08-04 - 2011-08-11,439,2011-08-07 - 2011-08-14,1,2461,738,85.4438989768,63.96484375
439,2011-08-07 - 2011-08-14,440,2011-08-10 - 2011-08-17,1,2727,773,84.213268496,62.0333988212
440,2011-08-10 - 2011-08-17,441,2011-08-13 - 2011-08-20,1,2761,791,82.6111600957,60.7833415964
441,2011-08-13 - 2011-08-20,442,2011-08-16 - 2011-08-23,1,2229,697,85.3672946892,64.9043303122
442,2011-08-16 - 2011-08-23,443,2011-08-19 - 2011-08-26,1,2318,708,85.0634705844,64.8286140089
443,2011-08-19 - 2011-08-26,444,2011-08-22 - 2011-08-29,1,2594,768,83.8741763024,63.9605818864
444,2011-08-22 - 2011-08-29,445,2011-08-25 - 2011-09-01,1,2887,824,82.7146449527,61.0769957487
445,2011-08-25 - 2011-09-01,446,2011-08-28 - 2011-09-04,1,2278,729,86.7442537096,65.6132075472
446,2011-08-28 - 2011-09-04,447,2011-08-31 - 2011-09-07,1,2883,826,84.1984105234,62.2658748287
447,2011-08-31 - 2011-09-07,448,2011-09-03 - 2011-09-10,1,2596,817,85.2164009112,62.3675725472
448,2011-09-03 - 2011-09-10,449,2011-09-06 - 2011-09-13,1,2441,740,86.5279540814,66.1636945588
449,2011-09-06 - 2011-09-13,450,2011-09-09 - 2011-09-16,1,2856,828,84.1430237077,62.5847266155
450,2011-09-09 - 2011-09-16,451,2011-09-12 - 2011-09-19,1,2568,806,85.7301622583,63.9534883721
451,2011-09-12 - 2011-09-19,452,2011-09-15 - 2011-09-22,1,2997,875,82.7222414389,60.9375
452,2011-09-15 - 2011-09-22,453,2011-09-18 - 2011-09-25,1,2429,814,85.206163591,63.8864241349
453,2011-09-18 - 2011-09-25,454,2011-09-21 - 2011-09-28,1,2759,833,84.0030150171,63.4809294169
454,2011-09-21 - 2011-09-28,455,2011-09-24 - 2011-10-01,1,2655,876,85.0355089618,61.9295958279
455,2011-09-24 - 2011-10-01,456,2011-09-27 - 2011-10-04,1,2654,800,85.2260075707,65.3379549393
456,2011-09-27 - 2011-10-04,457,2011-09-30 - 2011-10-07,1,2643,857,85.4652441707,64.3065389421
457,2011-09-30 - 2011-10-07,458,2011-10-03 - 2011-10-10,1,2619,885,87.2721971133,65.5239579275
458,2011-10-03 - 2011-10-10,459,2011-10-06 - 2011-10-13,1,3307,992,84.0986680771,62.1951219512
459,2011-10-06 - 2011-10-13,460,2011-10-09 - 2011-10-16,1,3372,1012,84.6741205345,63.1195335277
460,2011-10-09 - 2011-10-16,461,2011-10-12 - 2011-10-19,1,4645,1153,77.5202051977,56.4741411854
461,2011-10-12 - 2011-10-19,462,2011-10-15 - 2011-10-22,1,3447,1017,80.0405327157,57.625
462,2011-10-15 - 2011-10-22,463,2011-10-18 - 2011-10-25,1,2483,840,84.2927631579,62.4329159213
463,2011-10-18 - 2011-10-25,464,2011-10-21 - 2011-10-28,1,2876,879,81.6253513928,59.4744121715
464,2011-10-21 - 2011-10-28,465,2011-10-24 - 2011-10-31,1,2373,758,84.1185918886,64.0758293839
465,2011-10-24 - 2011-10-31,466,2011-10-27 - 2011-11-03,1,2729,849,81.5595648355,59.8771266541
466,2011-10-27 - 2011-11-03,467,2011-10-30 - 2011-11-06,1,2365,744,84.2238676539,64.3336529243
467,2011-10-30 - 2011-11-06,468,2011-11-02 - 2011-11-09,1,2387,715,85.2005704011,66.7132216015
468,2011-11-02 - 2011-11-09,469,2011-11-05 - 2011-11-12,1,2679,767,84.0687440533,65.2784065188
469,2011-11-05 - 2011-11-12,470,2011-11-08 - 2011-11-15,1,2812,829,83.7644341801,63.7674825175
470,2011-11-08 - 2011-11-15,471,2011-11-11 - 2011-11-18,1,2941,862,84.5104545215,63.1151048353
471,2011-11-11 - 2011-11-18,472,2011-11-14 - 2011-11-21,1,3206,871,83.0379345008,62.5537403267
472,2011-11-14 - 2011-11-21,473,2011-11-17 - 2011-11-24,1,3148,896,81.4255369365,59.9105145414
473,2011-11-17 - 2011-11-24,474,2011-11-20 - 2011-11-27,1,2445,768,84.503739384,63.807728558
474,2011-11-20 - 2011-11-27,475,2011-11-23 - 2011-11-30,1,2501,764,83.5395550875,63.145200193
475,2011-11-23 - 2011-11-30,476,2011-11-26 - 2011-12-03,1,2531,755,82.4759399017,63.2066276803
476,2011-11-26 - 2011-12-03,477,2011-11-29 - 2011-12-06,1,2015,699,85.9933268455,65.7184894556
477,2011-11-29 - 2011-12-06,478,2011-12-02 - 2011-12-09,1,2622,778,82.1547675764,62.3062015504
478,2011-12-02 - 2011-12-09,479,2011-12-05 - 2011-12-12,1,2134,706,84.3145902242,64.593781344
479,2011-12-05 - 2011-12-12,480,2011-12-08 - 2011-12-15,1,2199,730,84.3809929683,63.7717121588
480,2011-12-08 - 2011-12-15,481,2011-12-11 - 2011-12-18,1,2043,711,86.7801216514,66.4780763791
481,2011-12-11 - 2011-12-18,482,2011-12-14 - 2011-12-21,1,2929,849,81.4842910424,60.2714085166
482,2011-12-14 - 2011-12-21,483,2011-12-17 - 2011-12-24,1,2568,794,82.4254037777,61.4188532556
483,2011-12-17 - 2011-12-24,484,2011-12-20 - 2011-12-27,1,2428,783,81.8440140582,59.9897802759
484,2011-12-20 - 2011-12-27,485,2011-12-23 - 2011-12-30,1,2200,733,79.6296296296,59.7031335899
485,2011-12-23 - 2011-12-30,486,2011-12-26 - 2012-01-02,1,1530,596,86.5848312144,67.4316939891
486,2011-12-26 - 2012-01-02,487,2011-12-29 - 2012-01-05,1,1841,647,85.5528525465,66.2669447341
487,2011-12-29 - 2012-01-05,488,2012-01-01 - 2012-01-08,1,2070,702,85.2868007676,65.2130822597
488,2012-01-01 - 2012-01-08,489,2012-01-04 - 2012-01-11,1,1817,686,88.8356374808,67.9588977113
489,2012-01-04 - 2012-01-11,490,2012-01-07 - 2012-01-14,1,2581,802,85.7843137255,65.3264159101
490,2012-01-07 - 2012-01-14,491,2012-01-10 - 2012-01-17,1,2864,885,84.0915402988,62.3724489796
491,2012-01-10 - 2012-01-17,492,2012-01-13 - 2012-01-20,1,2642,856,84.5722627737,62.7987831378
492,2012-01-13 - 2012-01-20,493,2012-01-16 - 2012-01-23,1,2475,794,86.3403057564,65.6277056277
493,2012-01-16 - 2012-01-23,494,2012-01-19 - 2012-01-26,1,2801,831,84.6495314298,63.711790393
494,2012-01-19 - 2012-01-26,495,2012-01-22 - 2012-01-29,1,2727,805,84.7389333483,64.7548161121
495,2012-01-22 - 2012-01-29,496,2012-01-25 - 2012-02-01,1,2763,852,84.0261316991,62.9726205997
496,2012-01-25 - 2012-02-01,497,2012-01-28 - 2012-02-04,1,2864,859,82.1857311688,61.4798206278
497,2012-01-28 - 2012-02-04,498,2012-01-31 - 2012-02-07,1,2162,715,86.1009321761,66.7441860465
498,2012-01-31 - 2012-02-07,499,2012-02-03 - 2012-02-10,1,2497,766,84.2440686522,65.0387950707
499,2012-02-03 - 2012-02-10,500,2012-02-06 - 2012-02-13,1,2325,769,85.7388210759,65.7308377897
500,2012-02-06 - 2012-02-13,501,2012-02-09 - 2012-02-16,1,2529,828,84.6494688923,63.9529821506
501,2012-02-09 - 2012-02-16,502,2012-02-12 - 2012-02-19,1,2646,819,84.8035837354,64.1261498029
502,2012-02-12 - 2012-02-19,503,2012-02-15 - 2012-02-22,1,2536,794,84.9869760834,64.6009808292
503,2012-02-15 - 2012-02-22,504,2012-02-18 - 2012-02-25,1,2660,883,84.4907002507,61.4410480349
504,2012-02-18 - 2012-02-25,505,2012-02-21 - 2012-02-28,1,2493,768,85.4864062409,65.7295850067
505,2012-02-21 - 2012-02-28,506,2012-02-24 - 2012-03-02,1,2466,798,85.2978000358,64.5805592543
506,2012-02-24 - 2012-03-02,507,2012-02-27 - 2012-03-05,1,2488,789,85.188712942,64.4594594595
507,2012-02-27 - 2012-03-05,508,2012-03-01 - 2012-03-08,1,2717,786,84.0120042368,64.369900272
508,2012-03-01 - 2012-03-08,509,2012-03-04 - 2012-03-11,1,2541,767,84.5822462229,64.7680293983
509,2012-03-04 - 2012-03-11,510,2012-03-07 - 2012-03-14,1,2681,789,82.9604677768,63.2681564246
510,2012-03-07 - 2012-03-14,511,2012-03-10 - 2012-03-17,1,2447,766,84.2636655949,64.2723880597
511,2012-03-10 - 2012-03-17,512,2012-03-13 - 2012-03-20,1,2347,749,85.3275818955,64.6531382728
512,2012-03-13 - 2012-03-20,513,2012-03-16 - 2012-03-23,1,2498,766,85.0723078762,63.7482252721
513,2012-03-16 - 2012-03-23,514,2012-03-19 - 2012-03-26,1,2547,795,85.3283410138,62.8330995792
514,2012-03-19 - 2012-03-26,515,2012-03-22 - 2012-03-29,1,2550,758,85.0360894314,63.8186157518
515,2012-03-22 - 2012-03-29,516,2012-03-25 - 2012-04-01,1,2716,762,84.176182708,64.5746164575
516,2012-03-25 - 2012-04-01,517,2012-03-28 - 2012-04-04,1,2454,734,86.1222643217,66.8921966622
517,2012-03-28 - 2012-04-04,518,2012-03-31 - 2012-04-07,1,3443,931,79.9218567763,59.1666666667
518,2012-03-31 - 2012-04-07,519,2012-04-03 - 2012-04-10,1,3390,950,77.139389035,56.0592044403
519,2012-04-03 - 2012-04-10,520,2012-04-06 - 2012-04-13,1,2360,765,81.3997477932,60.6885919836
520,2012-04-06 - 2012-04-13,521,2012-04-09 - 2012-04-16,1,2126,726,84.4533820841,63.6818409205
521,2012-04-09 - 2012-04-16,522,2012-04-12 - 2012-04-19,1,2514,786,83.4004621987,62.2478386167
522,2012-04-12 - 2012-04-19,523,2012-04-15 - 2012-04-22,1,2373,792,84.5144870791,62.5885687293
523,2012-04-15 - 2012-04-22,524,2012-04-18 - 2012-04-25,1,2255,756,85.9466533716,63.3720930233
524,2012-04-18 - 2012-04-25,525,2012-04-21 - 2012-04-28,1,2737,800,82.9022988506,60.5522682446
525,2012-04-21 - 2012-04-28,526,2012-04-24 - 2012-05-01,1,2578,773,82.148050689,60.2161605764
526,2012-04-24 - 2012-05-01,527,2012-04-27 - 2012-05-04,1,2637,805,78.2012069108,56.4629529475
527,2012-04-27 - 2012-05-04,528,2012-04-30 - 2012-05-07,1,1710,630,83.8006820765,62.6556016598
528,2012-04-30 - 2012-05-07,529,2012-05-03 - 2012-05-10,1,1757,607,84.271775132,64.75029036
529,2012-05-03 - 2012-05-10,530,2012-05-06 - 2012-05-13,1,2051,688,82.9410296931,61.4133482894
530,2012-05-06 - 2012-05-13,531,2012-05-09 - 2012-05-16,1,1862,639,85.1633466135,63.9390519187
531,2012-05-09 - 2012-05-16,532,2012-05-12 - 2012-05-19,1,1796,651,86.9400814427,64.3092105263
532,2012-05-12 - 2012-05-19,533,2012-05-15 - 2012-05-22,1,2278,695,84.421801272,62.8937533369
533,2012-05-15 - 2012-05-22,534,2012-05-18 - 2012-05-25,1,2229,691,82.7730118247,61.1142374789
534,2012-05-18 - 2012-05-25,535,2012-05-21 - 2012-05-28,1,1852,606,84.6064333804,64.1207815275
535,2012-05-21 - 2012-05-28,536,2012-05-24 - 2012-05-31,1,1612,591,86.9505383308,65.8183921342
536,2012-05-24 - 2012-05-31,537,2012-05-27 - 2012-06-03,1,1797,681,86.7331118494,63.6217948718
537,2012-05-27 - 2012-06-03,538,2012-05-30 - 2012-06-06,1,2532,779,80.3720930233,58.6298459904
538,2012-05-30 - 2012-06-06,539,2012-06-02 - 2012-06-09,1,2144,711,81.961972068,60.5657237937
539,2012-06-02 - 2012-06-09,540,2012-06-05 - 2012-06-12,1,1862,643,85.0309510411,63.7746478873
540,2012-06-05 - 2012-06-12,541,2012-06-08 - 2012-06-15,1,2241,712,82.0877627688,59.4763801935
541,2012-06-08 - 2012-06-15,542,2012-06-11 - 2012-06-18,1,1635,617,86.1675126904,63.7485311398
542,2012-06-11 - 2012-06-18,543,2012-06-14 - 2012-06-21,1,1874,613,84.5034317374,64.7295742232
543,2012-06-14 - 2012-06-21,544,2012-06-17 - 2012-06-24,1,2034,650,82.6020015396,62.6651349799
544,2012-06-17 - 2012-06-24,545,2012-06-20 - 2012-06-27,1,2094,676,80.4737038419,60.6748109366
545,2012-06-20 - 2012-06-27,546,2012-06-23 - 2012-06-30,1,1888,665,82.4747052817,61.1565420561
546,2012-06-23 - 2012-06-30,547,2012-06-26 - 2012-07-03,1,1802,604,83.674578728,64.2391947898
547,2012-06-26 - 2012-07-03,548,2012-06-29 - 2012-07-06,1,2289,677,78.5934723651,60.1530311948
548,2012-06-29 - 2012-07-06,549,2012-07-02 - 2012-07-09,1,1784,600,81.6875384931,63.6143117041
549,2012-07-02 - 2012-07-09,550,2012-07-05 - 2012-07-12,1,1876,645,81.0179095416,60.0866336634
550,2012-07-05 - 2012-07-12,551,2012-07-08 - 2012-07-15,1,1713,568,83.210820347,63.6130685458
551,2012-07-08 - 2012-07-15,552,2012-07-11 - 2012-07-18,1,1886,614,81.27296197,60.8168474793
552,2012-07-11 - 2012-07-18,553,2012-07-14 - 2012-07-21,1,1816,596,82.1523341523,61.965539247
553,2012-07-14 - 2012-07-21,554,2012-07-17 - 2012-07-24,1,1842,603,82.2149271024,61.6168045831
554,2012-07-17 - 2012-07-24,555,2012-07-20 - 2012-07-27,1,1726,581,83.2231726283,61.5486432826
555,2012-07-20 - 2012-07-27,556,2012-07-23 - 2012-07-30,1,1720,525,82.6700251889,64.0657084189
556,2012-07-23 - 2012-07-30,557,2012-07-26 - 2012-08-02,1,1533,500,84.3315617334,64.8876404494
557,2012-07-26 - 2012-08-02,558,2012-07-29 - 2012-08-05,1,1590,531,83.7206921265,64.6941489362
558,2012-07-29 - 2012-08-05,559,2012-08-01 - 2012-08-08,1,1705,566,84.8079836051,63.3656957929
559,2012-08-01 - 2012-08-08,560,2012-08-04 - 2012-08-11,1,2390,643,78.9074221163,58.5428755642
560,2012-08-04 - 2012-08-11,561,2012-08-07 - 2012-08-14,1,1572,529,84.7348999806,64.1112618725
561,2012-08-07 - 2012-08-14,562,2012-08-10 - 2012-08-17,1,1650,554,84.0240123935,63.1403858949
562,2012-08-10 - 2012-08-17,563,2012-08-13 - 2012-08-20,1,1445,493,86.8958012152,67.0674682699
563,2012-08-13 - 2012-08-20,564,2012-08-16 - 2012-08-23,1,1767,548,83.7711241734,63.0478759272
564,2012-08-16 - 2012-08-23,565,2012-08-19 - 2012-08-26,1,1612,536,85.3853127833,64.5502645503
565,2012-08-19 - 2012-08-26,566,2012-08-22 - 2012-08-29,1,1707,574,85.0564650267,63.3461047254
566,2012-08-22 - 2012-08-29,567,2012-08-25 - 2012-09-01,1,1886,570,84.1472640161,63.7173774666
567,2012-08-25 - 2012-09-01,568,2012-08-28 - 2012-09-04,1,1744,592,85.4326762446,62.860727729
568,2012-08-28 - 2012-09-04,569,2012-08-31 - 2012-09-07,1,1792,544,86.0955927995,65.8505963591
569,2012-08-31 - 2012-09-07,570,2012-09-03 - 2012-09-10,1,2113,582,83.9291146943,65.2329749104
570,2012-09-03 - 2012-09-10,571,2012-09-06 - 2012-09-13,1,1993,651,84.2363363126,61.4792899408
571,2012-09-06 - 2012-09-13,572,2012-09-09 - 2012-09-16,1,1859,592,84.447419058,63.252638113
572,2012-09-09 - 2012-09-16,573,2012-09-12 - 2012-09-19,1,1828,558,85.1839844383,65.3416149068
573,2012-09-12 - 2012-09-19,574,2012-09-15 - 2012-09-22,1,1891,576,85.5692918193,65.1753325272
574,2012-09-15 - 2012-09-22,575,2012-09-18 - 2012-09-25,1,1673,555,87.7030503491,67.0623145401
575,2012-09-18 - 2012-09-25,576,2012-09-21 - 2012-09-28,1,2127,612,84.2011438758,63.808397398
576,2012-09-21 - 2012-09-28,577,2012-09-24 - 2012-10-01,1,1809,605,86.0835448881,64.8051192554
577,2012-09-24 - 2012-10-01,578,2012-09-27 - 2012-10-04,1,2068,625,85.4006353689,64.2243846594
578,2012-09-27 - 2012-10-04,579,2012-09-30 - 2012-10-07,1,2158,635,85.41004665,64.1445511011
579,2012-09-30 - 2012-10-07,580,2012-10-03 - 2012-10-10,1,2480,665,82.5081111581,61.6050808314
580,2012-10-03 - 2012-10-10,581,2012-10-06 - 2012-10-13,1,1950,615,84.7393958366,63.6524822695
581,2012-10-06 - 2012-10-13,582,2012-10-09 - 2012-10-16,1,1981,612,84.4297728523,64.2523364486
582,2012-10-09 - 2012-10-16,583,2012-10-12 - 2012-10-19,1,1945,601,83.2688172043,63.6198547215
583,2012-10-12 - 2012-10-19,584,2012-10-15 - 2012-10-22,1,1723,541,85.8259295821,67.8167757287
584,2012-10-15 - 2012-10-22,585,2012-10-18 - 2012-10-25,1,2245,656,81.8615173305,61.4571092832
585,2012-10-18 - 2012-10-25,586,2012-10-21 - 2012-10-28,1,1705,570,86.9288561791,66.0107334526
586,2012-10-21 - 2012-10-28,587,2012-10-24 - 2012-10-31,1,1798,564,86.8596068114,66.9402110199
587,2012-10-24 - 2012-10-31,588,2012-10-27 - 2012-11-03,1,2059,613,87.107883038,67.4973488865
588,2012-10-27 - 2012-11-03,589,2012-10-30 - 2012-11-06,1,2032,636,88.5482416592,67.7484787018
589,2012-10-30 - 2012-11-06,590,2012-11-02 - 2012-11-09,1,3037,810,84.2176375825,60.4298974108
590,2012-11-02 - 2012-11-09,591,2012-11-05 - 2012-11-12,1,2556,707,85.0447604002,63.8178096213
591,2012-11-05 - 2012-11-12,592,2012-11-08 - 2012-11-15,1,2426,703,85.7302511617,63.8560411311
592,2012-11-08 - 2012-11-15,593,2012-11-11 - 2012-11-18,1,2338,651,86.5955739021,66.0760812923
593,2012-11-11 - 2012-11-18,594,2012-11-14 - 2012-11-21,1,2648,676,84.6555021151,64.8831168831
594,2012-11-14 - 2012-11-21,595,2012-11-17 - 2012-11-24,1,2658,683,83.2609106367,64.4270833333
595,2012-11-17 - 2012-11-24,596,2012-11-20 - 2012-11-27,1,2180,676,85.6437273625,64.2894875858
596,2012-11-20 - 2012-11-27,597,2012-11-23 - 2012-11-30,1,2325,684,84.8534201954,63.2258064516
597,2012-11-23 - 2012-11-30,598,2012-11-26 - 2012-12-03,1,1849,631,87.8475188958,66.5074309979
598,2012-11-26 - 2012-12-03,599,2012-11-29 - 2012-12-06,1,2124,687,86.5926019442,64.367219917
599,2012-11-29 - 2012-12-06,600,2012-12-02 - 2012-12-09,1,2340,753,85.3438556933,62.1227364185
600,2012-12-02 - 2012-12-09,601,2012-12-05 - 2012-12-12,1,2674,771,82.697036366,60.0311041991
601,2012-12-05 - 2012-12-12,602,2012-12-08 - 2012-12-15,1,2275,678,84.7744612502,63.3116883117
602,2012-12-08 - 2012-12-15,603,2012-12-11 - 2012-12-18,1,2224,679,86.3054187192,64.1499472017
603,2012-12-11 - 2012-12-18,604,2012-12-14 - 2012-12-21,1,2570,717,84.4853607003,62.2034791776
604,2012-12-14 - 2012-12-21,605,2012-12-17 - 2012-12-24,1,2634,702,81.4924114671,60.782122905
605,2012-12-17 - 2012-12-24,606,2012-12-20 - 2012-12-27,1,2495,658,80.5972470643,61.3849765258
606,2012-12-20 - 2012-12-27,607,2012-12-23 - 2012-12-30,1,2415,640,77.4404483886,59.723096287
607,2012-12-23 - 2012-12-30,608,2012-12-26 - 2013-01-02,1,1528,555,85.2907200616,64.1704325371
608,2012-12-26 - 2013-01-02,609,2012-12-29 - 2013-01-05,1,1733,553,84.5018780182,64.0675763483
609,2012-12-29 - 2013-01-05,610,2013-01-01 - 2013-01-08,1,1772,538,85.9208644526,66.7285095857
610,2013-01-01 - 2013-01-08,611,2013-01-04 - 2013-01-11,1,1817,551,87.1198695683,67.025733094
611,2013-01-04 - 2013-01-11,612,2013-01-07 - 2013-01-14,1,2130,582,85.6352845967,66.1824520628
612,2013-01-07 - 2013-01-14,613,2013-01-10 - 2013-01-17,1,2463,643,82.9538376358,63.5900339751
613,2013-01-10 - 2013-01-17,614,2013-01-13 - 2013-01-20,1,1926,549,85.9097227303,68.2842287695
614,2013-01-13 - 2013-01-20,615,2013-01-16 - 2013-01-23,1,2195,615,84.7728061048,65.3716216216
615,2013-01-16 - 2013-01-23,616,2013-01-19 - 2013-01-26,1,2253,631,84.5048143054,64.9249583102
616,2013-01-19 - 2013-01-26,617,2013-01-22 - 2013-01-29,1,1796,560,87.8648648649,68.3615819209
617,2013-01-22 - 2013-01-29,618,2013-01-25 - 2013-02-01,1,2180,612,86.2651209677,66.7571971754
618,2013-01-25 - 2013-02-01,619,2013-01-28 - 2013-02-04,1,2325,620,86.1894861895,67.2995780591
619,2013-01-28 - 2013-02-04,620,2013-01-31 - 2013-02-07,1,2424,677,85.3967106452,64.5364064955
620,2013-01-31 - 2013-02-07,621,2013-02-03 - 2013-02-10,1,2516,666,84.1161616162,65.2944241793
621,2013-02-03 - 2013-02-10,622,2013-02-06 - 2013-02-13,1,2190,684,86.0704744943,64.2072213501
622,2013-02-06 - 2013-02-13,623,2013-02-09 - 2013-02-16,1,2353,654,85.436652844,65.597054182
623,2013-02-09 - 2013-02-16,624,2013-02-12 - 2013-02-19,1,2714,707,82.2440300949,62.5132555673
624,2013-02-12 - 2013-02-19,625,2013-02-15 - 2013-02-22,1,2174,673,84.6208262592,63.443780554
625,2013-02-15 - 2013-02-22,626,2013-02-18 - 2013-02-25,1,1987,607,86.4331558105,66.5564738292
626,2013-02-18 - 2013-02-25,627,2013-02-21 - 2013-02-28,1,2299,662,84.8210748713,63.864628821
627,2013-02-21 - 2013-02-28,628,2013-02-24 - 2013-03-03,1,2306,644,83.7811225207,63.7591446258
628,2013-02-24 - 2013-03-03,629,2013-02-27 - 2013-03-06,1,2165,618,84.2545454545,64.7863247863
629,2013-02-27 - 2013-03-06,630,2013-03-02 - 2013-03-09,1,1928,606,85.5688622754,65.1323360184
630,2013-03-02 - 2013-03-09,631,2013-03-05 - 2013-03-12,1,2187,623,84.4651228868,64.841986456
631,2013-03-05 - 2013-03-12,632,2013-03-08 - 2013-03-15,1,2240,613,84.0523992596,65.3280542986
632,2013-03-08 - 2013-03-15,633,2013-03-11 - 2013-03-18,1,2282,588,84.0240828899,66.2068965517
633,2013-03-11 - 2013-03-18,634,2013-03-14 - 2013-03-21,1,2271,628,83.3748169839,64.0526617058
634,2013-03-14 - 2013-03-21,635,2013-03-17 - 2013-03-24,1,2114,619,83.3451508706,63.4592680047
635,2013-03-17 - 2013-03-24,636,2013-03-20 - 2013-03-27,1,2130,604,82.8350390845,63.8539796529
636,2013-03-20 - 2013-03-27,637,2013-03-23 - 2013-03-30,1,2018,608,83.6533009316,63.981042654
637,2013-03-23 - 2013-03-30,638,2013-03-26 - 2013-04-02,1,2124,626,82.2363469098,61.8757612667
638,2013-03-26 - 2013-04-02,639,2013-03-29 - 2013-04-05,1,2204,618,78.0543662252,59.5284872299
639,2013-03-29 - 2013-04-05,640,2013-04-01 - 2013-04-08,1,1399,496,85.819987837,67.1305500331
640,2013-04-01 - 2013-04-08,641,2013-04-04 - 2013-04-11,1,1428,532,88.1405198904,67.3218673219
641,2013-04-04 - 2013-04-11,642,2013-04-07 - 2013-04-14,1,1847,630,87.1727203278,65.3655854865
642,2013-04-07 - 2013-04-14,643,2013-04-10 - 2013-04-17,1,2195,661,85.5867095673,63.5209713024
643,2013-04-10 - 2013-04-17,644,2013-04-13 - 2013-04-20,1,2398,687,83.4689094168,60.9880749574
644,2013-04-13 - 2013-04-20,645,2013-04-16 - 2013-04-23,1,2035,620,84.443085391,63.4649381261
645,2013-04-16 - 2013-04-23,646,2013-04-19 - 2013-04-26,1,2007,626,84.5982656742,62.8045157457
646,2013-04-19 - 2013-04-26,647,2013-04-22 - 2013-04-29,1,1963,577,84.399586744,64.1169154229
647,2013-04-22 - 2013-04-29,648,2013-04-25 - 2013-05-02,1,2291,607,82.649197213,62.5770653514
648,2013-04-25 - 2013-05-02,649,2013-04-28 - 2013-05-05,1,2240,611,81.6603897167,62.629969419
649,2013-04-28 - 2013-05-05,650,2013-05-01 - 2013-05-08,1,1815,576,84.8951398136,64.6408839779
650,2013-05-01 - 2013-05-08,651,2013-05-04 - 2013-05-11,1,2022,591,84.0435606061,63.9853747715
651,2013-05-04 - 2013-05-11,652,2013-05-07 - 2013-05-14,1,2015,564,84.3701520323,64.9253731343
652,2013-05-07 - 2013-05-14,653,2013-05-10 - 2013-05-17,1,1927,587,85.0862936305,63.7877853177
653,2013-05-10 - 2013-05-17,654,2013-05-13 - 2013-05-20,1,2177,600,82.9788897576,62.9400864731
654,2013-05-13 - 2013-05-20,655,2013-05-16 - 2013-05-23,1,1990,562,84.0557647624,64.5425867508
655,2013-05-16 - 2013-05-23,656,2013-05-19 - 2013-05-26,1,1903,536,85.1975731176,67.0963781461
656,2013-05-19 - 2013-05-26,657,2013-05-22 - 2013-05-29,1,1921,574,85.4832615431,65.5462184874
657,2013-05-22 - 2013-05-29,658,2013-05-25 - 2013-06-01,1,2330,600,82.5206301575,64.1791044776
658,2013-05-25 - 2013-06-01,659,2013-05-28 - 2013-06-04,1,2020,590,83.7109910491,63.4221946683
659,2013-05-28 - 2013-06-04,660,2013-05-31 - 2013-06-07,1,2007,531,84.592353754,67.3632452366
660,2013-05-31 - 2013-06-07,661,2013-06-03 - 2013-06-10,1,1980,579,85.0102203043,65.1834034877
661,2013-06-03 - 2013-06-10,662,2013-06-06 - 2013-06-13,1,2112,584,83.4287956061,64.1717791411
662,2013-06-06 - 2013-06-13,663,2013-06-09 - 2013-06-16,1,1900,595,84.9814243933,63.4969325153
663,2013-06-09 - 2013-06-16,664,2013-06-12 - 2013-06-19,1,1790,543,86.1154204158,65.7413249211
664,2013-06-12 - 2013-06-19,665,2013-06-15 - 2013-06-22,1,2263,550,82.7908745247,65.4522613065
665,2013-06-15 - 2013-06-22,666,2013-06-18 - 2013-06-25,1,2066,535,84.2494472822,65.7490396927
666,2013-06-18 - 2013-06-25,667,2013-06-21 - 2013-06-28,1,1820,529,86.6842259292,66.3486005089
667,2013-06-21 - 2013-06-28,668,2013-06-24 - 2013-07-01,1,2110,604,84.9124061494,62.5310173697
668,2013-06-24 - 2013-07-01,669,2013-06-27 - 2013-07-04,1,3262,743,68.0728198101,48.4385843164
669,2013-06-27 - 2013-07-04,670,2013-06-30 - 2013-07-06,1,3065,742,41.4181957187,33.2133213321
670,2013-06-30 - 2013-07-06,671,2013-07-03 - 2013-07-06,1,1583,505,9.69766115231,9.82142857143
